"token","tag","lemma","lttr","wclass","desc","stop","stem"
"RealMassive","JJ","<unknown>",11,"adjective","Adjective",NA,NA
"s","NN","S",1,"noun","Noun, singular or mass",NA,NA
"Commercial","NP","Commercial",10,"name","Proper noun, singular",NA,NA
"Real","NP","Real",4,"name","Proper noun, singular",NA,NA
"Estate","NP","Estate",6,"name","Proper noun, singular",NA,NA
"API","NP","API",3,"name","Proper noun, singular",NA,NA
"�","NP","<unknown>",1,"name","Proper noun, singular",NA,NA
"Commercial","NP","Commercial",10,"name","Proper noun, singular",NA,NA
"Real","NP","Real",4,"name","Proper noun, singular",NA,NA
"Estate","NP","Estate",6,"name","Proper noun, singular",NA,NA
"in","IN","in",2,"preposition","Preposition or subordinating conjunction",NA,NA
"Real","NP","Real",4,"name","Proper noun, singular",NA,NA
"Time","NP","Time",4,"name","Proper noun, singular",NA,NA
"RealMassive","NP","<unknown>",11,"name","Proper noun, singular",NA,NA
"API","NP","API",3,"name","Proper noun, singular",NA,NA
"Documentation","NP","<unknown>",13,"name","Proper noun, singular",NA,NA
"Examples","NNS","example",8,"noun","Noun, plural",NA,NA
"below","IN","below",5,"preposition","Preposition or subordinating conjunction",NA,NA
"RealMassive","JJ","<unknown>",11,"adjective","Adjective",NA,NA
"s","NN","S",1,"noun","Noun, singular or mass",NA,NA
"Website","NN","website",7,"noun","Noun, singular or mass",NA,NA
