"token","tag","lemma","lttr","wclass","desc","stop","stem"
"This","DT","this",4,"determiner","Determiner",NA,NA
"is","VBZ","be",2,"verb","Verb, 3rd person singular present of ""to be""",NA,NA
"an","DT","an",2,"determiner","Determiner",NA,NA
"example","NN","example",7,"noun","Noun, singular or mass",NA,NA
"of","IN","of",2,"preposition","Preposition or subordinating conjunction",NA,NA
"a","DT","a",1,"determiner","Determiner",NA,NA
"View","NP","View",4,"name","Proper noun, singular",NA,NA
"Controller","NP","<unknown>",10,"name","Proper noun, singular",NA,NA
"containing","VVG","contain",10,"verb","Verb, gerund or present participle",NA,NA
"a","DT","a",1,"determiner","Determiner",NA,NA
"full","JJ","full",4,"adjective","Adjective",NA,NA
"screen","NN","screen",6,"noun","Noun, singular or mass",NA,NA
"UITableView","NN","<unknown>",11,"noun","Noun, singular or mass",NA,NA
"with","IN","with",4,"preposition","Preposition or subordinating conjunction",NA,NA
"an","DT","an",2,"determiner","Determiner",NA,NA
"underlying","VVG","underlie",10,"verb","Verb, gerund or present participle",NA,NA
"UIMapView","NP","<unknown>",9,"name","Proper noun, singular",NA,NA
".","SENT",".",1,"fullstop","Sentence ending punctuation",NA,NA
"UITableView","NN","<unknown>",11,"noun","Noun, singular or mass",NA,NA
"scrolls","NNS","scroll",7,"noun","Noun, plural",NA,NA
"on","IN","on",2,"preposition","Preposition or subordinating conjunction",NA,NA
"top","NN","top",3,"noun","Noun, singular or mass",NA,NA
"of","IN","of",2,"preposition","Preposition or subordinating conjunction",NA,NA
"the","DT","the",3,"determiner","Determiner",NA,NA
"UIMapView","NP","<unknown>",9,"name","Proper noun, singular",NA,NA
"to","TO","to",2,"to","to",NA,NA
"maximize","VV","maximize",8,"verb","Verb, base form",NA,NA
"real","JJ","real",4,"adjective","Adjective",NA,NA
"estate","NN","estate",6,"noun","Noun, singular or mass",NA,NA
".","SENT",".",1,"fullstop","Sentence ending punctuation",NA,NA
