"token","tag","lemma","lttr","wclass","desc","stop","stem"
"Realia","NP","<unknown>",6,"name","Proper noun, singular",NA,NA
"Bootstrap","NP","<unknown>",9,"name","Proper noun, singular",NA,NA
"Starter","NP","<unknown>",7,"name","Proper noun, singular",NA,NA
"Theme","NP","<unknown>",5,"name","Proper noun, singular",NA,NA
"Starter","NP","<unknown>",7,"name","Proper noun, singular",NA,NA
"theme","NN","theme",5,"noun","Noun, singular or mass",NA,NA
"in","IN","in",2,"preposition","Preposition or subordinating conjunction",NA,NA
"Bootstrap","NP","<unknown>",9,"name","Proper noun, singular",NA,NA
"for","IN","for",3,"preposition","Preposition or subordinating conjunction",NA,NA
"Realia","NP","<unknown>",6,"name","Proper noun, singular",NA,NA
"real","JJ","real",4,"adjective","Adjective",NA,NA
"estate","NN","estate",6,"noun","Noun, singular or mass",NA,NA
"WordPress","NN","<unknown>",9,"noun","Noun, singular or mass",NA,NA
"plugin","NN","<unknown>",6,"noun","Noun, singular or mass",NA,NA
".","SENT",".",1,"fullstop","Sentence ending punctuation",NA,NA
"Compile","VV","compile",7,"verb","Verb, base form",NA,NA
"SASS","NP","Sass",4,"name","Proper noun, singular",NA,NA
"files","NNS","file",5,"noun","Noun, plural",NA,NA
"npm","NN","<unknown>",3,"noun","Noun, singular or mass",NA,NA
"install","VVP","install",7,"verb","Verb, non-3rd person singular present",NA,NA
"gulp","NN","gulp",4,"noun","Noun, singular or mass",NA,NA
"gulp","NN","gulp",4,"noun","Noun, singular or mass",NA,NA
"sass","NN","sass",4,"noun","Noun, singular or mass",NA,NA
"gulp","NN","gulp",4,"noun","Noun, singular or mass",NA,NA
"watch","NN","watch",5,"noun","Noun, singular or mass",NA,NA
