"token","tag","lemma","lttr","wclass","desc","stop","stem"
"google","NN","<unknown>",6,"noun","Noun, singular or mass",NA,NA
"youtube","NN","<unknown>",7,"noun","Noun, singular or mass",NA,NA
"video","NN","video",5,"noun","Noun, singular or mass",NA,NA
"wall","NN","wall",4,"noun","Noun, singular or mass",NA,NA
"A","DT","a",1,"determiner","Determiner",NA,NA
"video","JJ","video",5,"adjective","Adjective",NA,NA
"wall","NN","wall",4,"noun","Noun, singular or mass",NA,NA
"with","IN","with",4,"preposition","Preposition or subordinating conjunction",NA,NA
"material","NN","material",8,"noun","Noun, singular or mass",NA,NA
"design","NN","design",6,"noun","Noun, singular or mass",NA,NA
"styling","NN","styling",7,"noun","Noun, singular or mass",NA,NA
".","SENT",".",1,"fullstop","Sentence ending punctuation",NA,NA
"It","PP","it",2,"pronoun","Personal pronoun",NA,NA
"uses","VVZ","use",4,"verb","Verb, 3rd person singular present",NA,NA
"YouTube","NP","<unknown>",7,"name","Proper noun, singular",NA,NA
"Data","NP","Data",4,"name","Proper noun, singular",NA,NA
"API","NP","API",3,"name","Proper noun, singular",NA,NA
"v","NN","v",1,"noun","Noun, singular or mass",NA,NA
"searches","VVZ","search",8,"verb","Verb, 3rd person singular present",NA,NA
"to","TO","to",2,"to","to",NA,NA
"populate","VV","populate",8,"verb","Verb, base form",NA,NA
"the","DT","the",3,"determiner","Determiner",NA,NA
"list","NN","list",4,"noun","Noun, singular or mass",NA,NA
"of","IN","of",2,"preposition","Preposition or subordinating conjunction",NA,NA
"videos","NNS","video",6,"noun","Noun, plural",NA,NA
".","SENT",".",1,"fullstop","Sentence ending punctuation",NA,NA
"See","VV","see",3,"verb","Verb, base form",NA,NA
"the","DT","the",3,"determiner","Determiner",NA,NA
"component","NN","component",9,"noun","Noun, singular or mass",NA,NA
"page","NN","page",4,"noun","Noun, singular or mass",NA,NA
"Demos","NP","Demos",5,"name","Proper noun, singular",NA,NA
"YouTube","NP","<unknown>",7,"name","Proper noun, singular",NA,NA
"Topic","NP","<unknown>",5,"name","Proper noun, singular",NA,NA
"Explorer","NP","<unknown>",8,"name","Proper noun, singular",NA,NA
"Searching","NP","Searching",9,"name","Proper noun, singular",NA,NA
"for","IN","for",3,"preposition","Preposition or subordinating conjunction",NA,NA
"Google","NP","<unknown>",6,"name","Proper noun, singular",NA,NA
"Developers","NP","Developers",10,"name","Proper noun, singular",NA,NA
"videos","NNS","video",6,"noun","Noun, plural",NA,NA
"Real","JJ","real",4,"adjective","Adjective",NA,NA
"estate","NN","estate",6,"noun","Noun, singular or mass",NA,NA
"videos","NNS","video",6,"noun","Noun, plural",NA,NA
"based","VVN","base",5,"verb","Verb, past participle",NA,NA
"on","IN","on",2,"preposition","Preposition or subordinating conjunction",NA,NA
"geolocations","NNS","<unknown>",12,"noun","Noun, plural",NA,NA
"Live","VVP","live",4,"verb","Verb, non-3rd person singular present",NA,NA
"news","NN","news",4,"noun","Noun, singular or mass",NA,NA
"broadcasts","NNS","broadcast",10,"noun","Noun, plural",NA,NA
"Basic","JJ","basic",5,"adjective","Adjective",NA,NA
"playlist","NN","<unknown>",8,"noun","Noun, singular or mass",NA,NA
"Google","NP","<unknown>",6,"name","Proper noun, singular",NA,NA
"Web","NP","Web",3,"name","Proper noun, singular",NA,NA
"Components","NPS","Components",10,"name","Proper noun, plural",NA,NA
"Used","NP","<unknown>",4,"name","Proper noun, singular",NA,NA
"google","NN","<unknown>",6,"noun","Noun, singular or mass",NA,NA
"youtube","NN","<unknown>",7,"noun","Noun, singular or mass",NA,NA
"google","NN","<unknown>",6,"noun","Noun, singular or mass",NA,NA
"map","NN","map",3,"noun","Noun, singular or mass",NA,NA
