"token","tag","lemma","lttr","wclass","desc","stop","stem"
"Real","JJ","real",4,"adjective","Adjective",NA,NA
"Estate","NP","Estate",6,"name","Proper noun, singular",NA,NA
"Empire","NP","Empire",6,"name","Proper noun, singular",NA,NA
"Application","NP","Application",11,"name","Proper noun, singular",NA,NA
"This","DT","this",4,"determiner","Determiner",NA,NA
"is","VBZ","be",2,"verb","Verb, 3rd person singular present of ""to be""",NA,NA
"an","DT","an",2,"determiner","Determiner",NA,NA
"application","NN","application",11,"noun","Noun, singular or mass",NA,NA
"that","WDT","that",4,"determiner","Wh-determiner",NA,NA
"manages","VVZ","manage",7,"verb","Verb, 3rd person singular present",NA,NA
"properties","NNS","property",10,"noun","Noun, plural",NA,NA
"within","IN","within",6,"preposition","Preposition or subordinating conjunction",NA,NA
"your","PP$","your",4,"pronoun","Possessive pronoun",NA,NA
"real","JJ","real",4,"adjective","Adjective",NA,NA
"estate","NN","estate",6,"noun","Noun, singular or mass",NA,NA
"portfolio","NN","portfolio",9,"noun","Noun, singular or mass",NA,NA
