"token","tag","lemma","lttr","wclass","desc","stop","stem"
"LOI","NP","Loi",3,"name","Proper noun, singular",NA,NA
"CARREZ","NP","<unknown>",6,"name","Proper noun, singular",NA,NA
"node","NN","node",4,"noun","Noun, singular or mass",NA,NA
".","SENT",".",1,"fullstop","Sentence ending punctuation",NA,NA
"js","NNS","<unknown>",2,"noun","Noun, plural",NA,NA
"workshop","NN","workshop",8,"noun","Noun, singular or mass",NA,NA
"based","VVN","base",5,"verb","Verb, past participle",NA,NA
"on","IN","on",2,"preposition","Preposition or subordinating conjunction",NA,NA
"real","JJ","real",4,"adjective","Adjective",NA,NA
"estate","NN","estate",6,"noun","Noun, singular or mass",NA,NA
"START","NP","Start",5,"name","Proper noun, singular",NA,NA
"doctoc","NP","<unknown>",6,"name","Proper noun, singular",NA,NA
"generated","VVD","generate",9,"verb","Verb, past tense",NA,NA
"TOC","NP","<unknown>",3,"name","Proper noun, singular",NA,NA
"please","VVP","please",6,"verb","Verb, non-3rd person singular present",NA,NA
"keep","VV","keep",4,"verb","Verb, base form",NA,NA
"comment","VV","comment",7,"verb","Verb, base form",NA,NA
"here","RB","here",4,"adverb","Adverb",NA,NA
"to","TO","to",2,"to","to",NA,NA
"allow","VV","allow",5,"verb","Verb, base form",NA,NA
"auto","NN","auto",4,"noun","Noun, singular or mass",NA,NA
"update","NN","update",6,"noun","Noun, singular or mass",NA,NA
"DON","NP","Don",3,"name","Proper noun, singular",NA,NA
"T","NN","T",1,"noun","Noun, singular or mass",NA,NA
"EDIT","NP","<unknown>",4,"name","Proper noun, singular",NA,NA
"THIS","NP","This",4,"name","Proper noun, singular",NA,NA
"SECTION","NN","section",7,"noun","Noun, singular or mass",NA,NA
",",",",",",1,"comma","Comma",NA,NA
"INSTEAD","NP","<unknown>",7,"name","Proper noun, singular",NA,NA
"RE","NP","Re",2,"name","Proper noun, singular",NA,NA
"RUN","NP","<unknown>",3,"name","Proper noun, singular",NA,NA
"doctoc","NN","<unknown>",6,"noun","Noun, singular or mass",NA,NA
"TO","TO","TO",2,"to","to",NA,NA
"UPDATE","NP","<unknown>",6,"name","Proper noun, singular",NA,NA
"Table","NP","Table",5,"name","Proper noun, singular",NA,NA
"of","IN","of",2,"preposition","Preposition or subordinating conjunction",NA,NA
"Contents","NP","<unknown>",8,"name","Proper noun, singular",NA,NA
"generated","VVD","generate",9,"verb","Verb, past tense",NA,NA
"with","IN","with",4,"preposition","Preposition or subordinating conjunction",NA,NA
"DocToc","NP","<unknown>",6,"name","Proper noun, singular",NA,NA
"Intro","NP","<unknown>",5,"name","Proper noun, singular",NA,NA
"intro","NN","intro",5,"noun","Noun, singular or mass",NA,NA
"Workshop","NN","workshop",8,"noun","Noun, singular or mass",NA,NA
"in","IN","in",2,"preposition","Preposition or subordinating conjunction",NA,NA
"sentence","NN","sentence",8,"noun","Noun, singular or mass",NA,NA
"workshop","NN","workshop",8,"noun","Noun, singular or mass",NA,NA
"in","IN","in",2,"preposition","Preposition or subordinating conjunction",NA,NA
"sentence","NN","sentence",8,"noun","Noun, singular or mass",NA,NA
"How","WRB","How",3,"adverb","Wh-adverb",NA,NA
"to","TO","to",2,"to","to",NA,NA
"do","VV","do",2,"verb","Verb, base form",NA,NA
"that","IN/that","that",4,"preposition","Preposition or subordinating conjunction",NA,NA
"how","WRB","how",3,"adverb","Wh-adverb",NA,NA
"to","TO","to",2,"to","to",NA,NA
"do","VV","do",2,"verb","Verb, base form",NA,NA
"that","IN/that","that",4,"preposition","Preposition or subordinating conjunction",NA,NA
"Stack","NP","Stack",5,"name","Proper noun, singular",NA,NA
"stack","VV","stack",5,"verb","Verb, base form",NA,NA
"Just","RB","just",4,"adverb","Adverb",NA,NA
"tell","VV","tell",4,"verb","Verb, base form",NA,NA
"me","PP","me",2,"pronoun","Personal pronoun",NA,NA
"what","WP","what",4,"pronoun","Wh-pronoun",NA,NA
"to","TO","to",2,"to","to",NA,NA
"do","VV","do",2,"verb","Verb, base form",NA,NA
"just","RB","just",4,"adverb","Adverb",NA,NA
"tell","VV","tell",4,"verb","Verb, base form",NA,NA
"me","PP","me",2,"pronoun","Personal pronoun",NA,NA
"what","WP","what",4,"pronoun","Wh-pronoun",NA,NA
"to","TO","to",2,"to","to",NA,NA
"do","VV","do",2,"verb","Verb, base form",NA,NA
"Steps","NNS","step",5,"noun","Noun, plural",NA,NA
"to","TO","to",2,"to","to",NA,NA
"do","VV","do",2,"verb","Verb, base form",NA,NA
"steps","NNS","step",5,"noun","Noun, plural",NA,NA
"to","TO","to",2,"to","to",NA,NA
"do","VV","do",2,"verb","Verb, base form",NA,NA
"Step","VV","step",4,"verb","Verb, base form",NA,NA
"Classified","JJ","classified",10,"adjective","Adjective",NA,NA
"ad","NN","ad",2,"noun","Noun, singular or mass",NA,NA
"real","JJ","real",4,"adjective","Adjective",NA,NA
"estate","NN","estate",6,"noun","Noun, singular or mass",NA,NA
"definition","NN","definition",10,"noun","Noun, singular or mass",NA,NA
"step","NN","step",4,"noun","Noun, singular or mass",NA,NA
"classified","JJ","classified",10,"adjective","Adjective",NA,NA
"ad","NN","ad",2,"noun","Noun, singular or mass",NA,NA
"real","JJ","real",4,"adjective","Adjective",NA,NA
"estate","NN","estate",6,"noun","Noun, singular or mass",NA,NA
"definition","NN","definition",10,"noun","Noun, singular or mass",NA,NA
"To","TO","To",2,"to","to",NA,NA
"do","VV","do",2,"verb","Verb, base form",NA,NA
"to","TO","to",2,"to","to",NA,NA
"do","VV","do",2,"verb","Verb, base form",NA,NA
"Step","NN","step",4,"noun","Noun, singular or mass",NA,NA
"Estimation","NN","estimation",10,"noun","Noun, singular or mass",NA,NA
"from","IN","from",4,"preposition","Preposition or subordinating conjunction",NA,NA
"Meilleurs","NP","<unknown>",9,"name","Proper noun, singular",NA,NA
"agents","NNS","agent",6,"noun","Noun, plural",NA,NA
"step","NN","step",4,"noun","Noun, singular or mass",NA,NA
"estimation","NN","estimation",10,"noun","Noun, singular or mass",NA,NA
"from","IN","from",4,"preposition","Preposition or subordinating conjunction",NA,NA
"meilleurs","NNS","<unknown>",9,"noun","Noun, plural",NA,NA
"agents","NNS","agent",6,"noun","Noun, plural",NA,NA
"To","TO","To",2,"to","to",NA,NA
"do","VV","do",2,"verb","Verb, base form",NA,NA
"to","TO","to",2,"to","to",NA,NA
"do","VV","do",2,"verb","Verb, base form",NA,NA
"Step","NN","step",4,"noun","Noun, singular or mass",NA,NA
"UX","NP","<unknown>",2,"name","Proper noun, singular",NA,NA
"UI","NP","UI",2,"name","Proper noun, singular",NA,NA
"step","NN","step",4,"noun","Noun, singular or mass",NA,NA
"uxui","NNS","<unknown>",4,"noun","Noun, plural",NA,NA
"To","TO","To",2,"to","to",NA,NA
"do","VV","do",2,"verb","Verb, base form",NA,NA
"to","TO","to",2,"to","to",NA,NA
"do","VV","do",2,"verb","Verb, base form",NA,NA
"Step","NN","step",4,"noun","Noun, singular or mass",NA,NA
"require","VV","require",7,"verb","Verb, base form",NA,NA
"leboncoin","NN","<unknown>",9,"noun","Noun, singular or mass",NA,NA
"step","NN","step",4,"noun","Noun, singular or mass",NA,NA
"requireleboncoin","NN","<unknown>",16,"noun","Noun, singular or mass",NA,NA
"To","TO","To",2,"to","to",NA,NA
"do","VV","do",2,"verb","Verb, base form",NA,NA
"to","TO","to",2,"to","to",NA,NA
"do","VV","do",2,"verb","Verb, base form",NA,NA
"Step","NN","step",4,"noun","Noun, singular or mass",NA,NA
"require","VV","require",7,"verb","Verb, base form",NA,NA
"meilleursagents","NNS","<unknown>",15,"noun","Noun, plural",NA,NA
"step","VV","step",4,"verb","Verb, base form",NA,NA
"requiremeilleursagents","NNS","<unknown>",22,"noun","Noun, plural",NA,NA
"To","TO","To",2,"to","to",NA,NA
"do","VV","do",2,"verb","Verb, base form",NA,NA
"to","TO","to",2,"to","to",NA,NA
"do","VV","do",2,"verb","Verb, base form",NA,NA
"Step","NN","step",4,"noun","Noun, singular or mass",NA,NA
"node","NN","node",4,"noun","Noun, singular or mass",NA,NA
"app","NP","App",3,"name","Proper noun, singular",NA,NA
".","SENT",".",1,"fullstop","Sentence ending punctuation",NA,NA
"js","NNS","<unknown>",2,"noun","Noun, plural",NA,NA
"step","VVP","step",4,"verb","Verb, non-3rd person singular present",NA,NA
"node","NN","node",4,"noun","Noun, singular or mass",NA,NA
"appjs","NNS","<unknown>",5,"noun","Noun, plural",NA,NA
"To","TO","To",2,"to","to",NA,NA
"do","VV","do",2,"verb","Verb, base form",NA,NA
"to","TO","to",2,"to","to",NA,NA
"do","VV","do",2,"verb","Verb, base form",NA,NA
"Step","NN","step",4,"noun","Noun, singular or mass",NA,NA
"UX","NP","<unknown>",2,"name","Proper noun, singular",NA,NA
"UI","NP","UI",2,"name","Proper noun, singular",NA,NA
"step","NN","step",4,"noun","Noun, singular or mass",NA,NA
"uxui","NP","<unknown>",4,"name","Proper noun, singular",NA,NA
"Todo","NP","<unknown>",4,"name","Proper noun, singular",NA,NA
"todo","NP","<unknown>",4,"name","Proper noun, singular",NA,NA
"Don","NP","Don",3,"name","Proper noun, singular",NA,NA
"t","NN","t",1,"noun","Noun, singular or mass",NA,NA
"forget","VV","forget",6,"verb","Verb, base form",NA,NA
"dont","NN","<unknown>",4,"noun","Noun, singular or mass",NA,NA
"forget","VV","forget",6,"verb","Verb, base form",NA,NA
"Licence","NP","<unknown>",7,"name","Proper noun, singular",NA,NA
"licence","NN","licence",7,"noun","Noun, singular or mass",NA,NA
"END","NN","end",3,"noun","Noun, singular or mass",NA,NA
"doctoc","NN","<unknown>",6,"noun","Noun, singular or mass",NA,NA
"generated","VVD","generate",9,"verb","Verb, past tense",NA,NA
"TOC","NP","<unknown>",3,"name","Proper noun, singular",NA,NA
"please","VVP","please",6,"verb","Verb, non-3rd person singular present",NA,NA
"keep","VV","keep",4,"verb","Verb, base form",NA,NA
"comment","VV","comment",7,"verb","Verb, base form",NA,NA
"here","RB","here",4,"adverb","Adverb",NA,NA
"to","TO","to",2,"to","to",NA,NA
"allow","VV","allow",5,"verb","Verb, base form",NA,NA
"auto","NN","auto",4,"noun","Noun, singular or mass",NA,NA
"update","NN","update",6,"noun","Noun, singular or mass",NA,NA
"Intro","NP","<unknown>",5,"name","Proper noun, singular",NA,NA
"La","NP","La",2,"name","Proper noun, singular",NA,NA
"loi","NP","Loi",3,"name","Proper noun, singular",NA,NA
"Carrez","NP","<unknown>",6,"name","Proper noun, singular",NA,NA
"is","VBZ","be",2,"verb","Verb, 3rd person singular present of ""to be""",NA,NA
"a","DT","a",1,"determiner","Determiner",NA,NA
"French","JJ","French",6,"adjective","Adjective",NA,NA
"law","NN","law",3,"noun","Noun, singular or mass",NA,NA
"which","WDT","which",5,"determiner","Wh-determiner",NA,NA
"obliges","VVZ","oblige",7,"verb","Verb, 3rd person singular present",NA,NA
"the","DT","the",3,"determiner","Determiner",NA,NA
"vendor","NN","vendor",6,"noun","Noun, singular or mass",NA,NA
"of","IN","of",2,"preposition","Preposition or subordinating conjunction",NA,NA
"a","DT","a",1,"determiner","Determiner",NA,NA
"property","NN","property",8,"noun","Noun, singular or mass",NA,NA
"lot","NN","lot",3,"noun","Noun, singular or mass",NA,NA
"to","TO","to",2,"to","to",NA,NA
"mention","VV","mention",7,"verb","Verb, base form",NA,NA
"the","DT","the",3,"determiner","Determiner",NA,NA
"surface","NN","surface",7,"noun","Noun, singular or mass",NA,NA
"area","NN","area",4,"noun","Noun, singular or mass",NA,NA
".","SENT",".",1,"fullstop","Sentence ending punctuation",NA,NA
"La","NP","La",2,"name","Proper noun, singular",NA,NA
"loi","NP","Loi",3,"name","Proper noun, singular",NA,NA
"Carrez","NP","<unknown>",6,"name","Proper noun, singular",NA,NA
"is","VBZ","be",2,"verb","Verb, 3rd person singular present of ""to be""",NA,NA
"a","DT","a",1,"determiner","Determiner",NA,NA
"good","JJ","good",4,"adjective","Adjective",NA,NA
"way","NN","way",3,"noun","Noun, singular or mass",NA,NA
"to","TO","to",2,"to","to",NA,NA
"verify","VV","verify",6,"verb","Verb, base form",NA,NA
"if","IN","if",2,"preposition","Preposition or subordinating conjunction",NA,NA
"a","DT","a",1,"determiner","Determiner",NA,NA
"real","JJ","real",4,"adjective","Adjective",NA,NA
"estate","NN","estate",6,"noun","Noun, singular or mass",NA,NA
"classified","JJ","classified",10,"adjective","Adjective",NA,NA
"ad","NN","ad",2,"noun","Noun, singular or mass",NA,NA
"is","VBZ","be",2,"verb","Verb, 3rd person singular present of ""to be""",NA,NA
"a","DT","a",1,"determiner","Determiner",NA,NA
"good","JJ","good",4,"adjective","Adjective",NA,NA
"deal","NN","deal",4,"noun","Noun, singular or mass",NA,NA
":","SENT",":",1,"fullstop","Sentence ending punctuation",NA,NA
"you","PP","you",3,"pronoun","Personal pronoun",NA,NA
"can","MD","can",3,"modal","Modal",NA,NA
"check","VV","check",5,"verb","Verb, base form",NA,NA
"the","DT","the",3,"determiner","Determiner",NA,NA
"price","NN","price",5,"noun","Noun, singular or mass",NA,NA
"by","IN","by",2,"preposition","Preposition or subordinating conjunction",NA,NA
"square","JJ","square",6,"adjective","Adjective",NA,NA
"meter","NN","meter",5,"noun","Noun, singular or mass",NA,NA
".","SENT",".",1,"fullstop","Sentence ending punctuation",NA,NA
"You","PP","you",3,"pronoun","Personal pronoun",NA,NA
"could","MD","could",5,"modal","Modal",NA,NA
"use","VV","use",3,"verb","Verb, base form",NA,NA
"the","DT","the",3,"determiner","Determiner",NA,NA
"free","JJ","free",4,"adjective","Adjective",NA,NA
"website","NN","website",7,"noun","Noun, singular or mass",NA,NA
"meilleursagents","NNS","<unknown>",15,"noun","Noun, plural",NA,NA
".","SENT",".",1,"fullstop","Sentence ending punctuation",NA,NA
"com","NN","com",3,"noun","Noun, singular or mass",NA,NA
"In","IN","in",2,"preposition","Preposition or subordinating conjunction",NA,NA
"France","NP","France",6,"name","Proper noun, singular",NA,NA
",",",",",",1,"comma","Comma",NA,NA
"leboncoin","NN","<unknown>",9,"noun","Noun, singular or mass",NA,NA
".","SENT",".",1,"fullstop","Sentence ending punctuation",NA,NA
"fr","NN","Fr",2,"noun","Noun, singular or mass",NA,NA
"Workshop","NN","workshop",8,"noun","Noun, singular or mass",NA,NA
"in","IN","in",2,"preposition","Preposition or subordinating conjunction",NA,NA
"sentence","NN","sentence",8,"noun","Noun, singular or mass",NA,NA
"Determine","NN","<unknown>",9,"noun","Noun, singular or mass",NA,NA
"if","IN","if",2,"preposition","Preposition or subordinating conjunction",NA,NA
"the","DT","the",3,"determiner","Determiner",NA,NA
"price","NN","price",5,"noun","Noun, singular or mass",NA,NA
"of","IN","of",2,"preposition","Preposition or subordinating conjunction",NA,NA
"a","DT","a",1,"determiner","Determiner",NA,NA
"real","JJ","real",4,"adjective","Adjective",NA,NA
"estate","NN","estate",6,"noun","Noun, singular or mass",NA,NA
"on","IN","on",2,"preposition","Preposition or subordinating conjunction",NA,NA
"leboncoin","NN","<unknown>",9,"noun","Noun, singular or mass",NA,NA
".","SENT",".",1,"fullstop","Sentence ending punctuation",NA,NA
"fr","NP","Fr",2,"name","Proper noun, singular",NA,NA
"classified","JJ","classified",10,"adjective","Adjective",NA,NA
"ad","NN","ad",2,"noun","Noun, singular or mass",NA,NA
"is","VBZ","be",2,"verb","Verb, 3rd person singular present of ""to be""",NA,NA
"a","DT","a",1,"determiner","Determiner",NA,NA
"good","JJ","good",4,"adjective","Adjective",NA,NA
"deal","NN","deal",4,"noun","Noun, singular or mass",NA,NA
"How","WRB","How",3,"adverb","Wh-adverb",NA,NA
"to","TO","to",2,"to","to",NA,NA
"do","VV","do",2,"verb","Verb, base form",NA,NA
"that","IN/that","that",4,"preposition","Preposition or subordinating conjunction",NA,NA
"By","IN","by",2,"preposition","Preposition or subordinating conjunction",NA,NA
"creating","VVG","create",8,"verb","Verb, gerund or present participle",NA,NA
"a","DT","a",1,"determiner","Determiner",NA,NA
"link","NN","link",4,"noun","Noun, singular or mass",NA,NA
"between","IN","between",7,"preposition","Preposition or subordinating conjunction",NA,NA
"leboncoin","NN","<unknown>",9,"noun","Noun, singular or mass",NA,NA
".","SENT",".",1,"fullstop","Sentence ending punctuation",NA,NA
"fr","NP","Fr",2,"name","Proper noun, singular",NA,NA
"Stack","NP","Stack",5,"name","Proper noun, singular",NA,NA
"txt","NN","<unknown>",3,"noun","Noun, singular or mass",NA,NA
"node","NN","node",4,"noun","Noun, singular or mass",NA,NA
".","SENT",".",1,"fullstop","Sentence ending punctuation",NA,NA
"js","NP","<unknown>",2,"name","Proper noun, singular",NA,NA
"NPM","NP","NPM",3,"name","Proper noun, singular",NA,NA
"Material","NP","<unknown>",8,"name","Proper noun, singular",NA,NA
"Design","NP","Design",6,"name","Proper noun, singular",NA,NA
"mdl","NP","<unknown>",3,"name","Proper noun, singular",NA,NA
",",",",",",1,"comma","Comma",NA,NA
"bootstrap","NN","bootstrap",9,"noun","Noun, singular or mass",NA,NA
"...",":","...",3,"punctuation","Punctuation",NA,NA
"Vanilla","NP","<unknown>",7,"name","Proper noun, singular",NA,NA
"JS","NP","<unknown>",2,"name","Proper noun, singular",NA,NA
"Just","RB","just",4,"adverb","Adverb",NA,NA
"tell","VV","tell",4,"verb","Verb, base form",NA,NA
"me","PP","me",2,"pronoun","Personal pronoun",NA,NA
"what","WP","what",4,"pronoun","Wh-pronoun",NA,NA
"to","TO","to",2,"to","to",NA,NA
"do","VV","do",2,"verb","Verb, base form",NA,NA
".","SENT",".",1,"fullstop","Sentence ending punctuation",NA,NA
"Fork","VV","fork",4,"verb","Verb, base form",NA,NA
"the","DT","the",3,"determiner","Determiner",NA,NA
"project","NN","project",7,"noun","Noun, singular or mass",NA,NA
".","SENT",".",1,"fullstop","Sentence ending punctuation",NA,NA
"Clone","NN","clone",5,"noun","Noun, singular or mass",NA,NA
"the","DT","the",3,"determiner","Determiner",NA,NA
"project","NN","project",7,"noun","Noun, singular or mass",NA,NA
"git","NN","git",3,"noun","Noun, singular or mass",NA,NA
"clone","NN","clone",5,"noun","Noun, singular or mass",NA,NA
".","SENT",".",1,"fullstop","Sentence ending punctuation",NA,NA
"Follow","VV","follow",6,"verb","Verb, base form",NA,NA
"the","DT","the",3,"determiner","Determiner",NA,NA
"steps","NNS","step",5,"noun","Noun, plural",NA,NA
"as","IN","as",2,"preposition","Preposition or subordinating conjunction",NA,NA
"breadcrumb","NN","breadcrumb",10,"noun","Noun, singular or mass",NA,NA
".","SENT",".",1,"fullstop","Sentence ending punctuation",NA,NA
".","SENT",".",1,"fullstop","Sentence ending punctuation",NA,NA
"Don","NP","Don",3,"name","Proper noun, singular",NA,NA
"t","NN","t",1,"noun","Noun, singular or mass",NA,NA
"forget","VVP","forget",6,"verb","Verb, non-3rd person singular present",NA,NA
"to","TO","to",2,"to","to",NA,NA
"commit","VV","commit",6,"verb","Verb, base form",NA,NA
"and","CC","and",3,"conjunction","Coordinating conjunction",NA,NA
"push","VV","push",4,"verb","Verb, base form",NA,NA
"Steps","NNS","step",5,"noun","Noun, plural",NA,NA
"to","TO","to",2,"to","to",NA,NA
"do","VV","do",2,"verb","Verb, base form",NA,NA
"Step","VV","step",4,"verb","Verb, base form",NA,NA
"Classified","JJ","classified",10,"adjective","Adjective",NA,NA
"ad","NN","ad",2,"noun","Noun, singular or mass",NA,NA
"real","JJ","real",4,"adjective","Adjective",NA,NA
"estate","NN","estate",6,"noun","Noun, singular or mass",NA,NA
"definition","NN","definition",10,"noun","Noun, singular or mass",NA,NA
"What","WP","What",4,"pronoun","Wh-pronoun",NA,NA
"are","VBP","be",3,"verb","Verb, non-3rd person singular present of ""to be""",NA,NA
"the","DT","the",3,"determiner","Determiner",NA,NA
"given","VVN","give",5,"verb","Verb, past participle",NA,NA
"properties","NNS","property",10,"noun","Noun, plural",NA,NA
"for","IN","for",3,"preposition","Preposition or subordinating conjunction",NA,NA
"a","DT","a",1,"determiner","Determiner",NA,NA
"real","JJ","real",4,"adjective","Adjective",NA,NA
"estate","NN","estate",6,"noun","Noun, singular or mass",NA,NA
"ad","NN","ad",2,"noun","Noun, singular or mass",NA,NA
":","SENT",":",1,"fullstop","Sentence ending punctuation",NA,NA
"town","NN","town",4,"noun","Noun, singular or mass",NA,NA
",",",",",",1,"comma","Comma",NA,NA
"area","NN","area",4,"noun","Noun, singular or mass",NA,NA
",",",",",",1,"comma","Comma",NA,NA
"type","NN","type",4,"noun","Noun, singular or mass",NA,NA
"...",":","...",3,"punctuation","Punctuation",NA,NA
"For","IN","for",3,"preposition","Preposition or subordinating conjunction",NA,NA
"example","NN","example",7,"noun","Noun, singular or mass",NA,NA
":","SENT",":",1,"fullstop","Sentence ending punctuation",NA,NA
"To","TO","To",2,"to","to",NA,NA
"do","VV","do",2,"verb","Verb, base form",NA,NA
"Define","NP","<unknown>",6,"name","Proper noun, singular",NA,NA
"the","DT","the",3,"determiner","Determiner",NA,NA
"JSON","NP","<unknown>",4,"name","Proper noun, singular",NA,NA
"schema","NN","schema",6,"noun","Noun, singular or mass",NA,NA
"for","IN","for",3,"preposition","Preposition or subordinating conjunction",NA,NA
"a","DT","a",1,"determiner","Determiner",NA,NA
"real","JJ","real",4,"adjective","Adjective",NA,NA
"estate","NN","estate",6,"noun","Noun, singular or mass",NA,NA
"leboncoin","NN","<unknown>",9,"noun","Noun, singular or mass",NA,NA
".","SENT",".",1,"fullstop","Sentence ending punctuation",NA,NA
"fr","NP","Fr",2,"name","Proper noun, singular",NA,NA
"classified","JJ","classified",10,"adjective","Adjective",NA,NA
"ad","NN","ad",2,"noun","Noun, singular or mass",NA,NA
".","SENT",".",1,"fullstop","Sentence ending punctuation",NA,NA
"Example","NN","example",7,"noun","Noun, singular or mass",NA,NA
"of","IN","of",2,"preposition","Preposition or subordinating conjunction",NA,NA
"JSON","NP","<unknown>",4,"name","Proper noun, singular",NA,NA
"Schema","NP","<unknown>",6,"name","Proper noun, singular",NA,NA
":","SENT",":",1,"fullstop","Sentence ending punctuation",NA,NA
"Basic","JJ","basic",5,"adjective","Adjective",NA,NA
"example","NN","example",7,"noun","Noun, singular or mass",NA,NA
"Step","NN","step",4,"noun","Noun, singular or mass",NA,NA
"Estimation","NN","estimation",10,"noun","Noun, singular or mass",NA,NA
"from","IN","from",4,"preposition","Preposition or subordinating conjunction",NA,NA
"Meilleurs","NP","<unknown>",9,"name","Proper noun, singular",NA,NA
"agents","NNS","agent",6,"noun","Noun, plural",NA,NA
"What","WP","What",4,"pronoun","Wh-pronoun",NA,NA
"are","VBP","be",3,"verb","Verb, non-3rd person singular present of ""to be""",NA,NA
"the","DT","the",3,"determiner","Determiner",NA,NA
"properties","NNS","property",10,"noun","Noun, plural",NA,NA
"we","PP","we",2,"pronoun","Personal pronoun",NA,NA
"need","VVP","need",4,"verb","Verb, non-3rd person singular present",NA,NA
"to","TO","to",2,"to","to",NA,NA
"provide","VV","provide",7,"verb","Verb, base form",NA,NA
"to","TO","to",2,"to","to",NA,NA
"meilleursagents","NNS","<unknown>",15,"noun","Noun, plural",NA,NA
".","SENT",".",1,"fullstop","Sentence ending punctuation",NA,NA
"com","NN","com",3,"noun","Noun, singular or mass",NA,NA
"To","TO","To",2,"to","to",NA,NA
"do","VV","do",2,"verb","Verb, base form",NA,NA
"Define","NP","<unknown>",6,"name","Proper noun, singular",NA,NA
"the","DT","the",3,"determiner","Determiner",NA,NA
"JSON","NP","<unknown>",4,"name","Proper noun, singular",NA,NA
"schema","NN","schema",6,"noun","Noun, singular or mass",NA,NA
"to","TO","to",2,"to","to",NA,NA
"compute","VV","compute",7,"verb","Verb, base form",NA,NA
"the","DT","the",3,"determiner","Determiner",NA,NA
"square","JJ","square",6,"adjective","Adjective",NA,NA
"meter","NN","meter",5,"noun","Noun, singular or mass",NA,NA
"estimation","NN","estimation",10,"noun","Noun, singular or mass",NA,NA
"for","IN","for",3,"preposition","Preposition or subordinating conjunction",NA,NA
"a","DT","a",1,"determiner","Determiner",NA,NA
"real","JJ","real",4,"adjective","Adjective",NA,NA
"estate","NN","estate",6,"noun","Noun, singular or mass",NA,NA
"ad","NN","ad",2,"noun","Noun, singular or mass",NA,NA
".","SENT",".",1,"fullstop","Sentence ending punctuation",NA,NA
"Exemple","NN","<unknown>",7,"noun","Noun, singular or mass",NA,NA
"of","IN","of",2,"preposition","Preposition or subordinating conjunction",NA,NA
"estimation","NN","estimation",10,"noun","Noun, singular or mass",NA,NA
":","SENT",":",1,"fullstop","Sentence ending punctuation",NA,NA
"Step","NN","step",4,"noun","Noun, singular or mass",NA,NA
"UX","NP","<unknown>",2,"name","Proper noun, singular",NA,NA
"UI","NP","UI",2,"name","Proper noun, singular",NA,NA
"How","WRB","How",3,"adverb","Wh-adverb",NA,NA
"to","TO","to",2,"to","to",NA,NA
"create","VV","create",6,"verb","Verb, base form",NA,NA
"a","DT","a",1,"determiner","Determiner",NA,NA
"connexion","NN","connexion",9,"noun","Noun, singular or mass",NA,NA
"between","IN","between",7,"preposition","Preposition or subordinating conjunction",NA,NA
"the","DT","the",3,"determiner","Determiner",NA,NA
"leboncoin","NN","<unknown>",9,"noun","Noun, singular or mass",NA,NA
"ad","NN","ad",2,"noun","Noun, singular or mass",NA,NA
"and","CC","and",3,"conjunction","Coordinating conjunction",NA,NA
"lacentrale","NN","<unknown>",10,"noun","Noun, singular or mass",NA,NA
"To","TO","To",2,"to","to",NA,NA
"do","VV","do",2,"verb","Verb, base form",NA,NA
"Write","NP","<unknown>",5,"name","Proper noun, singular",NA,NA
"a","DT","a",1,"determiner","Determiner",NA,NA
"User","NP","User",4,"name","Proper noun, singular",NA,NA
"Flow","NP","Flow",4,"name","Proper noun, singular",NA,NA
"Step","NN","step",4,"noun","Noun, singular or mass",NA,NA
"require","VVP","require",7,"verb","Verb, non-3rd person singular present",NA,NA
"leboncoin","NN","<unknown>",9,"noun","Noun, singular or mass",NA,NA
"Create","NNS","<unknown>",6,"noun","Noun, plural",NA,NA
"a","DT","a",1,"determiner","Determiner",NA,NA
"module","NN","module",6,"noun","Noun, singular or mass",NA,NA
"called","VVD","call",6,"verb","Verb, past tense",NA,NA
"leboncoin","NN","<unknown>",9,"noun","Noun, singular or mass",NA,NA
"To","TO","To",2,"to","to",NA,NA
"do","VV","do",2,"verb","Verb, base form",NA,NA
"From","IN","from",4,"preposition","Preposition or subordinating conjunction",NA,NA
"the","DT","the",3,"determiner","Determiner",NA,NA
"ad","NN","ad",2,"noun","Noun, singular or mass",NA,NA
"url","NN","<unknown>",3,"noun","Noun, singular or mass",NA,NA
",",",",",",1,"comma","Comma",NA,NA
"scrap","VV","scrap",5,"verb","Verb, base form",NA,NA
"the","DT","the",3,"determiner","Determiner",NA,NA
"webpage","NN","<unknown>",7,"noun","Noun, singular or mass",NA,NA
"and","CC","and",3,"conjunction","Coordinating conjunction",NA,NA
"return","VV","return",6,"verb","Verb, base form",NA,NA
"the","DT","the",3,"determiner","Determiner",NA,NA
"real","JJ","real",4,"adjective","Adjective",NA,NA
"estate","NN","estate",6,"noun","Noun, singular or mass",NA,NA
"properties","NNS","property",10,"noun","Noun, plural",NA,NA
"in","IN","in",2,"preposition","Preposition or subordinating conjunction",NA,NA
"JSON","NP","<unknown>",4,"name","Proper noun, singular",NA,NA
"format","NN","format",6,"noun","Noun, singular or mass",NA,NA
".","SENT",".",1,"fullstop","Sentence ending punctuation",NA,NA
"Step","NN","step",4,"noun","Noun, singular or mass",NA,NA
"require","VVP","require",7,"verb","Verb, non-3rd person singular present",NA,NA
"meilleursagents","NNS","<unknown>",15,"noun","Noun, plural",NA,NA
"Create","NNS","<unknown>",6,"noun","Noun, plural",NA,NA
"a","DT","a",1,"determiner","Determiner",NA,NA
"module","NN","module",6,"noun","Noun, singular or mass",NA,NA
"called","VVD","call",6,"verb","Verb, past tense",NA,NA
"meilleursagents","NNS","<unknown>",15,"noun","Noun, plural",NA,NA
".","SENT",".",1,"fullstop","Sentence ending punctuation",NA,NA
"To","TO","To",2,"to","to",NA,NA
"do","VV","do",2,"verb","Verb, base form",NA,NA
"From","IN","from",4,"preposition","Preposition or subordinating conjunction",NA,NA
"a","DT","a",1,"determiner","Determiner",NA,NA
"real","JJ","real",4,"adjective","Adjective",NA,NA
"estate","NN","estate",6,"noun","Noun, singular or mass",NA,NA
"ad","NN","ad",2,"noun","Noun, singular or mass",NA,NA
"JSON","NP","<unknown>",4,"name","Proper noun, singular",NA,NA
"object","NN","object",6,"noun","Noun, singular or mass",NA,NA
",",",",",",1,"comma","Comma",NA,NA
"determine","VVP","determine",9,"verb","Verb, non-3rd person singular present",NA,NA
":","SENT",":",1,"fullstop","Sentence ending punctuation",NA,NA
"price","NN","price",5,"noun","Noun, singular or mass",NA,NA
"for","IN","for",3,"preposition","Preposition or subordinating conjunction",NA,NA
"the","DT","the",3,"determiner","Determiner",NA,NA
"square","JJ","square",6,"adjective","Adjective",NA,NA
"meter","NN","meter",5,"noun","Noun, singular or mass",NA,NA
"if","IN","if",2,"preposition","Preposition or subordinating conjunction",NA,NA
"it","PP","it",2,"pronoun","Personal pronoun",NA,NA
"s","VVZ","<unknown>",1,"verb","Verb, 3rd person singular present",NA,NA
"a","DT","a",1,"determiner","Determiner",NA,NA
"good","JJ","good",4,"adjective","Adjective",NA,NA
"deal","NN","deal",4,"noun","Noun, singular or mass",NA,NA
"Step","NN","step",4,"noun","Noun, singular or mass",NA,NA
"node","NN","node",4,"noun","Noun, singular or mass",NA,NA
"app","NP","App",3,"name","Proper noun, singular",NA,NA
".","SENT",".",1,"fullstop","Sentence ending punctuation",NA,NA
"js","NP","<unknown>",2,"name","Proper noun, singular",NA,NA
"Build","NP","<unknown>",5,"name","Proper noun, singular",NA,NA
"the","DT","the",3,"determiner","Determiner",NA,NA
"node","NN","node",4,"noun","Noun, singular or mass",NA,NA
"server","NN","server",6,"noun","Noun, singular or mass",NA,NA
".","SENT",".",1,"fullstop","Sentence ending punctuation",NA,NA
"To","TO","To",2,"to","to",NA,NA
"do","VV","do",2,"verb","Verb, base form",NA,NA
"Build","NP","<unknown>",5,"name","Proper noun, singular",NA,NA
"the","DT","the",3,"determiner","Determiner",NA,NA
"Node","NP","Node",4,"name","Proper noun, singular",NA,NA
"server","NN","server",6,"noun","Noun, singular or mass",NA,NA
"with","IN","with",4,"preposition","Preposition or subordinating conjunction",NA,NA
"Express","NP","Express",7,"name","Proper noun, singular",NA,NA
".","SENT",".",1,"fullstop","Sentence ending punctuation",NA,NA
"Step","VV","step",4,"verb","Verb, base form",NA,NA
"UX","NP","<unknown>",2,"name","Proper noun, singular",NA,NA
"UI","NP","UI",2,"name","Proper noun, singular",NA,NA
"Let","VVD","let",3,"verb","Verb, past tense",NA,NA
"s","RB","<unknown>",1,"adverb","Adverb",NA,NA
"go","VV","go",2,"verb","Verb, base form",NA,NA
"for","IN","for",3,"preposition","Preposition or subordinating conjunction",NA,NA
"the","DT","the",3,"determiner","Determiner",NA,NA
"Web","NP","Web",3,"name","Proper noun, singular",NA,NA
"App","NP","App",3,"name","Proper noun, singular",NA,NA
"Todo","NP","<unknown>",4,"name","Proper noun, singular",NA,NA
"From","IN","from",4,"preposition","Preposition or subordinating conjunction",NA,NA
"a","DT","a",1,"determiner","Determiner",NA,NA
"leboncoin","NN","<unknown>",9,"noun","Noun, singular or mass",NA,NA
"real","JJ","real",4,"adjective","Adjective",NA,NA
"estate","NN","estate",6,"noun","Noun, singular or mass",NA,NA
"ad","NN","ad",2,"noun","Noun, singular or mass",NA,NA
"url","NN","<unknown>",3,"noun","Noun, singular or mass",NA,NA
",",",",",",1,"comma","Comma",NA,NA
"compute","VV","compute",7,"verb","Verb, base form",NA,NA
"the","DT","the",3,"determiner","Determiner",NA,NA
"price","NN","price",5,"noun","Noun, singular or mass",NA,NA
"by","IN","by",2,"preposition","Preposition or subordinating conjunction",NA,NA
"square","JJ","square",6,"adjective","Adjective",NA,NA
"meter","NN","meter",5,"noun","Noun, singular or mass",NA,NA
"and","CC","and",3,"conjunction","Coordinating conjunction",NA,NA
"give","VV","give",4,"verb","Verb, base form",NA,NA
"a","DT","a",1,"determiner","Determiner",NA,NA
"feedback","NN","feedback",8,"noun","Noun, singular or mass",NA,NA
"to","TO","to",2,"to","to",NA,NA
"the","DT","the",3,"determiner","Determiner",NA,NA
"user","NN","user",4,"noun","Noun, singular or mass",NA,NA
"about","IN","about",5,"preposition","Preposition or subordinating conjunction",NA,NA
"the","DT","the",3,"determiner","Determiner",NA,NA
"deal","NN","deal",4,"noun","Noun, singular or mass",NA,NA
"good","JJ","good",4,"adjective","Adjective",NA,NA
"or","CC","or",2,"conjunction","Coordinating conjunction",NA,NA
"not","RB","not",3,"adverb","Adverb",NA,NA
".","SENT",".",1,"fullstop","Sentence ending punctuation",NA,NA
"Don","NP","Don",3,"name","Proper noun, singular",NA,NA
"t","NN","t",1,"noun","Noun, singular or mass",NA,NA
"forget","VV","forget",6,"verb","Verb, base form",NA,NA
"Focus","NP","Focus",5,"name","Proper noun, singular",NA,NA
"on","IN","on",2,"preposition","Preposition or subordinating conjunction",NA,NA
"codebase","NP","<unknown>",8,"name","Proper noun, singular",NA,NA
"and","CC","and",3,"conjunction","Coordinating conjunction",NA,NA
"UX","NP","<unknown>",2,"name","Proper noun, singular",NA,NA
"UI","NP","UI",2,"name","Proper noun, singular",NA,NA
"Licence","NP","<unknown>",7,"name","Proper noun, singular",NA,NA
"Uncopyrighted","NP","<unknown>",13,"name","Proper noun, singular",NA,NA
