"token","tag","lemma","lttr","wclass","desc","stop","stem"
"Real","JJ","real",4,"adjective","Adjective",NA,NA
"Estate","NP","Estate",6,"name","Proper noun, singular",NA,NA
"engine","NN","engine",6,"noun","Noun, singular or mass",NA,NA
"for","IN","for",3,"preposition","Preposition or subordinating conjunction",NA,NA
"Refinery","NP","<unknown>",8,"name","Proper noun, singular",NA,NA
"CMS","NP","CMS",3,"name","Proper noun, singular",NA,NA
".","SENT",".",1,"fullstop","Sentence ending punctuation",NA,NA
"on","IN","on",2,"preposition","Preposition or subordinating conjunction",NA,NA
"developing","VVG","develop",10,"verb","Verb, gerund or present participle",NA,NA
"How","WRB","How",3,"adverb","Wh-adverb",NA,NA
"to","TO","to",2,"to","to",NA,NA
"setup","NN","setup",5,"noun","Noun, singular or mass",NA,NA
"application","NN","application",11,"noun","Noun, singular or mass",NA,NA
"You","PP","you",3,"pronoun","Personal pronoun",NA,NA
"can","MD","can",3,"modal","Modal",NA,NA
"run","VV","run",3,"verb","Verb, base form",NA,NA
"this","DT","this",4,"determiner","Determiner",NA,NA
"application","NN","application",11,"noun","Noun, singular or mass",NA,NA
"running","VVG","run",7,"verb","Verb, gerund or present participle",NA,NA
"the","DT","the",3,"determiner","Determiner",NA,NA
"following","VVG","follow",9,"verb","Verb, gerund or present participle",NA,NA
"commands","NNS","command",8,"noun","Noun, plural",NA,NA
":","SENT",":",1,"fullstop","Sentence ending punctuation",NA,NA
"git","NN","git",3,"noun","Noun, singular or mass",NA,NA
"clone","NN","clone",5,"noun","Noun, singular or mass",NA,NA
"git","NN","git",3,"noun","Noun, singular or mass",NA,NA
":","SENT",":",1,"fullstop","Sentence ending punctuation",NA,NA
"github","NN","<unknown>",6,"noun","Noun, singular or mass",NA,NA
".","SENT",".",1,"fullstop","Sentence ending punctuation",NA,NA
"com","NN","com",3,"noun","Noun, singular or mass",NA,NA
"davithss","NP","<unknown>",8,"name","Proper noun, singular",NA,NA
"refinerycms","VVZ","<unknown>",11,"verb","Verb, 3rd person singular present",NA,NA
"real","JJ","real",4,"adjective","Adjective",NA,NA
"estates","NNS","estate",7,"noun","Noun, plural",NA,NA
".","SENT",".",1,"fullstop","Sentence ending punctuation",NA,NA
"git","NN","git",3,"noun","Noun, singular or mass",NA,NA
"bundle","NN","bundle",6,"noun","Noun, singular or mass",NA,NA
"install","VV","install",7,"verb","Verb, base form",NA,NA
"rake","NN","rake",4,"noun","Noun, singular or mass",NA,NA
"db","NN","<unknown>",2,"noun","Noun, singular or mass",NA,NA
":","SENT",":",1,"fullstop","Sentence ending punctuation",NA,NA
"migrate","VV","migrate",7,"verb","Verb, base form",NA,NA
"rails","NNS","rail",5,"noun","Noun, plural",NA,NA
"server","NN","server",6,"noun","Noun, singular or mass",NA,NA
"How","WRB","How",3,"adverb","Wh-adverb",NA,NA
"to","TO","to",2,"to","to",NA,NA
"collaborate","VV","collaborate",11,"verb","Verb, base form",NA,NA
"If","IN","if",2,"preposition","Preposition or subordinating conjunction",NA,NA
"you","PP","you",3,"pronoun","Personal pronoun",NA,NA
"would","MD","would",5,"modal","Modal",NA,NA
"collaborate","VV","collaborate",11,"verb","Verb, base form",NA,NA
",",",",",",1,"comma","Comma",NA,NA
"you","PP","you",3,"pronoun","Personal pronoun",NA,NA
"can","MD","can",3,"modal","Modal",NA,NA
"create","VV","create",6,"verb","Verb, base form",NA,NA
"a","DT","a",1,"determiner","Determiner",NA,NA
"fork","NN","fork",4,"noun","Noun, singular or mass",NA,NA
",",",",",",1,"comma","Comma",NA,NA
"apply","VV","apply",5,"verb","Verb, base form",NA,NA
"the","DT","the",3,"determiner","Determiner",NA,NA
"modification","NN","modification",12,"noun","Noun, singular or mass",NA,NA
"and","CC","and",3,"conjunction","Coordinating conjunction",NA,NA
"submit","VV","submit",6,"verb","Verb, base form",NA,NA
"a","DT","a",1,"determiner","Determiner",NA,NA
"pull","NN","pull",4,"noun","Noun, singular or mass",NA,NA
"request","NN","request",7,"noun","Noun, singular or mass",NA,NA
":","SENT",":",1,"fullstop","Sentence ending punctuation",NA,NA
