"token","tag","lemma","lttr","wclass","desc","stop","stem"
"Newfound","JJ","newfound",8,"adjective","Adjective",NA,NA
"Real","NP","Real",4,"name","Proper noun, singular",NA,NA
"Estate","NP","Estate",6,"name","Proper noun, singular",NA,NA
"Real","NP","Real",4,"name","Proper noun, singular",NA,NA
"Estate","NP","Estate",6,"name","Proper noun, singular",NA,NA
"Newfoundland","NP","Newfoundland",12,"name","Proper noun, singular",NA,NA
"Market","NP","Market",6,"name","Proper noun, singular",NA,NA
