"token","tag","lemma","lttr","wclass","desc","stop","stem"
"Properties","NP","Properties",10,"name","Proper noun, singular",NA,NA
"Zuha","NP","<unknown>",4,"name","Proper noun, singular",NA,NA
"Cakephp","NP","<unknown>",7,"name","Proper noun, singular",NA,NA
"Plugin","NP","<unknown>",6,"name","Proper noun, singular",NA,NA
"Real","NP","Real",4,"name","Proper noun, singular",NA,NA
"Estate","NP","Estate",6,"name","Proper noun, singular",NA,NA
"Listings","NP","<unknown>",8,"name","Proper noun, singular",NA,NA
"Plugin","NP","<unknown>",6,"name","Proper noun, singular",NA,NA
