"token","tag","lemma","lttr","wclass","desc","stop","stem"
"nyumbani","NP","<unknown>",8,"name","Proper noun, singular",NA,NA
"Sample","NP","Sample",6,"name","Proper noun, singular",NA,NA
"project","NN","project",7,"noun","Noun, singular or mass",NA,NA
"for","IN","for",3,"preposition","Preposition or subordinating conjunction",NA,NA
"real","JJ","real",4,"adjective","Adjective",NA,NA
"estate","NN","estate",6,"noun","Noun, singular or mass",NA,NA
".","SENT",".",1,"fullstop","Sentence ending punctuation",NA,NA
"Experimenting","VVG","experiment",13,"verb","Verb, gerund or present participle",NA,NA
"on","IN","on",2,"preposition","Preposition or subordinating conjunction",NA,NA
"HTML","NP","<unknown>",4,"name","Proper noun, singular",NA,NA
"and","CC","and",3,"conjunction","Coordinating conjunction",NA,NA
"CSS","NP","CSS",3,"name","Proper noun, singular",NA,NA
".","SENT",".",1,"fullstop","Sentence ending punctuation",NA,NA
