"token","tag","lemma","lttr","wclass","desc","stop","stem"
"realestate","VV","realestate",10,"verb","Verb, base form",NA,NA
"Real","NP","Real",4,"name","Proper noun, singular",NA,NA
"Estate","NP","Estate",6,"name","Proper noun, singular",NA,NA
"Project","NP","Project",7,"name","Proper noun, singular",NA,NA
"using","VVG","use",5,"verb","Verb, gerund or present participle",NA,NA
"Laravel","NP","<unknown>",7,"name","Proper noun, singular",NA,NA
".","SENT",".",1,"fullstop","Sentence ending punctuation",NA,NA
