"token","tag","lemma","lttr","wclass","desc","stop","stem"
"be","VB","be",2,"verb","Verb, base form of ""to be""",NA,NA
"cloud","NN","cloud",5,"noun","Noun, singular or mass",NA,NA
".","SENT",".",1,"fullstop","Sentence ending punctuation",NA,NA
"be","VB","be",2,"verb","Verb, base form of ""to be""",NA,NA
"odoo","NN","<unknown>",4,"noun","Noun, singular or mass",NA,NA
"modules","NNS","module",7,"noun","Noun, plural",NA,NA
"beta","JJ","beta",4,"adjective","Adjective",NA,NA
"document","NN","document",8,"noun","Noun, singular or mass",NA,NA
"gdrive","NN","<unknown>",6,"noun","Noun, singular or mass",NA,NA
":","SENT",":",1,"fullstop","Sentence ending punctuation",NA,NA
"use","NN","use",3,"noun","Noun, singular or mass",NA,NA
"GDrive","NN","<unknown>",6,"noun","Noun, singular or mass",NA,NA
"to","TO","to",2,"to","to",NA,NA
"store","VV","store",5,"verb","Verb, base form",NA,NA
"attachements","NNS","<unknown>",12,"noun","Noun, plural",NA,NA
"alpha","NN","alpha",5,"noun","Noun, singular or mass",NA,NA
"account","NN","account",7,"noun","Noun, singular or mass",NA,NA
"bank","NN","bank",4,"noun","Noun, singular or mass",NA,NA
"statement","NN","statement",9,"noun","Noun, singular or mass",NA,NA
"import","NN","import",6,"noun","Noun, singular or mass",NA,NA
"multiline","NN","multiline",9,"noun","Noun, singular or mass",NA,NA
":","SENT",":",1,"fullstop","Sentence ending punctuation",NA,NA
"import","NN","import",6,"noun","Noun, singular or mass",NA,NA
"from","IN","from",4,"preposition","Preposition or subordinating conjunction",NA,NA
"Lux","NP","Lux",3,"name","Proper noun, singular",NA,NA
"Multiline","NP","Multiline",9,"name","Proper noun, singular",NA,NA
"Service","NP","Service",7,"name","Proper noun, singular",NA,NA
"web","NN","web",3,"noun","Noun, singular or mass",NA,NA
"keyboard","NN","keyboard",8,"noun","Noun, singular or mass",NA,NA
"navigation","NN","navigation",10,"noun","Noun, singular or mass",NA,NA
":","SENT",":",1,"fullstop","Sentence ending punctuation",NA,NA
"add","VV","add",3,"verb","Verb, base form",NA,NA
"keayboard","NN","<unknown>",9,"noun","Noun, singular or mass",NA,NA
"navigation","NN","navigation",10,"noun","Noun, singular or mass",NA,NA
"to","TO","to",2,"to","to",NA,NA
"forms","NNS","form",5,"noun","Noun, plural",NA,NA
"early","JJ","early",5,"adjective","Adjective",NA,NA
"stage","NN","stage",5,"noun","Noun, singular or mass",NA,NA
"account","NN","account",7,"noun","Noun, singular or mass",NA,NA
"bank","NN","bank",4,"noun","Noun, singular or mass",NA,NA
"transfert","NN","<unknown>",9,"noun","Noun, singular or mass",NA,NA
":","SENT",":",1,"fullstop","Sentence ending punctuation",NA,NA
"transfert","NN","<unknown>",9,"noun","Noun, singular or mass",NA,NA
"between","IN","between",7,"preposition","Preposition or subordinating conjunction",NA,NA
"bank","NN","bank",4,"noun","Noun, singular or mass",NA,NA
"accounts","NNS","account",8,"noun","Noun, plural",NA,NA
"realestate","NN","realestate",10,"noun","Noun, singular or mass",NA,NA
":","SENT",":",1,"fullstop","Sentence ending punctuation",NA,NA
"first","JJ","first",5,"adjective","Adjective",NA,NA
"idea","NN","idea",4,"noun","Noun, singular or mass",NA,NA
"of","IN","of",2,"preposition","Preposition or subordinating conjunction",NA,NA
"a","DT","a",1,"determiner","Determiner",NA,NA
"real","JJ","real",4,"adjective","Adjective",NA,NA
"estate","NN","estate",6,"noun","Noun, singular or mass",NA,NA
"management","NN","management",10,"noun","Noun, singular or mass",NA,NA
"app","NP","App",3,"name","Proper noun, singular",NA,NA
