"token","tag","lemma","lttr","wclass","desc","stop","stem"
"modern","JJ","modern",6,"adjective","Adjective",NA,NA
"meteor","NN","meteor",6,"noun","Noun, singular or mass",NA,NA
"The","DT","the",3,"determiner","Determiner",NA,NA
"meteor","NN","meteor",6,"noun","Noun, singular or mass",NA,NA
".","SENT",".",1,"fullstop","Sentence ending punctuation",NA,NA
"js","NP","<unknown>",2,"name","Proper noun, singular",NA,NA
"app","NP","App",3,"name","Proper noun, singular",NA,NA
"for","IN","for",3,"preposition","Preposition or subordinating conjunction",NA,NA
"a","DT","a",1,"determiner","Determiner",NA,NA
"real","JJ","real",4,"adjective","Adjective",NA,NA
"estate","NN","estate",6,"noun","Noun, singular or mass",NA,NA
"agency","NN","agency",6,"noun","Noun, singular or mass",NA,NA
