"token","tag","lemma","lttr","wclass","desc","stop","stem"
"estate","NN","estate",6,"noun","Noun, singular or mass",NA,NA
"Mini","NP","<unknown>",4,"name","Proper noun, singular",NA,NA
"backbone","NN","backbone",8,"noun","Noun, singular or mass",NA,NA
"marionette","NN","marionette",10,"noun","Noun, singular or mass",NA,NA
"real","JJ","real",4,"adjective","Adjective",NA,NA
"estate","NN","estate",6,"noun","Noun, singular or mass",NA,NA
"app","NP","App",3,"name","Proper noun, singular",NA,NA
