"token","tag","lemma","lttr","wclass","desc","stop","stem"
"UrbanSim","NP","<unknown>",8,"name","Proper noun, singular",NA,NA
"..",":","...",2,"punctuation","Punctuation",NA,NA
"image","NN","image",5,"noun","Noun, singular or mass",NA,NA
":","SENT",":",1,"fullstop","Sentence ending punctuation",NA,NA
":","SENT",":",1,"fullstop","Sentence ending punctuation",NA,NA
":","SENT",":",1,"fullstop","Sentence ending punctuation",NA,NA
"alt","JJ","alt",3,"adjective","Adjective",NA,NA
":","SENT",":",1,"fullstop","Sentence ending punctuation",NA,NA
"Build","VV","build",5,"verb","Verb, base form",NA,NA
"Status","NN","status",6,"noun","Noun, singular or mass",NA,NA
":","SENT",":",1,"fullstop","Sentence ending punctuation",NA,NA
"target","NN","target",6,"noun","Noun, singular or mass",NA,NA
":","SENT",":",1,"fullstop","Sentence ending punctuation",NA,NA
"..",":","...",2,"punctuation","Punctuation",NA,NA
"image","NN","image",5,"noun","Noun, singular or mass",NA,NA
":","SENT",":",1,"fullstop","Sentence ending punctuation",NA,NA
":","SENT",":",1,"fullstop","Sentence ending punctuation",NA,NA
":","SENT",":",1,"fullstop","Sentence ending punctuation",NA,NA
"alt","JJ","alt",3,"adjective","Adjective",NA,NA
":","SENT",":",1,"fullstop","Sentence ending punctuation",NA,NA
"Test","NP","Test",4,"name","Proper noun, singular",NA,NA
"Coverage","NP","Coverage",8,"name","Proper noun, singular",NA,NA
":","SENT",":",1,"fullstop","Sentence ending punctuation",NA,NA
"target","NN","target",6,"noun","Noun, singular or mass",NA,NA
":","SENT",":",1,"fullstop","Sentence ending punctuation",NA,NA
"New","JJ","new",3,"adjective","Adjective",NA,NA
"version","NN","version",7,"noun","Noun, singular or mass",NA,NA
"of","IN","of",2,"preposition","Preposition or subordinating conjunction",NA,NA
"UrbanSim","NP","<unknown>",8,"name","Proper noun, singular",NA,NA
",",",",",",1,"comma","Comma",NA,NA
"a","DT","a",1,"determiner","Determiner",NA,NA
"tool","NN","tool",4,"noun","Noun, singular or mass",NA,NA
"for","IN","for",3,"preposition","Preposition or subordinating conjunction",NA,NA
"modeling","VVG","model",8,"verb","Verb, gerund or present participle",NA,NA
"metropolitan","JJ","metropolitan",12,"adjective","Adjective",NA,NA
"real","JJ","real",4,"adjective","Adjective",NA,NA
"estate","NN","estate",6,"noun","Noun, singular or mass",NA,NA
"markets","NNS","market",7,"noun","Noun, plural",NA,NA
"..",":","...",2,"punctuation","Punctuation",NA,NA
"image","NN","image",5,"noun","Noun, singular or mass",NA,NA
":","SENT",":",1,"fullstop","Sentence ending punctuation",NA,NA
":","SENT",":",1,"fullstop","Sentence ending punctuation",NA,NA
":","SENT",":",1,"fullstop","Sentence ending punctuation",NA,NA
"alt","JJ","alt",3,"adjective","Adjective",NA,NA
":","SENT",":",1,"fullstop","Sentence ending punctuation",NA,NA
"UrbanSim","NP","<unknown>",8,"name","Proper noun, singular",NA,NA
"Detailed","NP","<unknown>",8,"name","Proper noun, singular",NA,NA
"documentation","NN","documentation",13,"noun","Noun, singular or mass",NA,NA
"UrbanSim","NP","<unknown>",8,"name","Proper noun, singular",NA,NA
"is","VBZ","be",2,"verb","Verb, 3rd person singular present of ""to be""",NA,NA
"now","RB","now",3,"adverb","Adverb",NA,NA
"available","JJ","available",9,"adjective","Adjective",NA,NA
".","SENT",".",1,"fullstop","Sentence ending punctuation",NA,NA
"Click","NN","click",5,"noun","Noun, singular or mass",NA,NA
"here","RB","here",4,"adverb","Adverb",NA,NA
"for","IN","for",3,"preposition","Preposition or subordinating conjunction",NA,NA
"installation","NN","installation",12,"noun","Noun, singular or mass",NA,NA
"instructions","NNS","instruction",12,"noun","Noun, plural",NA,NA
".","SENT",".",1,"fullstop","Sentence ending punctuation",NA,NA
"UrbanSim","NP","<unknown>",8,"name","Proper noun, singular",NA,NA
"History","NN","history",7,"noun","Noun, singular or mass",NA,NA
"UrbanSim","NP","<unknown>",8,"name","Proper noun, singular",NA,NA
"urban","JJ","urban",5,"adjective","Adjective",NA,NA
"development","NN","development",11,"noun","Noun, singular or mass",NA,NA
".","SENT",".",1,"fullstop","Sentence ending punctuation",NA,NA
"It","PP","it",2,"pronoun","Personal pronoun",NA,NA
"is","VBZ","be",2,"verb","Verb, 3rd person singular present of ""to be""",NA,NA
"an","DT","an",2,"determiner","Determiner",NA,NA
"open","JJ","open",4,"adjective","Adjective",NA,NA
"source","NN","source",6,"noun","Noun, singular or mass",NA,NA
"platform","NN","platform",8,"noun","Noun, singular or mass",NA,NA
"that","WDT","that",4,"determiner","Wh-determiner",NA,NA
"has","VHZ","have",3,"verb","Verb, 3rd person singular present of ""to have""",NA,NA
"been","VBN","be",4,"verb","Verb, past participle of ""to be""",NA,NA
"continuously","RB","continuously",12,"adverb","Adverb",NA,NA
"refined","VVN","refine",7,"verb","Verb, past participle",NA,NA
"and","CC","and",3,"conjunction","Coordinating conjunction",NA,NA
"distributed","VVN","distribute",11,"verb","Verb, past participle",NA,NA
"for","IN","for",3,"preposition","Preposition or subordinating conjunction",NA,NA
"planning","VVG","plan",8,"verb","Verb, gerund or present participle",NA,NA
"applications","NNS","application",12,"noun","Noun, plural",NA,NA
"around","IN","around",6,"preposition","Preposition or subordinating conjunction",NA,NA
"the","DT","the",3,"determiner","Determiner",NA,NA
"world","NN","world",5,"noun","Noun, singular or mass",NA,NA
"for","IN","for",3,"preposition","Preposition or subordinating conjunction",NA,NA
"over","IN","over",4,"preposition","Preposition or subordinating conjunction",NA,NA
"years","NNS","year",5,"noun","Noun, plural",NA,NA
".","SENT",".",1,"fullstop","Sentence ending punctuation",NA,NA
"Part","NN","part",4,"noun","Noun, singular or mass",NA,NA
"of","IN","of",2,"preposition","Preposition or subordinating conjunction",NA,NA
"the","DT","the",3,"determiner","Determiner",NA,NA
"evolution","NN","evolution",9,"noun","Noun, singular or mass",NA,NA
"of","IN","of",2,"preposition","Preposition or subordinating conjunction",NA,NA
"the","DT","the",3,"determiner","Determiner",NA,NA
"platform","NN","platform",8,"noun","Noun, singular or mass",NA,NA
"is","VBZ","be",2,"verb","Verb, 3rd person singular present of ""to be""",NA,NA
"the","DT","the",3,"determiner","Determiner",NA,NA
"necessary","JJ","necessary",9,"adjective","Adjective",NA,NA
"process","NN","process",7,"noun","Noun, singular or mass",NA,NA
"of","IN","of",2,"preposition","Preposition or subordinating conjunction",NA,NA
"re","NN","re",2,"noun","Noun, singular or mass",NA,NA
"engineering","VVG","engineer",11,"verb","Verb, gerund or present participle",NA,NA
"the","DT","the",3,"determiner","Determiner",NA,NA
"code","NN","code",4,"noun","Noun, singular or mass",NA,NA
"to","TO","to",2,"to","to",NA,NA
"take","VV","take",4,"verb","Verb, base form",NA,NA
"advantage","NN","advantage",9,"noun","Noun, singular or mass",NA,NA
"of","IN","of",2,"preposition","Preposition or subordinating conjunction",NA,NA
"new","JJ","new",3,"adjective","Adjective",NA,NA
"developments","NNS","development",12,"noun","Noun, plural",NA,NA
"in","IN","in",2,"preposition","Preposition or subordinating conjunction",NA,NA
"computational","JJ","computational",13,"adjective","Adjective",NA,NA
"libraries","NNS","library",9,"noun","Noun, plural",NA,NA
"and","CC","and",3,"conjunction","Coordinating conjunction",NA,NA
"infrastructure","NN","infrastructure",14,"noun","Noun, singular or mass",NA,NA
".","SENT",".",1,"fullstop","Sentence ending punctuation",NA,NA
"We","PP","we",2,"pronoun","Personal pronoun",NA,NA
"implemented","VVD","implement",11,"verb","Verb, past tense",NA,NA
"UrbanSim","NP","<unknown>",8,"name","Proper noun, singular",NA,NA
"initially","RB","initially",9,"adverb","Adverb",NA,NA
"in","IN","in",2,"preposition","Preposition or subordinating conjunction",NA,NA
"Java","NP","Java",4,"name","Proper noun, singular",NA,NA
"in","IN","in",2,"preposition","Preposition or subordinating conjunction",NA,NA
"the","DT","the",3,"determiner","Determiner",NA,NA
"late","JJ","late",4,"adjective","Adjective",NA,NA
"s","NN","S",1,"noun","Noun, singular or mass",NA,NA
",",",",",",1,"comma","Comma",NA,NA
"and","CC","and",3,"conjunction","Coordinating conjunction",NA,NA
"by","RB","by",2,"adverb","Adverb",NA,NA
"determined","VVN","determine",10,"verb","Verb, past participle",NA,NA
"that","IN/that","that",4,"preposition","Preposition or subordinating conjunction",NA,NA
"it","PP","it",2,"pronoun","Personal pronoun",NA,NA
"was","VBD","be",3,"verb","Verb, past tense of ""to be""",NA,NA
"time","NN","time",4,"noun","Noun, singular or mass",NA,NA
"to","TO","to",2,"to","to",NA,NA
"re","NN","re",2,"noun","Noun, singular or mass",NA,NA
"implement","VV","implement",9,"verb","Verb, base form",NA,NA
"it","PP","it",2,"pronoun","Personal pronoun",NA,NA
"in","IN","in",2,"preposition","Preposition or subordinating conjunction",NA,NA
"Python","NP","<unknown>",6,"name","Proper noun, singular",NA,NA
",",",",",",1,"comma","Comma",NA,NA
"and","CC","and",3,"conjunction","Coordinating conjunction",NA,NA
"created","VVD","create",7,"verb","Verb, past tense",NA,NA
"the","DT","the",3,"determiner","Determiner",NA,NA
"Open","JJ","open",4,"adjective","Adjective",NA,NA
"Platform","NN","platform",8,"noun","Noun, singular or mass",NA,NA
"for","IN","for",3,"preposition","Preposition or subordinating conjunction",NA,NA
"Urban","NP","Urban",5,"name","Proper noun, singular",NA,NA
"Simulation","NP","Simulation",10,"name","Proper noun, singular",NA,NA
"OPUS","NP","Opus",4,"name","Proper noun, singular",NA,NA
"software","NN","software",8,"noun","Noun, singular or mass",NA,NA
"implementation","NN","implementation",14,"noun","Noun, singular or mass",NA,NA
"at","IN","at",2,"preposition","Preposition or subordinating conjunction",NA,NA
"that","DT","that",4,"determiner","Determiner",NA,NA
"time","NN","time",4,"noun","Noun, singular or mass",NA,NA
".","SENT",".",1,"fullstop","Sentence ending punctuation",NA,NA
"Now","RB","now",3,"adverb","Adverb",NA,NA
",",",",",",1,"comma","Comma",NA,NA
"almost","RB","almost",6,"adverb","Adverb",NA,NA
"a","DT","a",1,"determiner","Determiner",NA,NA
"decade","NN","decade",6,"noun","Noun, singular or mass",NA,NA
"later","RBR","later",5,"adverb","Adverb, comparative",NA,NA
",",",",",",1,"comma","Comma",NA,NA
"it","PP","it",2,"pronoun","Personal pronoun",NA,NA
"is","VBZ","be",2,"verb","Verb, 3rd person singular present of ""to be""",NA,NA
"time","NN","time",4,"noun","Noun, singular or mass",NA,NA
"again","RB","again",5,"adverb","Adverb",NA,NA
"to","TO","to",2,"to","to",NA,NA
"revisit","VV","revisit",7,"verb","Verb, base form",NA,NA
"the","DT","the",3,"determiner","Determiner",NA,NA
"implementation","NN","implementation",14,"noun","Noun, singular or mass",NA,NA
"to","TO","to",2,"to","to",NA,NA
"take","VV","take",4,"verb","Verb, base form",NA,NA
"advantage","NN","advantage",9,"noun","Noun, singular or mass",NA,NA
"of","IN","of",2,"preposition","Preposition or subordinating conjunction",NA,NA
"an","DT","an",2,"determiner","Determiner",NA,NA
"amazing","JJ","amazing",7,"adjective","Adjective",NA,NA
"amount","NN","amount",6,"noun","Noun, singular or mass",NA,NA
"of","IN","of",2,"preposition","Preposition or subordinating conjunction",NA,NA
"innovation","NN","innovation",10,"noun","Noun, singular or mass",NA,NA
"in","IN","in",2,"preposition","Preposition or subordinating conjunction",NA,NA
"the","DT","the",3,"determiner","Determiner",NA,NA
"scientific","JJ","scientific",10,"adjective","Adjective",NA,NA
"computing","NN","computing",9,"noun","Noun, singular or mass",NA,NA
"community","NN","community",9,"noun","Noun, singular or mass",NA,NA
".","SENT",".",1,"fullstop","Sentence ending punctuation",NA,NA
"The","DT","the",3,"determiner","Determiner",NA,NA
"new","JJ","new",3,"adjective","Adjective",NA,NA
"implementation","NN","implementation",14,"noun","Noun, singular or mass",NA,NA
"is","VBZ","be",2,"verb","Verb, 3rd person singular present of ""to be""",NA,NA
"hosted","VVN","host",6,"verb","Verb, past participle",NA,NA
"on","IN","on",2,"preposition","Preposition or subordinating conjunction",NA,NA
"this","DT","this",4,"determiner","Determiner",NA,NA
"GitHub","NP","<unknown>",6,"name","Proper noun, singular",NA,NA
"site","NN","site",4,"noun","Noun, singular or mass",NA,NA
",",",",",",1,"comma","Comma",NA,NA
"and","CC","and",3,"conjunction","Coordinating conjunction",NA,NA
"maintained","VVN","maintain",10,"verb","Verb, past participle",NA,NA
"by","IN","by",2,"preposition","Preposition or subordinating conjunction",NA,NA
"UrbanSim","NP","<unknown>",8,"name","Proper noun, singular",NA,NA
"Inc","NP","Inc",3,"name","Proper noun, singular",NA,NA
".","SENT",".",1,"fullstop","Sentence ending punctuation",NA,NA
"and","CC","and",3,"conjunction","Coordinating conjunction",NA,NA
"a","DT","a",1,"determiner","Determiner",NA,NA
"growing","VVG","grow",7,"verb","Verb, gerund or present participle",NA,NA
"community","NN","community",9,"noun","Noun, singular or mass",NA,NA
"of","IN","of",2,"preposition","Preposition or subordinating conjunction",NA,NA
"contributors","NNS","contributor",12,"noun","Noun, plural",NA,NA
".","SENT",".",1,"fullstop","Sentence ending punctuation",NA,NA
"New","NP","New",3,"name","Proper noun, singular",NA,NA
"UrbanSim","NP","<unknown>",8,"name","Proper noun, singular",NA,NA
"Implementation","NP","Implementation",14,"name","Proper noun, singular",NA,NA
"This","DT","this",4,"determiner","Determiner",NA,NA
"new","JJ","new",3,"adjective","Adjective",NA,NA
"code","NN","code",4,"noun","Noun, singular or mass",NA,NA
"base","NN","base",4,"noun","Noun, singular or mass",NA,NA
"is","VBZ","be",2,"verb","Verb, 3rd person singular present of ""to be""",NA,NA
"a","DT","a",1,"determiner","Determiner",NA,NA
"streamlined","JJ","streamlined",11,"adjective","Adjective",NA,NA
"complete","JJ","complete",8,"adjective","Adjective",NA,NA
"re","NN","re",2,"noun","Noun, singular or mass",NA,NA
"implementation","NN","implementation",14,"noun","Noun, singular or mass",NA,NA
"of","IN","of",2,"preposition","Preposition or subordinating conjunction",NA,NA
"the","DT","the",3,"determiner","Determiner",NA,NA
"longstanding","JJ","longstanding",12,"adjective","Adjective",NA,NA
"UrbanSim","NP","<unknown>",8,"name","Proper noun, singular",NA,NA
"project","NN","project",7,"noun","Noun, singular or mass",NA,NA
"aimed","VVN","aim",5,"verb","Verb, past participle",NA,NA
"at","IN","at",2,"preposition","Preposition or subordinating conjunction",NA,NA
"reducing","VVG","reduce",8,"verb","Verb, gerund or present participle",NA,NA
"the","DT","the",3,"determiner","Determiner",NA,NA
"complexity","NN","complexity",10,"noun","Noun, singular or mass",NA,NA
"of","IN","of",2,"preposition","Preposition or subordinating conjunction",NA,NA
"using","VVG","use",5,"verb","Verb, gerund or present participle",NA,NA
"the","DT","the",3,"determiner","Determiner",NA,NA
"UrbanSim","NP","<unknown>",8,"name","Proper noun, singular",NA,NA
"methodology","NN","methodology",11,"noun","Noun, singular or mass",NA,NA
".","SENT",".",1,"fullstop","Sentence ending punctuation",NA,NA
"Redesigned","VVN","redesign",10,"verb","Verb, past participle",NA,NA
"from","IN","from",4,"preposition","Preposition or subordinating conjunction",NA,NA
"the","DT","the",3,"determiner","Determiner",NA,NA
"ground","NN","ground",6,"noun","Noun, singular or mass",NA,NA
"up","RB","up",2,"adverb","Adverb",NA,NA
",",",",",",1,"comma","Comma",NA,NA
"the","DT","the",3,"determiner","Determiner",NA,NA
"new","JJ","new",3,"adjective","Adjective",NA,NA
"library","NN","library",7,"noun","Noun, singular or mass",NA,NA
"is","VBZ","be",2,"verb","Verb, 3rd person singular present of ""to be""",NA,NA
"trivial","JJ","trivial",7,"adjective","Adjective",NA,NA
"to","TO","to",2,"to","to",NA,NA
"install","VV","install",7,"verb","Verb, base form",NA,NA
",",",",",",1,"comma","Comma",NA,NA
"the","DT","the",3,"determiner","Determiner",NA,NA
"development","NN","development",11,"noun","Noun, singular or mass",NA,NA
"process","NN","process",7,"noun","Noun, singular or mass",NA,NA
"is","VBZ","be",2,"verb","Verb, 3rd person singular present of ""to be""",NA,NA
"made","VVN","make",4,"verb","Verb, past participle",NA,NA
"transparent","JJ","transparent",11,"adjective","Adjective",NA,NA
"via","IN","via",3,"preposition","Preposition or subordinating conjunction",NA,NA
"this","DT","this",4,"determiner","Determiner",NA,NA
"GitHub","NP","<unknown>",6,"name","Proper noun, singular",NA,NA
"site","NN","site",4,"noun","Noun, singular or mass",NA,NA
",",",",",",1,"comma","Comma",NA,NA
"and","CC","and",3,"conjunction","Coordinating conjunction",NA,NA
"exhaustive","JJ","exhaustive",10,"adjective","Adjective",NA,NA
"documentation","NN","documentation",13,"noun","Noun, singular or mass",NA,NA
"has","VHZ","have",3,"verb","Verb, 3rd person singular present of ""to have""",NA,NA
"been","VBN","be",4,"verb","Verb, past participle of ""to be""",NA,NA
"created","VVN","create",7,"verb","Verb, past participle",NA,NA
"in","IN","in",2,"preposition","Preposition or subordinating conjunction",NA,NA
"the","DT","the",3,"determiner","Determiner",NA,NA
"hopes","NNS","hope",5,"noun","Noun, plural",NA,NA
"of","IN","of",2,"preposition","Preposition or subordinating conjunction",NA,NA
"making","VVG","make",6,"verb","Verb, gerund or present participle",NA,NA
"modeling","NN","modeling",8,"noun","Noun, singular or mass",NA,NA
"much","RB","much",4,"adverb","Adverb",NA,NA
"more","RBR","more",4,"adverb","Adverb, comparative",NA,NA
"widely","RB","widely",6,"adverb","Adverb",NA,NA
"accessible","JJ","accessible",10,"adjective","Adjective",NA,NA
"to","TO","to",2,"to","to",NA,NA
"planners","NNS","planner",8,"noun","Noun, plural",NA,NA
"and","CC","and",3,"conjunction","Coordinating conjunction",NA,NA
"new","JJ","new",3,"adjective","Adjective",NA,NA
"modelers","NNS","modeler",8,"noun","Noun, plural",NA,NA
".","SENT",".",1,"fullstop","Sentence ending punctuation",NA,NA
"We","PP","we",2,"pronoun","Personal pronoun",NA,NA
"lean","VVP","lean",4,"verb","Verb, non-3rd person singular present",NA,NA
"heavily","RB","heavily",7,"adverb","Adverb",NA,NA
"on","IN","on",2,"preposition","Preposition or subordinating conjunction",NA,NA
"the","DT","the",3,"determiner","Determiner",NA,NA
"PyData","NP","<unknown>",6,"name","Proper noun, singular",NA,NA
"our","PP$","our",3,"pronoun","Possessive pronoun",NA,NA
"work","NN","work",4,"noun","Noun, singular or mass",NA,NA
"easier","RBR","easier",6,"adverb","Adverb, comparative",NA,NA
"Pandas","NP","<unknown>",6,"name","Proper noun, singular",NA,NA
",",",",",",1,"comma","Comma",NA,NA
"IPython","NP","<unknown>",7,"name","Proper noun, singular",NA,NA
"statsmodels","VVZ","<unknown>",11,"verb","Verb, 3rd person singular present",NA,NA
"this","DT","this",4,"determiner","Determiner",NA,NA
"work","NN","work",4,"noun","Noun, singular or mass",NA,NA
".","SENT",".",1,"fullstop","Sentence ending punctuation",NA,NA
"These","DT","these",5,"determiner","Determiner",NA,NA
"Python","NP","<unknown>",6,"name","Proper noun, singular",NA,NA
"libraries","NNS","library",9,"noun","Noun, plural",NA,NA
"essentially","RB","essentially",11,"adverb","Adverb",NA,NA
"replace","VVP","replace",7,"verb","Verb, non-3rd person singular present",NA,NA
"the","DT","the",3,"determiner","Determiner",NA,NA
"UrbanSim","NP","<unknown>",8,"name","Proper noun, singular",NA,NA
"Dataset","NP","<unknown>",7,"name","Proper noun, singular",NA,NA
"class","NN","class",5,"noun","Noun, singular or mass",NA,NA
",",",",",",1,"comma","Comma",NA,NA
"tools","NNS","tool",5,"noun","Noun, plural",NA,NA
"to","TO","to",2,"to","to",NA,NA
"read","VV","read",4,"verb","Verb, base form",NA,NA
"and","CC","and",3,"conjunction","Coordinating conjunction",NA,NA
"write","VV","write",5,"verb","Verb, base form",NA,NA
"from","IN","from",4,"preposition","Preposition or subordinating conjunction",NA,NA
"other","JJ","other",5,"adjective","Adjective",NA,NA
"storage","NN","storage",7,"noun","Noun, singular or mass",NA,NA
",",",",",",1,"comma","Comma",NA,NA
"and","CC","and",3,"conjunction","Coordinating conjunction",NA,NA
"some","DT","some",4,"determiner","Determiner",NA,NA
"of","IN","of",2,"preposition","Preposition or subordinating conjunction",NA,NA
"the","DT","the",3,"determiner","Determiner",NA,NA
"statistical","JJ","statistical",11,"adjective","Adjective",NA,NA
"estimation","NN","estimation",10,"noun","Noun, singular or mass",NA,NA
"previously","RB","previously",10,"adverb","Adverb",NA,NA
"implemented","VVN","implement",11,"verb","Verb, past participle",NA,NA
"by","IN","by",2,"preposition","Preposition or subordinating conjunction",NA,NA
"UrbanSim","NP","<unknown>",8,"name","Proper noun, singular",NA,NA
".","SENT",".",1,"fullstop","Sentence ending punctuation",NA,NA
"This","DT","this",4,"determiner","Determiner",NA,NA
"makes","VVZ","make",5,"verb","Verb, 3rd person singular present",NA,NA
"our","PP$","our",3,"pronoun","Possessive pronoun",NA,NA
"task","NN","task",4,"noun","Noun, singular or mass",NA,NA
"easier","RBR","easier",6,"adverb","Adverb, comparative",NA,NA
"as","IN","as",2,"preposition","Preposition or subordinating conjunction",NA,NA
"we","PP","we",2,"pronoun","Personal pronoun",NA,NA
"can","MD","can",3,"modal","Modal",NA,NA
"focus","VV","focus",5,"verb","Verb, base form",NA,NA
"on","IN","on",2,"preposition","Preposition or subordinating conjunction",NA,NA
"urban","JJ","urban",5,"adjective","Adjective",NA,NA
"modeling","NN","modeling",8,"noun","Noun, singular or mass",NA,NA
"and","CC","and",3,"conjunction","Coordinating conjunction",NA,NA
"leave","VV","leave",5,"verb","Verb, base form",NA,NA
"the","DT","the",3,"determiner","Determiner",NA,NA
"infrastructure","NN","infrastructure",14,"noun","Noun, singular or mass",NA,NA
"to","TO","to",2,"to","to",NA,NA
"the","DT","the",3,"determiner","Determiner",NA,NA
"wider","JJR","wide",5,"adjective","Adjective, comparative",NA,NA
"Python","NP","<unknown>",6,"name","Proper noun, singular",NA,NA
"community","NN","community",9,"noun","Noun, singular or mass",NA,NA
".","SENT",".",1,"fullstop","Sentence ending punctuation",NA,NA
"The","DT","the",3,"determiner","Determiner",NA,NA
"Pandas","NP","<unknown>",6,"name","Proper noun, singular",NA,NA
"UrbanSim","NP","<unknown>",8,"name","Proper noun, singular",NA,NA
",",",",",",1,"comma","Comma",NA,NA
"which","WDT","which",5,"determiner","Wh-determiner",NA,NA
"is","VBZ","be",2,"verb","Verb, 3rd person singular present of ""to be""",NA,NA
"an","DT","an",2,"determiner","Determiner",NA,NA
"extremely","RB","extremely",9,"adverb","Adverb",NA,NA
"popular","JJ","popular",7,"adjective","Adjective",NA,NA
"data","NNS","datum",4,"noun","Noun, plural",NA,NA
"manipulation","NN","manipulation",12,"noun","Noun, singular or mass",NA,NA
"library","NN","library",7,"noun","Noun, singular or mass",NA,NA
"with","IN","with",4,"preposition","Preposition or subordinating conjunction",NA,NA
"a","DT","a",1,"determiner","Determiner",NA,NA
"large","JJ","large",5,"adjective","Adjective",NA,NA
"community","NN","community",9,"noun","Noun, singular or mass",NA,NA
"providing","VVG","provide",9,"verb","Verb, gerund or present participle",NA,NA
"support","NN","support",7,"noun","Noun, singular or mass",NA,NA
"and","CC","and",3,"conjunction","Coordinating conjunction",NA,NA
"a","DT","a",1,"determiner","Determiner",NA,NA
"very","RB","very",4,"adverb","Adverb",NA,NA
"helpful","JJ","helpful",7,"adjective","Adjective",NA,NA
"book","NN","book",4,"noun","Noun, singular or mass",NA,NA
"We","PP","we",2,"pronoun","Personal pronoun",NA,NA
"have","VHP","have",4,"verb","Verb, non-3rd person singular present of ""to have""",NA,NA
"now","RB","now",3,"adverb","Adverb",NA,NA
"converted","VVN","convert",9,"verb","Verb, past participle",NA,NA
"a","DT","a",1,"determiner","Determiner",NA,NA
"full","JJ","full",4,"adjective","Adjective",NA,NA
"set","NN","set",3,"noun","Noun, singular or mass",NA,NA
"of","IN","of",2,"preposition","Preposition or subordinating conjunction",NA,NA
"UrbanSim","NP","<unknown>",8,"name","Proper noun, singular",NA,NA
"models","NNS","model",6,"noun","Noun, plural",NA,NA
"to","TO","to",2,"to","to",NA,NA
"the","DT","the",3,"determiner","Determiner",NA,NA
"new","JJ","new",3,"adjective","Adjective",NA,NA
"framework","NN","framework",9,"noun","Noun, singular or mass",NA,NA
",",",",",",1,"comma","Comma",NA,NA
"and","CC","and",3,"conjunction","Coordinating conjunction",NA,NA
"have","VH","have",4,"verb","Verb, base form of ""to have""",NA,NA
"running","VVG","run",7,"verb","Verb, gerund or present participle",NA,NA
"applications","NNS","application",12,"noun","Noun, plural",NA,NA
"for","IN","for",3,"preposition","Preposition or subordinating conjunction",NA,NA
"the","DT","the",3,"determiner","Determiner",NA,NA
"Paris","NP","Paris",5,"name","Proper noun, singular",NA,NA
",",",",",",1,"comma","Comma",NA,NA
"Albuquerque","NP","Albuquerque",11,"name","Proper noun, singular",NA,NA
",",",",",",1,"comma","Comma",NA,NA
"Denver","NP","Denver",6,"name","Proper noun, singular",NA,NA
",",",",",",1,"comma","Comma",NA,NA
"Bay","NP","Bay",3,"name","Proper noun, singular",NA,NA
"Area","NP","Area",4,"name","Proper noun, singular",NA,NA
",",",",",",1,"comma","Comma",NA,NA
"and","CC","and",3,"conjunction","Coordinating conjunction",NA,NA
"Detroit","NP","Detroit",7,"name","Proper noun, singular",NA,NA
"regions","NNS","region",7,"noun","Noun, plural",NA,NA
".","SENT",".",1,"fullstop","Sentence ending punctuation",NA,NA
"We","PP","we",2,"pronoun","Personal pronoun",NA,NA
"have","VHP","have",4,"verb","Verb, non-3rd person singular present of ""to have""",NA,NA
"implemented","VVN","implement",11,"verb","Verb, past participle",NA,NA
"a","DT","a",1,"determiner","Determiner",NA,NA
"complete","JJ","complete",8,"adjective","Adjective",NA,NA
"set","NN","set",3,"noun","Noun, singular or mass",NA,NA
"of","IN","of",2,"preposition","Preposition or subordinating conjunction",NA,NA
"hedonic","JJ","hedonic",7,"adjective","Adjective",NA,NA
"price","NN","price",5,"noun","Noun, singular or mass",NA,NA
"models","NNS","model",6,"noun","Noun, plural",NA,NA
",",",",",",1,"comma","Comma",NA,NA
"location","NN","location",8,"noun","Noun, singular or mass",NA,NA
"choice","NN","choice",6,"noun","Noun, singular or mass",NA,NA
"models","NNS","model",6,"noun","Noun, plural",NA,NA
",",",",",",1,"comma","Comma",NA,NA
"relocation","NN","relocation",10,"noun","Noun, singular or mass",NA,NA
"and","CC","and",3,"conjunction","Coordinating conjunction",NA,NA
"transition","NN","transition",10,"noun","Noun, singular or mass",NA,NA
"models","NNS","model",6,"noun","Noun, plural",NA,NA
",",",",",",1,"comma","Comma",NA,NA
"as","RB","as",2,"adverb","Adverb",NA,NA
"well","RB","well",4,"adverb","Adverb",NA,NA
"as","IN","as",2,"preposition","Preposition or subordinating conjunction",NA,NA
"a","DT","a",1,"determiner","Determiner",NA,NA
"new","JJ","new",3,"adjective","Adjective",NA,NA
"real","JJ","real",4,"adjective","Adjective",NA,NA
"estate","NN","estate",6,"noun","Noun, singular or mass",NA,NA
"development","NN","development",11,"noun","Noun, singular or mass",NA,NA
"model","NN","model",5,"noun","Noun, singular or mass",NA,NA
"using","VVG","use",5,"verb","Verb, gerund or present participle",NA,NA
"proforma","NN","<unknown>",8,"noun","Noun, singular or mass",NA,NA
"analysis","NN","analysis",8,"noun","Noun, singular or mass",NA,NA
".","SENT",".",1,"fullstop","Sentence ending punctuation",NA,NA
"We","PP","we",2,"pronoun","Personal pronoun",NA,NA
"do","VVP","do",2,"verb","Verb, non-3rd person singular present",NA,NA
"strongly","RB","strongly",8,"adverb","Adverb",NA,NA
"recommend","VV","recommend",9,"verb","Verb, base form",NA,NA
"that","IN/that","that",4,"preposition","Preposition or subordinating conjunction",NA,NA
"you","PP","you",3,"pronoun","Personal pronoun",NA,NA
"contact","VV","contact",7,"verb","Verb, base form",NA,NA
"the","DT","the",3,"determiner","Determiner",NA,NA
"team","NN","team",4,"noun","Noun, singular or mass",NA,NA
"at","IN","at",2,"preposition","Preposition or subordinating conjunction",NA,NA
"www","NNS","<unknown>",3,"noun","Noun, plural",NA,NA
".","SENT",".",1,"fullstop","Sentence ending punctuation",NA,NA
"urbansim","NNS","<unknown>",8,"noun","Noun, plural",NA,NA
".","SENT",".",1,"fullstop","Sentence ending punctuation",NA,NA
"com","NN","com",3,"noun","Noun, singular or mass",NA,NA
"about","IN","about",5,"preposition","Preposition or subordinating conjunction",NA,NA
"your","PP$","your",4,"pronoun","Possessive pronoun",NA,NA
"project","NN","project",7,"noun","Noun, singular or mass",NA,NA
"to","TO","to",2,"to","to",NA,NA
"make","VV","make",4,"verb","Verb, base form",NA,NA
"sure","JJ","sure",4,"adjective","Adjective",NA,NA
"you","PP","you",3,"pronoun","Personal pronoun",NA,NA
"can","MD","can",3,"modal","Modal",NA,NA
"get","VV","get",3,"verb","Verb, base form",NA,NA
"support","NN","support",7,"noun","Noun, singular or mass",NA,NA
"when","WRB","when",4,"adverb","Wh-adverb",NA,NA
"you","PP","you",3,"pronoun","Personal pronoun",NA,NA
"need","VVP","need",4,"verb","Verb, non-3rd person singular present",NA,NA
"it","PP","it",2,"pronoun","Personal pronoun",NA,NA
",",",",",",1,"comma","Comma",NA,NA
"and","CC","and",3,"conjunction","Coordinating conjunction",NA,NA
"know","VV","know",4,"verb","Verb, base form",NA,NA
"what","WP","what",4,"pronoun","Wh-pronoun",NA,NA
"you","PP","you",3,"pronoun","Personal pronoun",NA,NA
"are","VBP","be",3,"verb","Verb, non-3rd person singular present of ""to be""",NA,NA
"getting","VVG","get",7,"verb","Verb, gerund or present participle",NA,NA
"into","IN","into",4,"preposition","Preposition or subordinating conjunction",NA,NA
".","SENT",".",1,"fullstop","Sentence ending punctuation",NA,NA
"For","IN","for",3,"preposition","Preposition or subordinating conjunction",NA,NA
"major","JJ","major",5,"adjective","Adjective",NA,NA
"applied","JJ","applied",7,"adjective","Adjective",NA,NA
"projects","NNS","project",8,"noun","Noun, plural",NA,NA
",",",",",",1,"comma","Comma",NA,NA
"professional","JJ","professional",12,"adjective","Adjective",NA,NA
"support","NN","support",7,"noun","Noun, singular or mass",NA,NA
"is","VBZ","be",2,"verb","Verb, 3rd person singular present of ""to be""",NA,NA
"highly","RB","highly",6,"adverb","Adverb",NA,NA
"recommended","VVN","recommend",11,"verb","Verb, past participle",NA,NA
".","SENT",".",1,"fullstop","Sentence ending punctuation",NA,NA
