"token","tag","lemma","lttr","wclass","desc","stop","stem"
"Joomla","NP","<unknown>",6,"name","Proper noun, singular",NA,NA
"Estate","NP","Estate",6,"name","Proper noun, singular",NA,NA
"Agency","NP","Agency",6,"name","Proper noun, singular",NA,NA
"JEA","NP","<unknown>",3,"name","Proper noun, singular",NA,NA
"component","NN","component",9,"noun","Noun, singular or mass",NA,NA
"This","DT","this",4,"determiner","Determiner",NA,NA
"is","VBZ","be",2,"verb","Verb, 3rd person singular present of ""to be""",NA,NA
"the","DT","the",3,"determiner","Determiner",NA,NA
"new","JJ","new",3,"adjective","Adjective",NA,NA
"official","NN","official",8,"noun","Noun, singular or mass",NA,NA
"code","NN","code",4,"noun","Noun, singular or mass",NA,NA
"repository","NN","repository",10,"noun","Noun, singular or mass",NA,NA
".","SENT",".",1,"fullstop","Sentence ending punctuation",NA,NA
"What","WP","What",4,"pronoun","Wh-pronoun",NA,NA
"is","VBZ","be",2,"verb","Verb, 3rd person singular present of ""to be""",NA,NA
"JEA","NP","<unknown>",3,"name","Proper noun, singular",NA,NA
"JEA","NP","<unknown>",3,"name","Proper noun, singular",NA,NA
"is","VBZ","be",2,"verb","Verb, 3rd person singular present of ""to be""",NA,NA
"a","DT","a",1,"determiner","Determiner",NA,NA
"real","JJ","real",4,"adjective","Adjective",NA,NA
"estate","NN","estate",6,"noun","Noun, singular or mass",NA,NA
"extension","NN","extension",9,"noun","Noun, singular or mass",NA,NA
"for","IN","for",3,"preposition","Preposition or subordinating conjunction",NA,NA
"the","DT","the",3,"determiner","Determiner",NA,NA
"Joomla","NP","<unknown>",6,"name","Proper noun, singular",NA,NA
"CMS","NP","CMS",3,"name","Proper noun, singular",NA,NA
"More","JJR","more",4,"adjective","Adjective, comparative",NA,NA
"infos","NNS","info",5,"noun","Noun, plural",NA,NA
"can","MD","can",3,"modal","Modal",NA,NA
"be","VB","be",2,"verb","Verb, base form of ""to be""",NA,NA
"found","VVN","find",5,"verb","Verb, past participle",NA,NA
"on","IN","on",2,"preposition","Preposition or subordinating conjunction",NA,NA
"the","DT","the",3,"determiner","Determiner",NA,NA
"Joomla","NP","<unknown>",6,"name","Proper noun, singular",NA,NA
"Extensions","NP","<unknown>",10,"name","Proper noun, singular",NA,NA
"Directory","NP","<unknown>",9,"name","Proper noun, singular",NA,NA
"Try","VVP","try",3,"verb","Verb, non-3rd person singular present",NA,NA
"a","DT","a",1,"determiner","Determiner",NA,NA
"demo","NN","demo",4,"noun","Noun, singular or mass",NA,NA
"Support","NP","<unknown>",7,"name","Proper noun, singular",NA,NA
"Documentation","NP","<unknown>",13,"name","Proper noun, singular",NA,NA
"Forum","NP","Forum",5,"name","Proper noun, singular",NA,NA
"Credits","NP","<unknown>",7,"name","Proper noun, singular",NA,NA
"JEA","NP","<unknown>",3,"name","Proper noun, singular",NA,NA
"is","VBZ","be",2,"verb","Verb, 3rd person singular present of ""to be""",NA,NA
"released","VVN","release",8,"verb","Verb, past participle",NA,NA
"under","IN","under",5,"preposition","Preposition or subordinating conjunction",NA,NA
"the","DT","the",3,"determiner","Determiner",NA,NA
"GNU","NP","<unknown>",3,"name","Proper noun, singular",NA,NA
"GPL","NP","<unknown>",3,"name","Proper noun, singular",NA,NA
"licence","NN","licence",7,"noun","Noun, singular or mass",NA,NA
"V","NN","V",1,"noun","Noun, singular or mass",NA,NA
"Main","JJ","main",4,"adjective","Adjective",NA,NA
"developer","NN","developer",9,"noun","Noun, singular or mass",NA,NA
":","SENT",":",1,"fullstop","Sentence ending punctuation",NA,NA
"Sylvain","NP","Sylvain",7,"name","Proper noun, singular",NA,NA
"Philip","NP","Philip",6,"name","Proper noun, singular",NA,NA
"Contributions","NNS","contribution",13,"noun","Noun, plural",NA,NA
":","SENT",":",1,"fullstop","Sentence ending punctuation",NA,NA
"Roberto","NP","Roberto",7,"name","Proper noun, singular",NA,NA
"Segura","NP","Segura",6,"name","Proper noun, singular",NA,NA
