"token","tag","lemma","lttr","wclass","desc","stop","stem"
"Python","NN","python",6,"noun","Noun, singular or mass",NA,NA
"Jumpstart","NP","<unknown>",9,"name","Proper noun, singular",NA,NA
"by","IN","by",2,"preposition","Preposition or subordinating conjunction",NA,NA
"Building","NP","Building",8,"name","Proper noun, singular",NA,NA
"Apps","NP","<unknown>",4,"name","Proper noun, singular",NA,NA
"Course","NP","Course",6,"name","Proper noun, singular",NA,NA
"Demos","NP","Demos",5,"name","Proper noun, singular",NA,NA
"This","DT","this",4,"determiner","Determiner",NA,NA
"repository","NN","repository",10,"noun","Noun, singular or mass",NA,NA
"contains","VVZ","contain",8,"verb","Verb, 3rd person singular present",NA,NA
"all","PDT","all",3,"predeterminer","Predeterminer",NA,NA
"the","DT","the",3,"determiner","Determiner",NA,NA
"handout","NN","handout",7,"noun","Noun, singular or mass",NA,NA
"materials","NNS","material",9,"noun","Noun, plural",NA,NA
"for","IN","for",3,"preposition","Preposition or subordinating conjunction",NA,NA
"my","PP$","my",2,"pronoun","Possessive pronoun",NA,NA
"Python","NP","<unknown>",6,"name","Proper noun, singular",NA,NA
"Jumpstart","NP","<unknown>",9,"name","Proper noun, singular",NA,NA
"by","IN","by",2,"preposition","Preposition or subordinating conjunction",NA,NA
"Building","NP","Building",8,"name","Proper noun, singular",NA,NA
"Apps","NP","<unknown>",4,"name","Proper noun, singular",NA,NA
"course","NN","course",6,"noun","Noun, singular or mass",NA,NA
"Register","NP","Register",8,"name","Proper noun, singular",NA,NA
"for","IN","for",3,"preposition","Preposition or subordinating conjunction",NA,NA
"the","DT","the",3,"determiner","Determiner",NA,NA
"course","NN","course",6,"noun","Noun, singular or mass",NA,NA
"Not","RB","not",3,"adverb","Adverb",NA,NA
"familiar","JJ","familiar",8,"adjective","Adjective",NA,NA
"with","IN","with",4,"preposition","Preposition or subordinating conjunction",NA,NA
"my","PP$","my",2,"pronoun","Possessive pronoun",NA,NA
"Python","NP","<unknown>",6,"name","Proper noun, singular",NA,NA
"jumpstart","NN","jumpstart",9,"noun","Noun, singular or mass",NA,NA
"course","NN","course",6,"noun","Noun, singular or mass",NA,NA
"Here","RB","here",4,"adverb","Adverb",NA,NA
"s","VVZ","<unknown>",1,"verb","Verb, 3rd person singular present",NA,NA
"a","DT","a",1,"determiner","Determiner",NA,NA
"quick","JJ","quick",5,"adjective","Adjective",NA,NA
"intro","NN","intro",5,"noun","Noun, singular or mass",NA,NA
"video","NN","video",5,"noun","Noun, singular or mass",NA,NA
".","SENT",".",1,"fullstop","Sentence ending punctuation",NA,NA
"Learn","VV","learn",5,"verb","Verb, base form",NA,NA
"more","RBR","more",4,"adverb","Adverb, comparative",NA,NA
"about","IN","about",5,"preposition","Preposition or subordinating conjunction",NA,NA
"Python","NP","<unknown>",6,"name","Proper noun, singular",NA,NA
"Jumpstart","NP","<unknown>",9,"name","Proper noun, singular",NA,NA
"by","IN","by",2,"preposition","Preposition or subordinating conjunction",NA,NA
"Building","NP","Building",8,"name","Proper noun, singular",NA,NA
"Apps","NP","<unknown>",4,"name","Proper noun, singular",NA,NA
"Course","NP","Course",6,"name","Proper noun, singular",NA,NA
"readme","NN","<unknown>",6,"noun","Noun, singular or mass",NA,NA
"resources","NNS","resource",9,"noun","Noun, plural",NA,NA
"video","JJ","video",5,"adjective","Adjective",NA,NA
"play","NN","play",4,"noun","Noun, singular or mass",NA,NA
".","SENT",".",1,"fullstop","Sentence ending punctuation",NA,NA
"png","NP","Png",3,"name","Proper noun, singular",NA,NA
"The","NP","The",3,"name","Proper noun, singular",NA,NA
"apps","VVZ","<unknown>",4,"verb","Verb, 3rd person singular present",NA,NA
"What","WP","What",4,"pronoun","Wh-pronoun",NA,NA
"applications","NNS","application",12,"noun","Noun, plural",NA,NA
"will","MD","will",4,"modal","Modal",NA,NA
"we","PP","we",2,"pronoun","Personal pronoun",NA,NA
"build","VV","build",5,"verb","Verb, base form",NA,NA
"We","PP","we",2,"pronoun","Personal pronoun",NA,NA
"will","MD","will",4,"modal","Modal",NA,NA
"build","VV","build",5,"verb","Verb, base form",NA,NA
"the","DT","the",3,"determiner","Determiner",NA,NA
"following","VVG","follow",9,"verb","Verb, gerund or present participle",NA,NA
"apps","NNS","<unknown>",4,"noun","Noun, plural",NA,NA
",",",",",",1,"comma","Comma",NA,NA
"which","WDT","which",5,"determiner","Wh-determiner",NA,NA
"among","IN","among",5,"preposition","Preposition or subordinating conjunction",NA,NA
"many","JJ","many",4,"adjective","Adjective",NA,NA
"other","JJ","other",5,"adjective","Adjective",NA,NA
"things","NNS","thing",6,"noun","Noun, plural",NA,NA
",",",",",",1,"comma","Comma",NA,NA
"focus","NN","focus",5,"noun","Noun, singular or mass",NA,NA
"on","IN","on",2,"preposition","Preposition or subordinating conjunction",NA,NA
"the","DT","the",3,"determiner","Determiner",NA,NA
"language","NN","language",8,"noun","Noun, singular or mass",NA,NA
"concepts","NNS","concept",8,"noun","Noun, plural",NA,NA
"listed","VVN","list",6,"verb","Verb, past participle",NA,NA
"under","IN","under",5,"preposition","Preposition or subordinating conjunction",NA,NA
"them","PP","them",4,"pronoun","Personal pronoun",NA,NA
".","SENT",".",1,"fullstop","Sentence ending punctuation",NA,NA
".","SENT",".",1,"fullstop","Sentence ending punctuation",NA,NA
"Hello","UH","Hello",5,"interjection","Interjection",NA,NA
"world","NN","world",5,"noun","Noun, singular or mass",NA,NA
"test","VV","test",4,"verb","Verb, base form",NA,NA
"your","PP$","your",4,"pronoun","Possessive pronoun",NA,NA
"environment","NN","environment",11,"noun","Noun, singular or mass",NA,NA
".","SENT",".",1,"fullstop","Sentence ending punctuation",NA,NA
"Guess","VV","guess",5,"verb","Verb, base form",NA,NA
"that","IN/that","that",4,"preposition","Preposition or subordinating conjunction",NA,NA
"number","NN","number",6,"noun","Noun, singular or mass",NA,NA
"user","NN","user",4,"noun","Noun, singular or mass",NA,NA
"input","NN","input",5,"noun","Noun, singular or mass",NA,NA
"conditionals","NNS","<unknown>",12,"noun","Noun, plural",NA,NA
"string","VVP","string",6,"verb","Verb, non-3rd person singular present",NA,NA
"parsing","VVG","parse",7,"verb","Verb, gerund or present participle",NA,NA
".","SENT",".",1,"fullstop","Sentence ending punctuation",NA,NA
"Birthday","NP","Birthday",8,"name","Proper noun, singular",NA,NA
"app","NP","App",3,"name","Proper noun, singular",NA,NA
"dates","NNS","date",5,"noun","Noun, plural",NA,NA
"and","CC","and",3,"conjunction","Coordinating conjunction",NA,NA
"times","NNS","time",5,"noun","Noun, plural",NA,NA
".","SENT",".",1,"fullstop","Sentence ending punctuation",NA,NA
"Personal","JJ","personal",8,"adjective","Adjective",NA,NA
"journal","NN","journal",7,"noun","Noun, singular or mass",NA,NA
"text","NN","text",4,"noun","Noun, singular or mass",NA,NA
"based","VVN","base",5,"verb","Verb, past participle",NA,NA
"file","NN","file",4,"noun","Noun, singular or mass",NA,NA
"i","FW","i",1,"foreign","Foreign word",NA,NA
"o","NN","o",1,"noun","Noun, singular or mass",NA,NA
".","SENT",".",1,"fullstop","Sentence ending punctuation",NA,NA
"Weather","NN","weather",7,"noun","Noun, singular or mass",NA,NA
"client","NN","client",6,"noun","Noun, singular or mass",NA,NA
"external","JJ","external",8,"adjective","Adjective",NA,NA
"packages","NNS","package",8,"noun","Noun, plural",NA,NA
"pip","VVP","pip",3,"verb","Verb, non-3rd person singular present",NA,NA
"screen","NN","screen",6,"noun","Noun, singular or mass",NA,NA
"scraping","VVG","scrape",8,"verb","Verb, gerund or present participle",NA,NA
"HTTP","NP","<unknown>",4,"name","Proper noun, singular",NA,NA
"clients","NNS","client",7,"noun","Noun, plural",NA,NA
".","SENT",".",1,"fullstop","Sentence ending punctuation",NA,NA
"LOL","NP","<unknown>",3,"name","Proper noun, singular",NA,NA
"Cats","NP","<unknown>",4,"name","Proper noun, singular",NA,NA
"Factory","NP","Factory",7,"name","Proper noun, singular",NA,NA
"binary","JJ","binary",6,"adjective","Adjective",NA,NA
"files","NNS","file",5,"noun","Noun, plural",NA,NA
"on","IN","on",2,"preposition","Preposition or subordinating conjunction",NA,NA
"the","DT","the",3,"determiner","Determiner",NA,NA
"internet","NN","Internet",8,"noun","Noun, singular or mass",NA,NA
".","SENT",".",1,"fullstop","Sentence ending punctuation",NA,NA
"Wizard","JJ","wizard",6,"adjective","Adjective",NA,NA
"battle","NN","battle",6,"noun","Noun, singular or mass",NA,NA
"classes","NNS","class",7,"noun","Noun, plural",NA,NA
"inheritance","NN","inheritance",11,"noun","Noun, singular or mass",NA,NA
"magic","NN","magic",5,"noun","Noun, singular or mass",NA,NA
"methods","NNS","method",7,"noun","Noun, plural",NA,NA
".","SENT",".",1,"fullstop","Sentence ending punctuation",NA,NA
"File","NN","file",4,"noun","Noun, singular or mass",NA,NA
"searcher","NN","searcher",8,"noun","Noun, singular or mass",NA,NA
"navigating","VVG","navigate",10,"verb","Verb, gerund or present participle",NA,NA
"the","DT","the",3,"determiner","Determiner",NA,NA
"file","NN","file",4,"noun","Noun, singular or mass",NA,NA
"system","NN","system",6,"noun","Noun, singular or mass",NA,NA
"generator","NN","generator",9,"noun","Noun, singular or mass",NA,NA
"methods","NNS","method",7,"noun","Noun, plural",NA,NA
".","SENT",".",1,"fullstop","Sentence ending punctuation",NA,NA
"Real","JJ","real",4,"adjective","Adjective",NA,NA
"estate","NN","estate",6,"noun","Noun, singular or mass",NA,NA
"analyzer","NN","analyzer",8,"noun","Noun, singular or mass",NA,NA
"file","NN","file",4,"noun","Noun, singular or mass",NA,NA
"formats","VVZ","format",7,"verb","Verb, 3rd person singular present",NA,NA
"list","NN","list",4,"noun","Noun, singular or mass",NA,NA
"comprehensions","NNS","comprehension",14,"noun","Noun, plural",NA,NA
"generators","NNS","generator",10,"noun","Noun, plural",NA,NA
"expressions","NNS","expression",11,"noun","Noun, plural",NA,NA
".","SENT",".",1,"fullstop","Sentence ending punctuation",NA,NA
"Movie","NN","movie",5,"noun","Noun, singular or mass",NA,NA
"lookup","NN","<unknown>",6,"noun","Noun, singular or mass",NA,NA
"app","NP","App",3,"name","Proper noun, singular",NA,NA
"error","NN","error",5,"noun","Noun, singular or mass",NA,NA
"handling","NN","handling",8,"noun","Noun, singular or mass",NA,NA
"exceptions","NNS","exception",10,"noun","Noun, plural",NA,NA
"Advanced","NP","Advanced",8,"name","Proper noun, singular",NA,NA
"HTTP","NP","<unknown>",4,"name","Proper noun, singular",NA,NA
"clients","NNS","client",7,"noun","Noun, plural",NA,NA
"Thanks","NNS","Thank",6,"noun","Noun, plural",NA,NA
"to","TO","to",2,"to","to",NA,NA
"my","PP$","my",2,"pronoun","Possessive pronoun",NA,NA
"backers","NNS","backer",7,"noun","Noun, plural",NA,NA
"Thanks","NNS","Thank",6,"noun","Noun, plural",NA,NA
"to","TO","to",2,"to","to",NA,NA
"everyone","NN","everyone",8,"noun","Noun, singular or mass",NA,NA
"who","WP","who",3,"pronoun","Wh-pronoun",NA,NA
"backed","VVD","back",6,"verb","Verb, past tense",NA,NA
"the","DT","the",3,"determiner","Determiner",NA,NA
"Kickstarter","NP","<unknown>",11,"name","Proper noun, singular",NA,NA
"campaign","NN","campaign",8,"noun","Noun, singular or mass",NA,NA
".","SENT",".",1,"fullstop","Sentence ending punctuation",NA,NA
"I","PP","I",1,"pronoun","Personal pronoun",NA,NA
"want","VVP","want",4,"verb","Verb, non-3rd person singular present",NA,NA
"to","TO","to",2,"to","to",NA,NA
"give","VV","give",4,"verb","Verb, base form",NA,NA
"a","DT","a",1,"determiner","Determiner",NA,NA
"special","JJ","special",7,"adjective","Adjective",NA,NA
"thanks","NNS","thank",6,"noun","Noun, plural",NA,NA
"to","TO","to",2,"to","to",NA,NA
"backers","NNS","backer",7,"noun","Noun, plural",NA,NA
"who","WP","who",3,"pronoun","Wh-pronoun",NA,NA
"backed","VVD","back",6,"verb","Verb, past tense",NA,NA
"the","DT","the",3,"determiner","Determiner",NA,NA
"project","NN","project",7,"noun","Noun, singular or mass",NA,NA
"at","IN","at",2,"preposition","Preposition or subordinating conjunction",NA,NA
"extra","JJ","extra",5,"adjective","Adjective",NA,NA
"level","NN","level",5,"noun","Noun, singular or mass",NA,NA
"Want","NP","Want",4,"name","Proper noun, singular",NA,NA
"to","TO","to",2,"to","to",NA,NA
"enroll","VV","enroll",6,"verb","Verb, base form",NA,NA
"in","IN","in",2,"preposition","Preposition or subordinating conjunction",NA,NA
"the","DT","the",3,"determiner","Determiner",NA,NA
"course","NN","course",6,"noun","Noun, singular or mass",NA,NA
"That","DT","that",4,"determiner","Determiner",NA,NA
"d","NN","d",1,"noun","Noun, singular or mass",NA,NA
"be","VB","be",2,"verb","Verb, base form of ""to be""",NA,NA
"wonderful","JJ","wonderful",9,"adjective","Adjective",NA,NA
"Currently","RB","currently",9,"adverb","Adverb",NA,NA
"it","PP","it",2,"pronoun","Personal pronoun",NA,NA
"s","VVZ","<unknown>",1,"verb","Verb, 3rd person singular present",NA,NA
"in","IN","in",2,"preposition","Preposition or subordinating conjunction",NA,NA
"production","NN","production",10,"noun","Noun, singular or mass",NA,NA
".","SENT",".",1,"fullstop","Sentence ending punctuation",NA,NA
"Check","NN","check",5,"noun","Noun, singular or mass",NA,NA
"out","IN","out",3,"preposition","Preposition or subordinating conjunction",NA,NA
"Talk","NP","Talk",4,"name","Proper noun, singular",NA,NA
"Python","NP","<unknown>",6,"name","Proper noun, singular",NA,NA
"Training","NP","Training",8,"name","Proper noun, singular",NA,NA
"s","NN","S",1,"noun","Noun, singular or mass",NA,NA
"course","NN","course",6,"noun","Noun, singular or mass",NA,NA
"page","NN","page",4,"noun","Noun, singular or mass",NA,NA
"Thanks","NNS","Thank",6,"noun","Noun, plural",NA,NA
"mkennedy","NP","<unknown>",8,"name","Proper noun, singular",NA,NA
