"token","tag","lemma","lttr","wclass","desc","stop","stem"
"Easy","NP","Easy",4,"name","Proper noun, singular",NA,NA
"Property","NP","Property",8,"name","Proper noun, singular",NA,NA
"Listings","NP","<unknown>",8,"name","Proper noun, singular",NA,NA
"Welcome","VV","welcome",7,"verb","Verb, base form",NA,NA
"to","TO","to",2,"to","to",NA,NA
"our","PP$","our",3,"pronoun","Possessive pronoun",NA,NA
"GitHub","NP","<unknown>",6,"name","Proper noun, singular",NA,NA
"Repository","NP","<unknown>",10,"name","Proper noun, singular",NA,NA
"Properties","NPS","Properties",10,"name","Proper noun, plural",NA,NA
"listed","VVD","list",6,"verb","Verb, past tense",NA,NA
"for","IN","for",3,"preposition","Preposition or subordinating conjunction",NA,NA
"rent","NN","rent",4,"noun","Noun, singular or mass",NA,NA
"or","CC","or",2,"conjunction","Coordinating conjunction",NA,NA
"sale","NN","sale",4,"noun","Noun, singular or mass",NA,NA
"is","VBZ","be",2,"verb","Verb, 3rd person singular present of ""to be""",NA,NA
"something","NN","something",9,"noun","Noun, singular or mass",NA,NA
"that","IN/that","that",4,"preposition","Preposition or subordinating conjunction",NA,NA
"not","RB","not",3,"adverb","Adverb",NA,NA
"a","DT","a",1,"determiner","Determiner",NA,NA
"single","JJ","single",6,"adjective","Adjective",NA,NA
"one","CD","one",3,"number","Cardinal number",NA,NA
"of","IN","of",2,"preposition","Preposition or subordinating conjunction",NA,NA
"the","DT","the",3,"determiner","Determiner",NA,NA
"large","JJ","large",5,"adjective","Adjective",NA,NA
"WordPress","NP","<unknown>",9,"name","Proper noun, singular",NA,NA
"real","JJ","real",4,"adjective","Adjective",NA,NA
"estate","NN","estate",6,"noun","Noun, singular or mass",NA,NA
"plugins","NNS","<unknown>",7,"noun","Noun, plural",NA,NA
"has","VHZ","have",3,"verb","Verb, 3rd person singular present of ""to have""",NA,NA
"ever","RB","ever",4,"adverb","Adverb",NA,NA
"gotten","VVN","get",6,"verb","Verb, past participle",NA,NA
"really","RB","really",6,"adverb","Adverb",NA,NA
"right","RB","right",5,"adverb","Adverb",NA,NA
".","SENT",".",1,"fullstop","Sentence ending punctuation",NA,NA
"This","DT","this",4,"determiner","Determiner",NA,NA
"plugin","NN","<unknown>",6,"noun","Noun, singular or mass",NA,NA
"aims","VVZ","aim",4,"verb","Verb, 3rd person singular present",NA,NA
"to","TO","to",2,"to","to",NA,NA
"fix","VV","fix",3,"verb","Verb, base form",NA,NA
"that","DT","that",4,"determiner","Determiner",NA,NA
".","SENT",".",1,"fullstop","Sentence ending punctuation",NA,NA
"Instead","RB","instead",7,"adverb","Adverb",NA,NA
"of","IN","of",2,"preposition","Preposition or subordinating conjunction",NA,NA
"focusing","VVG","focus",8,"verb","Verb, gerund or present participle",NA,NA
"on","IN","on",2,"preposition","Preposition or subordinating conjunction",NA,NA
"providing","VVG","provide",9,"verb","Verb, gerund or present participle",NA,NA
"every","DT","every",5,"determiner","Determiner",NA,NA
"single","JJ","single",6,"adjective","Adjective",NA,NA
"feature","NN","feature",7,"noun","Noun, singular or mass",NA,NA
"under","IN","under",5,"preposition","Preposition or subordinating conjunction",NA,NA
"the","DT","the",3,"determiner","Determiner",NA,NA
"sun","NN","sun",3,"noun","Noun, singular or mass",NA,NA
",",",",",",1,"comma","Comma",NA,NA
"Easy","NP","Easy",4,"name","Proper noun, singular",NA,NA
"Property","NP","Property",8,"name","Proper noun, singular",NA,NA
"Listings","NP","<unknown>",8,"name","Proper noun, singular",NA,NA
"tries","VVZ","try",5,"verb","Verb, 3rd person singular present",NA,NA
"to","TO","to",2,"to","to",NA,NA
"provide","VV","provide",7,"verb","Verb, base form",NA,NA
"only","RB","only",4,"adverb","Adverb",NA,NA
"the","DT","the",3,"determiner","Determiner",NA,NA
"ones","NNS","one",4,"noun","Noun, plural",NA,NA
"that","IN/that","that",4,"preposition","Preposition or subordinating conjunction",NA,NA
"you","PP","you",3,"pronoun","Personal pronoun",NA,NA
"really","RB","really",6,"adverb","Adverb",NA,NA
"need","VVP","need",4,"verb","Verb, non-3rd person singular present",NA,NA
".","SENT",".",1,"fullstop","Sentence ending punctuation",NA,NA
"It","PP","it",2,"pronoun","Personal pronoun",NA,NA
"aims","VVZ","aim",4,"verb","Verb, 3rd person singular present",NA,NA
"to","TO","to",2,"to","to",NA,NA
"make","VV","make",4,"verb","Verb, base form",NA,NA
"real","JJ","real",4,"adjective","Adjective",NA,NA
"estate","NN","estate",6,"noun","Noun, singular or mass",NA,NA
"websites","NNS","<unknown>",8,"noun","Noun, plural",NA,NA
"through","IN","through",7,"preposition","Preposition or subordinating conjunction",NA,NA
"WordPress","NN","<unknown>",9,"noun","Noun, singular or mass",NA,NA
"easy","JJ","easy",4,"adjective","Adjective",NA,NA
",",",",",",1,"comma","Comma",NA,NA
"and","CC","and",3,"conjunction","Coordinating conjunction",NA,NA
"complete","JJ","complete",8,"adjective","Adjective",NA,NA
".","SENT",".",1,"fullstop","Sentence ending punctuation",NA,NA
"More","JJR","more",4,"adjective","Adjective, comparative",NA,NA
"information","NN","information",11,"noun","Noun, singular or mass",NA,NA
"can","MD","can",3,"modal","Modal",NA,NA
"be","VB","be",2,"verb","Verb, base form of ""to be""",NA,NA
"found","VVN","find",5,"verb","Verb, past participle",NA,NA
"at","IN","at",2,"preposition","Preposition or subordinating conjunction",NA,NA
"easypropertylistings","NN","<unknown>",20,"noun","Noun, singular or mass",NA,NA
".","SENT",".",1,"fullstop","Sentence ending punctuation",NA,NA
"com","NN","com",3,"noun","Noun, singular or mass",NA,NA
".","SENT",".",1,"fullstop","Sentence ending punctuation",NA,NA
"au","FW","au",2,"foreign","Foreign word",NA,NA
"Installation","NN","installation",12,"noun","Noun, singular or mass",NA,NA
"For","IN","for",3,"preposition","Preposition or subordinating conjunction",NA,NA
"detailed","JJ","detailed",8,"adjective","Adjective",NA,NA
"setup","NN","setup",5,"noun","Noun, singular or mass",NA,NA
"instructions","NNS","instruction",12,"noun","Noun, plural",NA,NA
",",",",",",1,"comma","Comma",NA,NA
"visit","VVP","visit",5,"verb","Verb, non-3rd person singular present",NA,NA
"the","DT","the",3,"determiner","Determiner",NA,NA
"official","JJ","official",8,"adjective","Adjective",NA,NA
"Documentation","NN","documentation",13,"noun","Noun, singular or mass",NA,NA
".","SENT",".",1,"fullstop","Sentence ending punctuation",NA,NA
"You","PP","you",3,"pronoun","Personal pronoun",NA,NA
"can","MD","can",3,"modal","Modal",NA,NA
"clone","NN","clone",5,"noun","Noun, singular or mass",NA,NA
"the","DT","the",3,"determiner","Determiner",NA,NA
"GitHub","NP","<unknown>",6,"name","Proper noun, singular",NA,NA
"repository","NN","repository",10,"noun","Noun, singular or mass",NA,NA
":","SENT",":",1,"fullstop","Sentence ending punctuation",NA,NA
".","SENT",".",1,"fullstop","Sentence ending punctuation",NA,NA
"Or","CC","or",2,"conjunction","Coordinating conjunction",NA,NA
"download","NN","<unknown>",8,"noun","Noun, singular or mass",NA,NA
"it","PP","it",2,"pronoun","Personal pronoun",NA,NA
"directly","RB","directly",8,"adverb","Adverb",NA,NA
"as","IN","as",2,"preposition","Preposition or subordinating conjunction",NA,NA
"a","DT","a",1,"determiner","Determiner",NA,NA
"ZIP","NP","<unknown>",3,"name","Proper noun, singular",NA,NA
"file","NN","file",4,"noun","Noun, singular or mass",NA,NA
":","SENT",":",1,"fullstop","Sentence ending punctuation",NA,NA
"This","DT","this",4,"determiner","Determiner",NA,NA
"will","MD","will",4,"modal","Modal",NA,NA
"download","VV","<unknown>",8,"verb","Verb, base form",NA,NA
"the","DT","the",3,"determiner","Determiner",NA,NA
"latest","JJS","late",6,"adjective","Adjective, superlative",NA,NA
"developer","NN","developer",9,"noun","Noun, singular or mass",NA,NA
"copy","NN","copy",4,"noun","Noun, singular or mass",NA,NA
"of","IN","of",2,"preposition","Preposition or subordinating conjunction",NA,NA
"Easy","NP","Easy",4,"name","Proper noun, singular",NA,NA
"Property","NP","Property",8,"name","Proper noun, singular",NA,NA
"Listings","NP","<unknown>",8,"name","Proper noun, singular",NA,NA
".","SENT",".",1,"fullstop","Sentence ending punctuation",NA,NA
"Bugs","NNS","bug",4,"noun","Noun, plural",NA,NA
"If","IN","if",2,"preposition","Preposition or subordinating conjunction",NA,NA
"you","PP","you",3,"pronoun","Personal pronoun",NA,NA
"find","VVP","find",4,"verb","Verb, non-3rd person singular present",NA,NA
"an","DT","an",2,"determiner","Determiner",NA,NA
"issue","NN","issue",5,"noun","Noun, singular or mass",NA,NA
",",",",",",1,"comma","Comma",NA,NA
"let","VVD","let",3,"verb","Verb, past tense",NA,NA
"us","PP","us",2,"pronoun","Personal pronoun",NA,NA
"know","VVP","know",4,"verb","Verb, non-3rd person singular present",NA,NA
"here","RB","here",4,"adverb","Adverb",NA,NA
"Support","NP","<unknown>",7,"name","Proper noun, singular",NA,NA
"This","NP","This",4,"name","Proper noun, singular",NA,NA
"is","VBZ","be",2,"verb","Verb, 3rd person singular present of ""to be""",NA,NA
"a","DT","a",1,"determiner","Determiner",NA,NA
"developer","NN","developer",9,"noun","Noun, singular or mass",NA,NA
"s","NN","S",1,"noun","Noun, singular or mass",NA,NA
"portal","NN","portal",6,"noun","Noun, singular or mass",NA,NA
"for","IN","for",3,"preposition","Preposition or subordinating conjunction",NA,NA
"Easy","NP","Easy",4,"name","Proper noun, singular",NA,NA
"Property","NP","Property",8,"name","Proper noun, singular",NA,NA
"Listings","NP","<unknown>",8,"name","Proper noun, singular",NA,NA
"and","CC","and",3,"conjunction","Coordinating conjunction",NA,NA
"should","MD","should",6,"modal","Modal",NA,NA
"not","RB","not",3,"adverb","Adverb",NA,NA
"be","VB","be",2,"verb","Verb, base form of ""to be""",NA,NA
"used","VVN","use",4,"verb","Verb, past participle",NA,NA
"for","IN","for",3,"preposition","Preposition or subordinating conjunction",NA,NA
"support","NN","support",7,"noun","Noun, singular or mass",NA,NA
".","SENT",".",1,"fullstop","Sentence ending punctuation",NA,NA
"Please","UH","Please",6,"interjection","Interjection",NA,NA
"visit","VV","visit",5,"verb","Verb, base form",NA,NA
"the","DT","the",3,"determiner","Determiner",NA,NA
"support","NN","support",7,"noun","Noun, singular or mass",NA,NA
"forums","NNS","forum",6,"noun","Noun, plural",NA,NA
"Contributions","NNS","contribution",13,"noun","Noun, plural",NA,NA
"Anyone","NN","Anyone",6,"noun","Noun, singular or mass",NA,NA
"is","VBZ","be",2,"verb","Verb, 3rd person singular present of ""to be""",NA,NA
"welcome","JJ","welcome",7,"adjective","Adjective",NA,NA
"to","TO","to",2,"to","to",NA,NA
"contribute","VV","contribute",10,"verb","Verb, base form",NA,NA
"to","TO","to",2,"to","to",NA,NA
"Easy","NP","Easy",4,"name","Proper noun, singular",NA,NA
"Property","NP","Property",8,"name","Proper noun, singular",NA,NA
"Listings","NP","<unknown>",8,"name","Proper noun, singular",NA,NA
".","SENT",".",1,"fullstop","Sentence ending punctuation",NA,NA
"Please","UH","Please",6,"interjection","Interjection",NA,NA
"read","VV","read",4,"verb","Verb, base form",NA,NA
"the","DT","the",3,"determiner","Determiner",NA,NA
"guidelines","NNS","guideline",10,"noun","Noun, plural",NA,NA
"for","IN","for",3,"preposition","Preposition or subordinating conjunction",NA,NA
"contributing","VVG","contribute",12,"verb","Verb, gerund or present participle",NA,NA
"There","EX","there",5,"existential","Existential there",NA,NA
"are","VBP","be",3,"verb","Verb, non-3rd person singular present of ""to be""",NA,NA
"various","JJ","various",7,"adjective","Adjective",NA,NA
"ways","NNS","way",4,"noun","Noun, plural",NA,NA
"you","PP","you",3,"pronoun","Personal pronoun",NA,NA
"can","MD","can",3,"modal","Modal",NA,NA
"contribute","VV","contribute",10,"verb","Verb, base form",NA,NA
":","SENT",":",1,"fullstop","Sentence ending punctuation",NA,NA
".","SENT",".",1,"fullstop","Sentence ending punctuation",NA,NA
"Raise","VV","raise",5,"verb","Verb, base form",NA,NA
"an","DT","an",2,"determiner","Determiner",NA,NA
"Issue","NN","issue",5,"noun","Noun, singular or mass",NA,NA
".","SENT",".",1,"fullstop","Sentence ending punctuation",NA,NA
"Send","VV","send",4,"verb","Verb, base form",NA,NA
"us","PP","us",2,"pronoun","Personal pronoun",NA,NA
"a","DT","a",1,"determiner","Determiner",NA,NA
"Pull","VV","pull",4,"verb","Verb, base form",NA,NA
"Request","NP","<unknown>",7,"name","Proper noun, singular",NA,NA
"with","IN","with",4,"preposition","Preposition or subordinating conjunction",NA,NA
"your","PP$","your",4,"pronoun","Possessive pronoun",NA,NA
"bug","NN","bug",3,"noun","Noun, singular or mass",NA,NA
"fixes","NNS","fix",5,"noun","Noun, plural",NA,NA
"and","CC","and",3,"conjunction","Coordinating conjunction",NA,NA
"or","CC","or",2,"conjunction","Coordinating conjunction",NA,NA
"new","JJ","new",3,"adjective","Adjective",NA,NA
"features","NNS","feature",8,"noun","Noun, plural",NA,NA
".","SENT",".",1,"fullstop","Sentence ending punctuation",NA,NA
"Translate","VV","translate",9,"verb","Verb, base form",NA,NA
"Easy","NP","Easy",4,"name","Proper noun, singular",NA,NA
"Property","NP","Property",8,"name","Proper noun, singular",NA,NA
"Listings","NP","<unknown>",8,"name","Proper noun, singular",NA,NA
"into","IN","into",4,"preposition","Preposition or subordinating conjunction",NA,NA
"different","JJ","different",9,"adjective","Adjective",NA,NA
"languages","NNS","language",9,"noun","Noun, plural",NA,NA
".","SENT",".",1,"fullstop","Sentence ending punctuation",NA,NA
"Provide","VV","provide",7,"verb","Verb, base form",NA,NA
"feedback","NN","feedback",8,"noun","Noun, singular or mass",NA,NA
"and","CC","and",3,"conjunction","Coordinating conjunction",NA,NA
"suggestions","NNS","suggestion",11,"noun","Noun, plural",NA,NA
"on","IN","on",2,"preposition","Preposition or subordinating conjunction",NA,NA
"enhancements","NNS","enhancement",12,"noun","Noun, plural",NA,NA
