"token","tag","lemma","lttr","wclass","desc","stop","stem"
"RealEstateDataScraper","NP","<unknown>",21,"name","Proper noun, singular",NA,NA
"Code","NP","Code",4,"name","Proper noun, singular",NA,NA
"that","WDT","that",4,"determiner","Wh-determiner",NA,NA
"scrapes","VVZ","scrape",7,"verb","Verb, 3rd person singular present",NA,NA
"real","JJ","real",4,"adjective","Adjective",NA,NA
"estate","NN","estate",6,"noun","Noun, singular or mass",NA,NA
"data","NNS","datum",4,"noun","Noun, plural",NA,NA
"from","IN","from",4,"preposition","Preposition or subordinating conjunction",NA,NA
"Zillow","NP","<unknown>",6,"name","Proper noun, singular",NA,NA
