"token","tag","lemma","lttr","wclass","desc","stop","stem"
"realestateinspector","NP","<unknown>",19,"name","Proper noun, singular",NA,NA
"Real","NP","Real",4,"name","Proper noun, singular",NA,NA
"Estate","NP","Estate",6,"name","Proper noun, singular",NA,NA
"Inspector","NP","Inspector",9,"name","Proper noun, singular",NA,NA
"cross","NN","cross",5,"noun","Noun, singular or mass",NA,NA
"platform","NN","platform",8,"noun","Noun, singular or mass",NA,NA
",",",",",",1,"comma","Comma",NA,NA
"Azure","NP","Azure",5,"name","Proper noun, singular",NA,NA
"Active","NP","<unknown>",6,"name","Proper noun, singular",NA,NA
"Directory","NP","<unknown>",9,"name","Proper noun, singular",NA,NA
"integrated","VVD","integrate",10,"verb","Verb, past tense",NA,NA
",",",",",",1,"comma","Comma",NA,NA
"sample","NN","sample",6,"noun","Noun, singular or mass",NA,NA
"application","NN","application",11,"noun","Noun, singular or mass",NA,NA
