"token","tag","lemma","lttr","wclass","desc","stop","stem"
"Manhattan","NP","Manhattan",9,"name","Proper noun, singular",NA,NA
"Real","NP","Real",4,"name","Proper noun, singular",NA,NA
"Estate","NP","Estate",6,"name","Proper noun, singular",NA,NA
"Project","NP","Project",7,"name","Proper noun, singular",NA,NA
"Shiny","NP","<unknown>",5,"name","Proper noun, singular",NA,NA
"app","NP","App",3,"name","Proper noun, singular",NA,NA
"and","CC","and",3,"conjunction","Coordinating conjunction",NA,NA
"related","JJ","related",7,"adjective","Adjective",NA,NA
"files","NNS","file",5,"noun","Noun, plural",NA,NA
"to","TO","to",2,"to","to",NA,NA
"display","VV","display",7,"verb","Verb, base form",NA,NA
"Manhattan","NP","Manhattan",9,"name","Proper noun, singular",NA,NA
"Real","NP","Real",4,"name","Proper noun, singular",NA,NA
"Estate","NP","Estate",6,"name","Proper noun, singular",NA,NA
"data","NNS","datum",4,"noun","Noun, plural",NA,NA
"from","IN","from",4,"preposition","Preposition or subordinating conjunction",NA,NA
"to","TO","to",2,"to","to",NA,NA
