"token","tag","lemma","lttr","wclass","desc","stop","stem"
"A","DT","a",1,"determiner","Determiner",NA,NA
"Pen","NP","Pen",3,"name","Proper noun, singular",NA,NA
"created","VVD","create",7,"verb","Verb, past tense",NA,NA
"at","IN","at",2,"preposition","Preposition or subordinating conjunction",NA,NA
"CodePen","NP","<unknown>",7,"name","Proper noun, singular",NA,NA
".","SENT",".",1,"fullstop","Sentence ending punctuation",NA,NA
"io","NN","<unknown>",2,"noun","Noun, singular or mass",NA,NA
".","SENT",".",1,"fullstop","Sentence ending punctuation",NA,NA
"You","PP","you",3,"pronoun","Personal pronoun",NA,NA
"can","MD","can",3,"modal","Modal",NA,NA
"find","VV","find",4,"verb","Verb, base form",NA,NA
"this","DT","this",4,"determiner","Determiner",NA,NA
"one","CD","one",3,"number","Cardinal number",NA,NA
"at","IN","at",2,"preposition","Preposition or subordinating conjunction",NA,NA
"Outputs","NP","<unknown>",7,"name","Proper noun, singular",NA,NA
"the","DT","the",3,"determiner","Determiner",NA,NA
"coordinates","NNS","coordinate",11,"noun","Noun, plural",NA,NA
"longitude","NN","longitude",9,"noun","Noun, singular or mass",NA,NA
",",",",",",1,"comma","Comma",NA,NA
"latitude","NN","latitude",8,"noun","Noun, singular or mass",NA,NA
"for","IN","for",3,"preposition","Preposition or subordinating conjunction",NA,NA
"Google","NP","<unknown>",6,"name","Proper noun, singular",NA,NA
"Maps","NP","<unknown>",4,"name","Proper noun, singular",NA,NA
"whenever","WRB","whenever",8,"adverb","Wh-adverb",NA,NA
"the","DT","the",3,"determiner","Determiner",NA,NA
"Polygon","NP","<unknown>",7,"name","Proper noun, singular",NA,NA
"is","VBZ","be",2,"verb","Verb, 3rd person singular present of ""to be""",NA,NA
"moved","VVN","move",5,"verb","Verb, past participle",NA,NA
"or","CC","or",2,"conjunction","Coordinating conjunction",NA,NA
"re","IN","re",2,"preposition","Preposition or subordinating conjunction",NA,NA
"shaped","VVN","shape",6,"verb","Verb, past participle",NA,NA
".","SENT",".",1,"fullstop","Sentence ending punctuation",NA,NA
"Recently","RB","recently",8,"adverb","Adverb",NA,NA
"added","VVD","add",5,"verb","Verb, past tense",NA,NA
"a","DT","a",1,"determiner","Determiner",NA,NA
"Copy","NP","Copy",4,"name","Proper noun, singular",NA,NA
"to","TO","to",2,"to","to",NA,NA
"Clipboard","NP","<unknown>",9,"name","Proper noun, singular",NA,NA
"button","NN","button",6,"noun","Noun, singular or mass",NA,NA
"and","CC","and",3,"conjunction","Coordinating conjunction",NA,NA
"had","VHD","have",3,"verb","Verb, past tense of ""to have""",NA,NA
"data","NNS","datum",4,"noun","Noun, plural",NA,NA
"output","NN","output",6,"noun","Noun, singular or mass",NA,NA
"into","IN","into",4,"preposition","Preposition or subordinating conjunction",NA,NA
"a","DT","a",1,"determiner","Determiner",NA,NA
"textarea","NN","<unknown>",8,"noun","Noun, singular or mass",NA,NA
"for","IN","for",3,"preposition","Preposition or subordinating conjunction",NA,NA
"easier","JJR","easy",6,"adjective","Adjective, comparative",NA,NA
"copying","NN","copying",7,"noun","Noun, singular or mass",NA,NA
"pasting","VVG","paste",7,"verb","Verb, gerund or present participle",NA,NA
"I","PP","I",1,"pronoun","Personal pronoun",NA,NA
"originally","RB","originally",10,"adverb","Adverb",NA,NA
"built","VVD","build",5,"verb","Verb, past tense",NA,NA
"this","DT","this",4,"determiner","Determiner",NA,NA
"to","TO","to",2,"to","to",NA,NA
"build","VV","build",5,"verb","Verb, base form",NA,NA
"map","NN","map",3,"noun","Noun, singular or mass",NA,NA
"outlines","NNS","outline",8,"noun","Noun, plural",NA,NA
"for","IN","for",3,"preposition","Preposition or subordinating conjunction",NA,NA
"neighborhoods","NNS","neighborhood",13,"noun","Noun, plural",NA,NA
",",",",",",1,"comma","Comma",NA,NA
"villages","NNS","village",8,"noun","Noun, plural",NA,NA
",",",",",",1,"comma","Comma",NA,NA
"districts","NNS","district",9,"noun","Noun, plural",NA,NA
"and","CC","and",3,"conjunction","Coordinating conjunction",NA,NA
"counties","NNS","county",8,"noun","Noun, plural",NA,NA
"specifically","RB","specifically",12,"adverb","Adverb",NA,NA
"for","IN","for",3,"preposition","Preposition or subordinating conjunction",NA,NA
"real","JJ","real",4,"adjective","Adjective",NA,NA
"estate","NN","estate",6,"noun","Noun, singular or mass",NA,NA
"purposes","NNS","purpose",8,"noun","Noun, plural",NA,NA
".","SENT",".",1,"fullstop","Sentence ending punctuation",NA,NA
