"token","tag","lemma","lttr","wclass","desc","stop","stem"
"Modulr","NP","<unknown>",6,"name","Proper noun, singular",NA,NA
".","SENT",".",1,"fullstop","Sentence ending punctuation",NA,NA
"css","NP","<unknown>",3,"name","Proper noun, singular",NA,NA
":","SENT",":",1,"fullstop","Sentence ending punctuation",NA,NA
"A","DT","a",1,"determiner","Determiner",NA,NA
"fast","JJ","fast",4,"adjective","Adjective",NA,NA
"and","CC","and",3,"conjunction","Coordinating conjunction",NA,NA
"modular","JJ","modular",7,"adjective","Adjective",NA,NA
"approach","NN","approach",8,"noun","Noun, singular or mass",NA,NA
"to","TO","to",2,"to","to",NA,NA
"building","VVG","build",8,"verb","Verb, gerund or present participle",NA,NA
"powerful","JJ","powerful",8,"adjective","Adjective",NA,NA
"web","NN","web",3,"noun","Noun, singular or mass",NA,NA
"and","CC","and",3,"conjunction","Coordinating conjunction",NA,NA
"mobile","JJ","mobile",6,"adjective","Adjective",NA,NA
"interfaces","NNS","interface",10,"noun","Noun, plural",NA,NA
".","SENT",".",1,"fullstop","Sentence ending punctuation",NA,NA
"V","NN","V",1,"noun","Noun, singular or mass",NA,NA
"Docs","NP","<unknown>",4,"name","Proper noun, singular",NA,NA
":","SENT",":",1,"fullstop","Sentence ending punctuation",NA,NA
"Modulr","NN","<unknown>",6,"noun","Noun, singular or mass",NA,NA
".","SENT",".",1,"fullstop","Sentence ending punctuation",NA,NA
"css","JJ","<unknown>",3,"adjective","Adjective",NA,NA
"Only","JJ","only",4,"adjective","Adjective",NA,NA
"k","NN","k",1,"noun","Noun, singular or mass",NA,NA
"in","IN","in",2,"preposition","Preposition or subordinating conjunction",NA,NA
"size","NN","size",4,"noun","Noun, singular or mass",NA,NA
".","SENT",".",1,"fullstop","Sentence ending punctuation",NA,NA
"You","PP","you",3,"pronoun","Personal pronoun",NA,NA
"can","MD","can",3,"modal","Modal",NA,NA
"find","VV","find",4,"verb","Verb, base form",NA,NA
"all","DT","all",3,"determiner","Determiner",NA,NA
"of","IN","of",2,"preposition","Preposition or subordinating conjunction",NA,NA
"the","DT","the",3,"determiner","Determiner",NA,NA
"modulr","NN","<unknown>",6,"noun","Noun, singular or mass",NA,NA
".","SENT",".",1,"fullstop","Sentence ending punctuation",NA,NA
"css","JJ","<unknown>",3,"adjective","Adjective",NA,NA
"core","NN","core",4,"noun","Noun, singular or mass",NA,NA
"modules","NNS","module",7,"noun","Noun, plural",NA,NA
"in","IN","in",2,"preposition","Preposition or subordinating conjunction",NA,NA
"css","JJ","<unknown>",3,"adjective","Adjective",NA,NA
"modulr","NN","<unknown>",6,"noun","Noun, singular or mass",NA,NA
"core","NN","core",4,"noun","Noun, singular or mass",NA,NA
"folder","NN","folder",6,"noun","Noun, singular or mass",NA,NA
".","SENT",".",1,"fullstop","Sentence ending punctuation",NA,NA
"Place","VV","place",5,"verb","Verb, base form",NA,NA
"your","PP$","your",4,"pronoun","Possessive pronoun",NA,NA
"own","JJ","own",3,"adjective","Adjective",NA,NA
"modules","NNS","module",7,"noun","Noun, plural",NA,NA
"into","IN","into",4,"preposition","Preposition or subordinating conjunction",NA,NA
"css","JJ","<unknown>",3,"adjective","Adjective",NA,NA
"modulr","NN","<unknown>",6,"noun","Noun, singular or mass",NA,NA
"modules","NNS","module",7,"noun","Noun, plural",NA,NA
"folder","NN","folder",6,"noun","Noun, singular or mass",NA,NA
".","SENT",".",1,"fullstop","Sentence ending punctuation",NA,NA
"See","VV","see",3,"verb","Verb, base form",NA,NA
"gestarted","JJ","<unknown>",9,"adjective","Adjective",NA,NA
".","SENT",".",1,"fullstop","Sentence ending punctuation",NA,NA
"html","NN","<unknown>",4,"noun","Noun, singular or mass",NA,NA
"file","NN","file",4,"noun","Noun, singular or mass",NA,NA
"for","IN","for",3,"preposition","Preposition or subordinating conjunction",NA,NA
"more","JJR","more",4,"adjective","Adjective, comparative",NA,NA
"on","IN","on",2,"preposition","Preposition or subordinating conjunction",NA,NA
"how","WRB","how",3,"adverb","Wh-adverb",NA,NA
"to","TO","to",2,"to","to",NA,NA
"include","VV","include",7,"verb","Verb, base form",NA,NA
"the","DT","the",3,"determiner","Determiner",NA,NA
"fw","NN","<unknown>",2,"noun","Noun, singular or mass",NA,NA
"into","IN","into",4,"preposition","Preposition or subordinating conjunction",NA,NA
"your","PP$","your",4,"pronoun","Possessive pronoun",NA,NA
"own","JJ","own",3,"adjective","Adjective",NA,NA
"project","NN","project",7,"noun","Noun, singular or mass",NA,NA
".","SENT",".",1,"fullstop","Sentence ending punctuation",NA,NA
"Few","JJ","few",3,"adjective","Adjective",NA,NA
"examples","NNS","example",8,"noun","Noun, plural",NA,NA
"included","VVD","include",8,"verb","Verb, past tense",NA,NA
"to","TO","to",2,"to","to",NA,NA
"get","VV","get",3,"verb","Verb, base form",NA,NA
"you","PP","you",3,"pronoun","Personal pronoun",NA,NA
"started","VVD","start",7,"verb","Verb, past tense",NA,NA
".","SENT",".",1,"fullstop","Sentence ending punctuation",NA,NA
"Click","NN","click",5,"noun","Noun, singular or mass",NA,NA
"on","IN","on",2,"preposition","Preposition or subordinating conjunction",NA,NA
"thumbnails","NNS","thumbnail",10,"noun","Noun, plural",NA,NA
"to","TO","to",2,"to","to",NA,NA
"view","VV","view",4,"verb","Verb, base form",NA,NA
"live","JJ","live",4,"adjective","Adjective",NA,NA
"demo","NN","demo",4,"noun","Noun, singular or mass",NA,NA
".","SENT",".",1,"fullstop","Sentence ending punctuation",NA,NA
"Screenshot","NP","<unknown>",10,"name","Proper noun, singular",NA,NA
"Description","NP","<unknown>",11,"name","Proper noun, singular",NA,NA
"Link","VVP","link",4,"verb","Verb, non-3rd person singular present",NA,NA
":","SENT",":",1,"fullstop","Sentence ending punctuation",NA,NA
":","SENT",":",1,"fullstop","Sentence ending punctuation",NA,NA
":","SENT",":",1,"fullstop","Sentence ending punctuation",NA,NA
"a","DT","a",1,"determiner","Determiner",NA,NA
"class","NN","class",5,"noun","Noun, singular or mass",NA,NA
"link","NN","link",4,"noun","Noun, singular or mass",NA,NA
"href","NN","<unknown>",4,"noun","Noun, singular or mass",NA,NA
"a","DT","a",1,"determiner","Determiner",NA,NA
"class","NN","class",5,"noun","Noun, singular or mass",NA,NA
"link","NN","link",4,"noun","Noun, singular or mass",NA,NA
"href","NN","<unknown>",4,"noun","Noun, singular or mass",NA,NA
"a","DT","a",1,"determiner","Determiner",NA,NA
"class","NN","class",5,"noun","Noun, singular or mass",NA,NA
"link","NN","link",4,"noun","Noun, singular or mass",NA,NA
"href","NN","<unknown>",4,"noun","Noun, singular or mass",NA,NA
"a","DT","a",1,"determiner","Determiner",NA,NA
"class","NN","class",5,"noun","Noun, singular or mass",NA,NA
"link","NN","link",4,"noun","Noun, singular or mass",NA,NA
"href","NN","<unknown>",4,"noun","Noun, singular or mass",NA,NA
"a","DT","a",1,"determiner","Determiner",NA,NA
"class","NN","class",5,"noun","Noun, singular or mass",NA,NA
"link","NN","link",4,"noun","Noun, singular or mass",NA,NA
"href","NN","<unknown>",4,"noun","Noun, singular or mass",NA,NA
"a","DT","a",1,"determiner","Determiner",NA,NA
"class","NN","class",5,"noun","Noun, singular or mass",NA,NA
"link","NN","link",4,"noun","Noun, singular or mass",NA,NA
"href","NN","<unknown>",4,"noun","Noun, singular or mass",NA,NA
"a","DT","a",1,"determiner","Determiner",NA,NA
"class","NN","class",5,"noun","Noun, singular or mass",NA,NA
"link","NN","link",4,"noun","Noun, singular or mass",NA,NA
"href","NN","<unknown>",4,"noun","Noun, singular or mass",NA,NA
"Work","NN","work",4,"noun","Noun, singular or mass",NA,NA
"in","IN","in",2,"preposition","Preposition or subordinating conjunction",NA,NA
"progress","NN","progress",8,"noun","Noun, singular or mass",NA,NA
"v","NN","v",1,"noun","Noun, singular or mass",NA,NA
":","SENT",":",1,"fullstop","Sentence ending punctuation",NA,NA
".","SENT",".",1,"fullstop","Sentence ending punctuation",NA,NA
"NODE","NN","node",4,"noun","Noun, singular or mass",NA,NA
".","SENT",".",1,"fullstop","Sentence ending punctuation",NA,NA
"JS","NP","<unknown>",2,"name","Proper noun, singular",NA,NA
"CLI","NP","<unknown>",3,"name","Proper noun, singular",NA,NA
"module","NN","module",6,"noun","Noun, singular or mass",NA,NA
"package","NN","package",7,"noun","Noun, singular or mass",NA,NA
"manager","NN","manager",7,"noun","Noun, singular or mass",NA,NA
"layout","NN","layout",6,"noun","Noun, singular or mass",NA,NA
"element","NN","element",7,"noun","Noun, singular or mass",NA,NA
"template","NN","template",8,"noun","Noun, singular or mass",NA,NA
"generator","NN","generator",9,"noun","Noun, singular or mass",NA,NA
"html","NN","<unknown>",4,"noun","Noun, singular or mass",NA,NA
"css","NN","<unknown>",3,"noun","Noun, singular or mass",NA,NA
"precompiler","NN","<unknown>",11,"noun","Noun, singular or mass",NA,NA
".","SENT",".",1,"fullstop","Sentence ending punctuation",NA,NA
"Modules","NNS","module",7,"noun","Noun, plural",NA,NA
"Listing","NP","<unknown>",7,"name","Proper noun, singular",NA,NA
"Website","NP","<unknown>",7,"name","Proper noun, singular",NA,NA
"Section","NP","Section",7,"name","Proper noun, singular",NA,NA
".","SENT",".",1,"fullstop","Sentence ending punctuation",NA,NA
"Angular","JJ","angular",7,"adjective","Adjective",NA,NA
".","SENT",".",1,"fullstop","Sentence ending punctuation",NA,NA
"js","NP","<unknown>",2,"name","Proper noun, singular",NA,NA
"Support","NP","<unknown>",7,"name","Proper noun, singular",NA,NA
".","SENT",".",1,"fullstop","Sentence ending punctuation",NA,NA
"Web","NP","Web",3,"name","Proper noun, singular",NA,NA
"And","CC","and",3,"conjunction","Coordinating conjunction",NA,NA
"App","NP","App",3,"name","Proper noun, singular",NA,NA
"Examples","NNS","example",8,"noun","Noun, plural",NA,NA
