"token","tag","lemma","lttr","wclass","desc","stop","stem"
"Real","JJ","real",4,"adjective","Adjective",NA,NA
"Estate","NP","Estate",6,"name","Proper noun, singular",NA,NA
"Website","NP","<unknown>",7,"name","Proper noun, singular",NA,NA
"Real","NP","Real",4,"name","Proper noun, singular",NA,NA
"Estate","NP","Estate",6,"name","Proper noun, singular",NA,NA
"company","NN","company",7,"noun","Noun, singular or mass",NA,NA
"corporate","JJ","corporate",9,"adjective","Adjective",NA,NA
"website","NN","website",7,"noun","Noun, singular or mass",NA,NA
