"token","tag","lemma","lttr","wclass","desc","stop","stem"
"real","JJ","real",4,"adjective","Adjective",NA,NA
"open","JJ","open",4,"adjective","Adjective",NA,NA
"real","JJ","real",4,"adjective","Adjective",NA,NA
"estate","NN","estate",6,"noun","Noun, singular or mass",NA,NA
"data","NNS","datum",4,"noun","Noun, plural",NA,NA
"Links","NP","Links",5,"name","Proper noun, singular",NA,NA
"and","CC","and",3,"conjunction","Coordinating conjunction",NA,NA
"Resources","NP","Resources",9,"name","Proper noun, singular",NA,NA
"Tracker","NP","<unknown>",7,"name","Proper noun, singular",NA,NA
"Git","NP","<unknown>",3,"name","Proper noun, singular",NA,NA
"Hackathon","NP","<unknown>",9,"name","Proper noun, singular",NA,NA
".","SENT",".",1,"fullstop","Sentence ending punctuation",NA,NA
"io","NP","Io",2,"name","Proper noun, singular",NA,NA
