"token","tag","lemma","lttr","wclass","desc","stop","stem"
"python","NN","python",6,"noun","Noun, singular or mass",NA,NA
"furs","NNS","fur",4,"noun","Noun, plural",NA,NA
"fiscal","JJ","fiscal",6,"adjective","Adjective",NA,NA
"Join","NP","<unknown>",4,"name","Proper noun, singular",NA,NA
"the","DT","the",3,"determiner","Determiner",NA,NA
"chat","NN","chat",4,"noun","Noun, singular or mass",NA,NA
"at","IN","at",2,"preposition","Preposition or subordinating conjunction",NA,NA
"Python","NP","<unknown>",6,"name","Proper noun, singular",NA,NA
"library","NN","library",7,"noun","Noun, singular or mass",NA,NA
"for","IN","for",3,"preposition","Preposition or subordinating conjunction",NA,NA
"simplified","VVN","simplify",10,"verb","Verb, past participle",NA,NA
"communication","NN","communication",13,"noun","Noun, singular or mass",NA,NA
"with","IN","with",4,"preposition","Preposition or subordinating conjunction",NA,NA
"FURS","NP","Furs",4,"name","Proper noun, singular",NA,NA
"Finan�","NP","<unknown>",6,"name","Proper noun, singular",NA,NA
"na","TO","na",2,"to","to",NA,NA
"uprava","NP","<unknown>",6,"name","Proper noun, singular",NA,NA
"Republike","NP","<unknown>",9,"name","Proper noun, singular",NA,NA
"Slovenije","NP","<unknown>",9,"name","Proper noun, singular",NA,NA
".","SENT",".",1,"fullstop","Sentence ending punctuation",NA,NA
"Installation","NN","installation",12,"noun","Noun, singular or mass",NA,NA
"pip","NN","pip",3,"noun","Noun, singular or mass",NA,NA
"install","VV","install",7,"verb","Verb, base form",NA,NA
"furs","NNS","fur",4,"noun","Noun, plural",NA,NA
"fiscal","JJ","fiscal",6,"adjective","Adjective",NA,NA
"Quick","NP","Quick",5,"name","Proper noun, singular",NA,NA
"Start","NP","Start",5,"name","Proper noun, singular",NA,NA
"Registering","NP","<unknown>",11,"name","Proper noun, singular",NA,NA
"Immovable","NP","<unknown>",9,"name","Proper noun, singular",NA,NA
"Business","NP","Business",8,"name","Proper noun, singular",NA,NA
"Premise","NP","<unknown>",7,"name","Proper noun, singular",NA,NA
"Registering","NP","<unknown>",11,"name","Proper noun, singular",NA,NA
"new","JJ","new",3,"adjective","Adjective",NA,NA
"Business","NP","Business",8,"name","Proper noun, singular",NA,NA
"Premises","NP","<unknown>",8,"name","Proper noun, singular",NA,NA
"is","VBZ","be",2,"verb","Verb, 3rd person singular present of ""to be""",NA,NA
"simple","JJ","simple",6,"adjective","Adjective",NA,NA
".","SENT",".",1,"fullstop","Sentence ending punctuation",NA,NA
"But","CC","but",3,"conjunction","Coordinating conjunction",NA,NA
"you","PP","you",3,"pronoun","Personal pronoun",NA,NA
"will","MD","will",4,"modal","Modal",NA,NA
"need","VV","need",4,"verb","Verb, base form",NA,NA
"to","TO","to",2,"to","to",NA,NA
"obtain","VV","obtain",6,"verb","Verb, base form",NA,NA
"certain","JJ","certain",7,"adjective","Adjective",NA,NA
"information","NN","information",11,"noun","Noun, singular or mass",NA,NA
"from","IN","from",4,"preposition","Preposition or subordinating conjunction",NA,NA
"your","PP$","your",4,"pronoun","Possessive pronoun",NA,NA
"client","NN","client",6,"noun","Noun, singular or mass",NA,NA
"such","JJ","such",4,"adjective","Adjective",NA,NA
"as","IN","as",2,"preposition","Preposition or subordinating conjunction",NA,NA
":","SENT",":",1,"fullstop","Sentence ending punctuation",NA,NA
"Real","JJ","real",4,"adjective","Adjective",NA,NA
"Estate","NP","Estate",6,"name","Proper noun, singular",NA,NA
"Cadastral","NP","<unknown>",9,"name","Proper noun, singular",NA,NA
"Number","NP","Number",6,"name","Proper noun, singular",NA,NA
"Real","NP","Real",4,"name","Proper noun, singular",NA,NA
"Estate","NP","Estate",6,"name","Proper noun, singular",NA,NA
"Building","NP","Building",8,"name","Proper noun, singular",NA,NA
"Number","NP","Number",6,"name","Proper noun, singular",NA,NA
"Real","NP","Real",4,"name","Proper noun, singular",NA,NA
"Estate","NP","Estate",6,"name","Proper noun, singular",NA,NA
"Building","NP","Building",8,"name","Proper noun, singular",NA,NA
"Section","NP","Section",7,"name","Proper noun, singular",NA,NA
"Number","NP","Number",6,"name","Proper noun, singular",NA,NA
"One","CD","One",3,"number","Cardinal number",NA,NA
"thing","NN","thing",5,"noun","Noun, singular or mass",NA,NA
"you","PP","you",3,"pronoun","Personal pronoun",NA,NA
"should","MD","should",6,"modal","Modal",NA,NA
"also","RB","also",4,"adverb","Adverb",NA,NA
"keep","VV","keep",4,"verb","Verb, base form",NA,NA
"in","IN","in",2,"preposition","Preposition or subordinating conjunction",NA,NA
"mind","NN","mind",4,"noun","Noun, singular or mass",NA,NA
"is","VBZ","be",2,"verb","Verb, 3rd person singular present of ""to be""",NA,NA
"your","PP$","your",4,"pronoun","Possessive pronoun",NA,NA
"premise","NN","premise",7,"noun","Noun, singular or mass",NA,NA
"address","NN","address",7,"noun","Noun, singular or mass",NA,NA
"if","IN","if",2,"preposition","Preposition or subordinating conjunction",NA,NA
"your","PP$","your",4,"pronoun","Possessive pronoun",NA,NA
"premise","NN","premise",7,"noun","Noun, singular or mass",NA,NA
"is","VBZ","be",2,"verb","Verb, 3rd person singular present of ""to be""",NA,NA
"located","VVN","locate",7,"verb","Verb, past participle",NA,NA
"at","IN","at",2,"preposition","Preposition or subordinating conjunction",NA,NA
"Trzaska","NP","<unknown>",7,"name","Proper noun, singular",NA,NA
"cesta","NP","<unknown>",5,"name","Proper noun, singular",NA,NA
"A","NP","A",1,"name","Proper noun, singular",NA,NA
"you","PP","you",3,"pronoun","Personal pronoun",NA,NA
"will","MD","will",4,"modal","Modal",NA,NA
"need","VV","need",4,"verb","Verb, base form",NA,NA
"to","TO","to",2,"to","to",NA,NA
"pass","VV","pass",4,"verb","Verb, base form",NA,NA
"house","NN","house",5,"noun","Noun, singular or mass",NA,NA
"number","NN","number",6,"noun","Noun, singular or mass",NA,NA
"and","CC","and",3,"conjunction","Coordinating conjunction",NA,NA
"additional","JJ","additional",10,"adjective","Adjective",NA,NA
"number","NN","number",6,"noun","Noun, singular or mass",NA,NA
"A","DT","a",1,"determiner","Determiner",NA,NA
"as","RB","as",2,"adverb","Adverb",NA,NA
"separate","JJ","separate",8,"adjective","Adjective",NA,NA
"parameters","NNS","parameter",10,"noun","Noun, plural",NA,NA
".","SENT",".",1,"fullstop","Sentence ending punctuation",NA,NA
"If","IN","if",2,"preposition","Preposition or subordinating conjunction",NA,NA
"your","PP$","your",4,"pronoun","Possessive pronoun",NA,NA
"street","NN","street",6,"noun","Noun, singular or mass",NA,NA
"does","VVZ","do",4,"verb","Verb, 3rd person singular present",NA,NA
"not","RB","not",3,"adverb","Adverb",NA,NA
"have","VH","have",4,"verb","Verb, base form of ""to have""",NA,NA
"additional","JJ","additional",10,"adjective","Adjective",NA,NA
"house","NN","house",5,"noun","Noun, singular or mass",NA,NA
"number","NN","number",6,"noun","Noun, singular or mass",NA,NA
"letter","NN","letter",6,"noun","Noun, singular or mass",NA,NA
"just","RB","just",4,"adverb","Adverb",NA,NA
"pass","VV","pass",4,"verb","Verb, base form",NA,NA
"None","NN","none",4,"noun","Noun, singular or mass",NA,NA
".","SENT",".",1,"fullstop","Sentence ending punctuation",NA,NA
"python","NN","python",6,"noun","Noun, singular or mass",NA,NA
"from","IN","from",4,"preposition","Preposition or subordinating conjunction",NA,NA
"furs","NNS","fur",4,"noun","Noun, plural",NA,NA
"fiscal","JJ","fiscal",6,"adjective","Adjective",NA,NA
".","SENT",".",1,"fullstop","Sentence ending punctuation",NA,NA
"api","NNS","<unknown>",3,"noun","Noun, plural",NA,NA
"import","VVP","import",6,"verb","Verb, non-3rd person singular present",NA,NA
"FURSBusinessPremiseAPI","NP","<unknown>",22,"name","Proper noun, singular",NA,NA
"api","NP","<unknown>",3,"name","Proper noun, singular",NA,NA
"FURSBusinessPremiseAPI","NP","<unknown>",22,"name","Proper noun, singular",NA,NA
"p","NN","p",1,"noun","Noun, singular or mass",NA,NA
"path","NN","path",4,"noun","Noun, singular or mass",NA,NA
"my","PP$","my",2,"pronoun","Possessive pronoun",NA,NA
"cert","NN","cert",4,"noun","Noun, singular or mass",NA,NA
".","SENT",".",1,"fullstop","Sentence ending punctuation",NA,NA
"p","NN","p",1,"noun","Noun, singular or mass",NA,NA
",",",",",",1,"comma","Comma",NA,NA
"p","NN","p",1,"noun","Noun, singular or mass",NA,NA
"password","NN","password",8,"noun","Noun, singular or mass",NA,NA
"cert","NN","cert",4,"noun","Noun, singular or mass",NA,NA
"pass","NN","pass",4,"noun","Noun, singular or mass",NA,NA
",",",",",",1,"comma","Comma",NA,NA
"production","NN","production",10,"noun","Noun, singular or mass",NA,NA
"True","NP","True",4,"name","Proper noun, singular",NA,NA
",",",",",",1,"comma","Comma",NA,NA
"request","NN","request",7,"noun","Noun, singular or mass",NA,NA
"timeout","NN","timeout",7,"noun","Noun, singular or mass",NA,NA
".","SENT",".",1,"fullstop","Sentence ending punctuation",NA,NA
"api","NNS","<unknown>",3,"noun","Noun, plural",NA,NA
".","SENT",".",1,"fullstop","Sentence ending punctuation",NA,NA
"register","VV","register",8,"verb","Verb, base form",NA,NA
"immovable","JJ","immovable",9,"adjective","Adjective",NA,NA
"business","NN","business",8,"noun","Noun, singular or mass",NA,NA
"premise","NN","premise",7,"noun","Noun, singular or mass",NA,NA
"tax","NN","tax",3,"noun","Noun, singular or mass",NA,NA
"number","NN","number",6,"noun","Noun, singular or mass",NA,NA
",",",",",",1,"comma","Comma",NA,NA
"premise","NN","premise",7,"noun","Noun, singular or mass",NA,NA
"id","NN","id",2,"noun","Noun, singular or mass",NA,NA
"BP","NP","BP",2,"name","Proper noun, singular",NA,NA
",",",",",",1,"comma","Comma",NA,NA
"real","JJ","real",4,"adjective","Adjective",NA,NA
"estate","NN","estate",6,"noun","Noun, singular or mass",NA,NA
"cadastral","NN","<unknown>",9,"noun","Noun, singular or mass",NA,NA
"number","NN","number",6,"noun","Noun, singular or mass",NA,NA
",",",",",",1,"comma","Comma",NA,NA
"real","JJ","real",4,"adjective","Adjective",NA,NA
"estate","NN","estate",6,"noun","Noun, singular or mass",NA,NA
"building","NN","building",8,"noun","Noun, singular or mass",NA,NA
"number","NN","number",6,"noun","Noun, singular or mass",NA,NA
",",",",",",1,"comma","Comma",NA,NA
"real","JJ","real",4,"adjective","Adjective",NA,NA
"estate","NN","estate",6,"noun","Noun, singular or mass",NA,NA
"building","NN","building",8,"noun","Noun, singular or mass",NA,NA
"section","NN","section",7,"noun","Noun, singular or mass",NA,NA
"number","NN","number",6,"noun","Noun, singular or mass",NA,NA
",",",",",",1,"comma","Comma",NA,NA
"street","NN","street",6,"noun","Noun, singular or mass",NA,NA
"Trzaska","NP","<unknown>",7,"name","Proper noun, singular",NA,NA
"cesta","NP","<unknown>",5,"name","Proper noun, singular",NA,NA
",",",",",",1,"comma","Comma",NA,NA
"house","NN","house",5,"noun","Noun, singular or mass",NA,NA
"number","NN","number",6,"noun","Noun, singular or mass",NA,NA
",",",",",",1,"comma","Comma",NA,NA
"house","NN","house",5,"noun","Noun, singular or mass",NA,NA
"number","NN","number",6,"noun","Noun, singular or mass",NA,NA
"additional","JJ","additional",10,"adjective","Adjective",NA,NA
"A","NP","A",1,"name","Proper noun, singular",NA,NA
",",",",",",1,"comma","Comma",NA,NA
"community","NN","community",9,"noun","Noun, singular or mass",NA,NA
"Ljubljana","NP","Ljubljana",9,"name","Proper noun, singular",NA,NA
",",",",",",1,"comma","Comma",NA,NA
"city","NN","city",4,"noun","Noun, singular or mass",NA,NA
"Ljubljana","NP","Ljubljana",9,"name","Proper noun, singular",NA,NA
",",",",",",1,"comma","Comma",NA,NA
"postal","JJ","postal",6,"adjective","Adjective",NA,NA
"code","NN","code",4,"noun","Noun, singular or mass",NA,NA
",",",",",",1,"comma","Comma",NA,NA
"validity","NN","validity",8,"noun","Noun, singular or mass",NA,NA
"date","NN","date",4,"noun","Noun, singular or mass",NA,NA
"datetime","NN","<unknown>",8,"noun","Noun, singular or mass",NA,NA
".","SENT",".",1,"fullstop","Sentence ending punctuation",NA,NA
"now","RB","now",3,"adverb","Adverb",NA,NA
"timedelta","NN","<unknown>",9,"noun","Noun, singular or mass",NA,NA
"days","NNS","day",4,"noun","Noun, plural",NA,NA
",",",",",",1,"comma","Comma",NA,NA
"software","NN","software",8,"noun","Noun, singular or mass",NA,NA
"supplier","NN","supplier",8,"noun","Noun, singular or mass",NA,NA
"tax","NN","tax",3,"noun","Noun, singular or mass",NA,NA
"number","NN","number",6,"noun","Noun, singular or mass",NA,NA
",",",",",",1,"comma","Comma",NA,NA
"foreign","JJ","foreign",7,"adjective","Adjective",NA,NA
"software","NN","software",8,"noun","Noun, singular or mass",NA,NA
"supplier","NN","supplier",8,"noun","Noun, singular or mass",NA,NA
"name","NN","name",4,"noun","Noun, singular or mass",NA,NA
"None","NN","none",4,"noun","Noun, singular or mass",NA,NA
",",",",",",1,"comma","Comma",NA,NA
"special","JJ","special",7,"adjective","Adjective",NA,NA
"notes","NNS","note",5,"noun","Noun, plural",NA,NA
"NOTE","NN","note",4,"noun","Noun, singular or mass",NA,NA
":","SENT",":",1,"fullstop","Sentence ending punctuation",NA,NA
"As","RB","as",2,"adverb","Adverb",NA,NA
"of","IN","of",2,"preposition","Preposition or subordinating conjunction",NA,NA
"..",":","...",2,"punctuation","Punctuation",NA,NA
"FURS","NP","Furs",4,"name","Proper noun, singular",NA,NA
"does","VVZ","do",4,"verb","Verb, 3rd person singular present",NA,NA
"require","VV","require",7,"verb","Verb, base form",NA,NA
"you","PP","you",3,"pronoun","Personal pronoun",NA,NA
"to","TO","to",2,"to","to",NA,NA
"send","VV","send",4,"verb","Verb, base form",NA,NA
"some","DT","some",4,"determiner","Determiner",NA,NA
"kind","NN","kind",4,"noun","Noun, singular or mass",NA,NA
"of","IN","of",2,"preposition","Preposition or subordinating conjunction",NA,NA
"Special","JJ","special",7,"adjective","Adjective",NA,NA
"note","NN","note",4,"noun","Noun, singular or mass",NA,NA
"to","TO","to",2,"to","to",NA,NA
"them","PP","them",4,"pronoun","Personal pronoun",NA,NA
".","SENT",".",1,"fullstop","Sentence ending punctuation",NA,NA
"Empty","JJ","empty",5,"adjective","Adjective",NA,NA
"string","NN","string",6,"noun","Noun, singular or mass",NA,NA
"will","MD","will",4,"modal","Modal",NA,NA
"raise","VV","raise",5,"verb","Verb, base form",NA,NA
"invalid","JJ","invalid",7,"adjective","Adjective",NA,NA
"JSON","NP","<unknown>",4,"name","Proper noun, singular",NA,NA
"on","IN","on",2,"preposition","Preposition or subordinating conjunction",NA,NA
"their","PP$","their",5,"pronoun","Possessive pronoun",NA,NA
"side","NN","side",4,"noun","Noun, singular or mass",NA,NA
".","SENT",".",1,"fullstop","Sentence ending punctuation",NA,NA
"Registering","VVG","register",11,"verb","Verb, gerund or present participle",NA,NA
"Movable","NP","<unknown>",7,"name","Proper noun, singular",NA,NA
"Business","NP","Business",8,"name","Proper noun, singular",NA,NA
"Premise","NP","<unknown>",7,"name","Proper noun, singular",NA,NA
"In","IN","in",2,"preposition","Preposition or subordinating conjunction",NA,NA
"order","NN","order",5,"noun","Noun, singular or mass",NA,NA
"to","TO","to",2,"to","to",NA,NA
"register","VV","register",8,"verb","Verb, base form",NA,NA
"Movable","NP","<unknown>",7,"name","Proper noun, singular",NA,NA
"Business","NP","Business",8,"name","Proper noun, singular",NA,NA
"Premise","NP","<unknown>",7,"name","Proper noun, singular",NA,NA
"you","PP","you",3,"pronoun","Personal pronoun",NA,NA
"will","MD","will",4,"modal","Modal",NA,NA
"need","VV","need",4,"verb","Verb, base form",NA,NA
"to","TO","to",2,"to","to",NA,NA
"define","VV","define",6,"verb","Verb, base form",NA,NA
"one","CD","one",3,"number","Cardinal number",NA,NA
"of","IN","of",2,"preposition","Preposition or subordinating conjunction",NA,NA
"three","CD","three",5,"number","Cardinal number",NA,NA
"types","NNS","type",5,"noun","Noun, plural",NA,NA
":","SENT",":",1,"fullstop","Sentence ending punctuation",NA,NA
"TYPE","NN","type",4,"noun","Noun, singular or mass",NA,NA
"MOVABLE","NP","<unknown>",7,"name","Proper noun, singular",NA,NA
"PREMISE","NP","<unknown>",7,"name","Proper noun, singular",NA,NA
"A","NP","A",1,"name","Proper noun, singular",NA,NA
":","SENT",":",1,"fullstop","Sentence ending punctuation",NA,NA
"Movable","JJ","movable",7,"adjective","Adjective",NA,NA
"object","NN","object",6,"noun","Noun, singular or mass",NA,NA
"such","JJ","such",4,"adjective","Adjective",NA,NA
"as","IN","as",2,"preposition","Preposition or subordinating conjunction",NA,NA
"vehicle","NN","vehicle",7,"noun","Noun, singular or mass",NA,NA
",",",",",",1,"comma","Comma",NA,NA
"movable","JJ","movable",7,"adjective","Adjective",NA,NA
"stand","VVP","stand",5,"verb","Verb, non-3rd person singular present",NA,NA
"etc","FW","etc",3,"foreign","Foreign word",NA,NA
".","SENT",".",1,"fullstop","Sentence ending punctuation",NA,NA
"TYPE","NN","type",4,"noun","Noun, singular or mass",NA,NA
"MOVABLE","NP","<unknown>",7,"name","Proper noun, singular",NA,NA
"PREMISE","NP","<unknown>",7,"name","Proper noun, singular",NA,NA
"B","NP","B",1,"name","Proper noun, singular",NA,NA
":","SENT",":",1,"fullstop","Sentence ending punctuation",NA,NA
"Object","VVP","object",6,"verb","Verb, non-3rd person singular present",NA,NA
"at","IN","at",2,"preposition","Preposition or subordinating conjunction",NA,NA
"permanent","JJ","permanent",9,"adjective","Adjective",NA,NA
"location","NN","location",8,"noun","Noun, singular or mass",NA,NA
"such","JJ","such",4,"adjective","Adjective",NA,NA
"as","IN","as",2,"preposition","Preposition or subordinating conjunction",NA,NA
"news","NN","news",4,"noun","Noun, singular or mass",NA,NA
"stand","NN","stand",5,"noun","Noun, singular or mass",NA,NA
",",",",",",1,"comma","Comma",NA,NA
"market","NN","market",6,"noun","Noun, singular or mass",NA,NA
"stand","VVP","stand",5,"verb","Verb, non-3rd person singular present",NA,NA
"etc","FW","etc",3,"foreign","Foreign word",NA,NA
".","SENT",".",1,"fullstop","Sentence ending punctuation",NA,NA
"TYPE","NN","type",4,"noun","Noun, singular or mass",NA,NA
"MOVABLE","NP","<unknown>",7,"name","Proper noun, singular",NA,NA
"PREMISE","NP","<unknown>",7,"name","Proper noun, singular",NA,NA
"C","NP","C",1,"name","Proper noun, singular",NA,NA
":","SENT",":",1,"fullstop","Sentence ending punctuation",NA,NA
"Individual","JJ","individual",10,"adjective","Adjective",NA,NA
"electronic","JJ","electronic",10,"adjective","Adjective",NA,NA
"device","NN","device",6,"noun","Noun, singular or mass",NA,NA
"in","IN","in",2,"preposition","Preposition or subordinating conjunction",NA,NA
"cases","NNS","case",5,"noun","Noun, plural",NA,NA
"when","WRB","when",4,"adverb","Wh-adverb",NA,NA
"the","DT","the",3,"determiner","Determiner",NA,NA
"company","NN","company",7,"noun","Noun, singular or mass",NA,NA
"does","VVZ","do",4,"verb","Verb, 3rd person singular present",NA,NA
"not","RB","not",3,"adverb","Adverb",NA,NA
"use","VV","use",3,"verb","Verb, base form",NA,NA
"other","JJ","other",5,"adjective","Adjective",NA,NA
"business","NN","business",8,"noun","Noun, singular or mass",NA,NA
"premises","NNS","premise",8,"noun","Noun, plural",NA,NA
"python","NN","python",6,"noun","Noun, singular or mass",NA,NA
"from","IN","from",4,"preposition","Preposition or subordinating conjunction",NA,NA
"furs","NNS","fur",4,"noun","Noun, plural",NA,NA
"fiscal","JJ","fiscal",6,"adjective","Adjective",NA,NA
".","SENT",".",1,"fullstop","Sentence ending punctuation",NA,NA
"api","NNS","<unknown>",3,"noun","Noun, plural",NA,NA
"import","VVP","import",6,"verb","Verb, non-3rd person singular present",NA,NA
"FURSBusinessPremiseAPI","NP","<unknown>",22,"name","Proper noun, singular",NA,NA
",",",",",",1,"comma","Comma",NA,NA
"TYPE","NP","<unknown>",4,"name","Proper noun, singular",NA,NA
"MOVABLE","NP","<unknown>",7,"name","Proper noun, singular",NA,NA
"PREMISE","NP","<unknown>",7,"name","Proper noun, singular",NA,NA
"A","NP","A",1,"name","Proper noun, singular",NA,NA
"api","NP","<unknown>",3,"name","Proper noun, singular",NA,NA
"FURSBusinessPremiseAPI","NP","<unknown>",22,"name","Proper noun, singular",NA,NA
"p","NN","p",1,"noun","Noun, singular or mass",NA,NA
"path","NN","path",4,"noun","Noun, singular or mass",NA,NA
"my","PP$","my",2,"pronoun","Possessive pronoun",NA,NA
"cert","NN","cert",4,"noun","Noun, singular or mass",NA,NA
".","SENT",".",1,"fullstop","Sentence ending punctuation",NA,NA
"p","NN","p",1,"noun","Noun, singular or mass",NA,NA
",",",",",",1,"comma","Comma",NA,NA
"p","NN","p",1,"noun","Noun, singular or mass",NA,NA
"password","NN","password",8,"noun","Noun, singular or mass",NA,NA
"cert","NN","cert",4,"noun","Noun, singular or mass",NA,NA
"pass","NN","pass",4,"noun","Noun, singular or mass",NA,NA
",",",",",",1,"comma","Comma",NA,NA
"production","NN","production",10,"noun","Noun, singular or mass",NA,NA
"True","NP","True",4,"name","Proper noun, singular",NA,NA
",",",",",",1,"comma","Comma",NA,NA
"request","NN","request",7,"noun","Noun, singular or mass",NA,NA
"timeout","NN","timeout",7,"noun","Noun, singular or mass",NA,NA
".","SENT",".",1,"fullstop","Sentence ending punctuation",NA,NA
"api","NNS","<unknown>",3,"noun","Noun, plural",NA,NA
".","SENT",".",1,"fullstop","Sentence ending punctuation",NA,NA
"register","VV","register",8,"verb","Verb, base form",NA,NA
"movable","JJ","movable",7,"adjective","Adjective",NA,NA
"business","NN","business",8,"noun","Noun, singular or mass",NA,NA
"premise","NN","premise",7,"noun","Noun, singular or mass",NA,NA
"tax","NN","tax",3,"noun","Noun, singular or mass",NA,NA
"number","NN","number",6,"noun","Noun, singular or mass",NA,NA
",",",",",",1,"comma","Comma",NA,NA
"premise","NN","premise",7,"noun","Noun, singular or mass",NA,NA
"id","NN","id",2,"noun","Noun, singular or mass",NA,NA
"BP","NP","BP",2,"name","Proper noun, singular",NA,NA
",",",",",",1,"comma","Comma",NA,NA
"movable","JJ","movable",7,"adjective","Adjective",NA,NA
"type","NN","type",4,"noun","Noun, singular or mass",NA,NA
"TYPE","NP","<unknown>",4,"name","Proper noun, singular",NA,NA
"MOVABLE","NP","<unknown>",7,"name","Proper noun, singular",NA,NA
"PREMISE","NP","<unknown>",7,"name","Proper noun, singular",NA,NA
"A","NP","A",1,"name","Proper noun, singular",NA,NA
",",",",",",1,"comma","Comma",NA,NA
"validity","NN","validity",8,"noun","Noun, singular or mass",NA,NA
"date","NN","date",4,"noun","Noun, singular or mass",NA,NA
"datetime","NN","<unknown>",8,"noun","Noun, singular or mass",NA,NA
".","SENT",".",1,"fullstop","Sentence ending punctuation",NA,NA
"now","RB","now",3,"adverb","Adverb",NA,NA
"timedelta","NN","<unknown>",9,"noun","Noun, singular or mass",NA,NA
"days","NNS","day",4,"noun","Noun, plural",NA,NA
",",",",",",1,"comma","Comma",NA,NA
"software","NN","software",8,"noun","Noun, singular or mass",NA,NA
"supplier","NN","supplier",8,"noun","Noun, singular or mass",NA,NA
"tax","NN","tax",3,"noun","Noun, singular or mass",NA,NA
"number","NN","number",6,"noun","Noun, singular or mass",NA,NA
",",",",",",1,"comma","Comma",NA,NA
"foreign","JJ","foreign",7,"adjective","Adjective",NA,NA
"software","NN","software",8,"noun","Noun, singular or mass",NA,NA
"supplier","NN","supplier",8,"noun","Noun, singular or mass",NA,NA
"name","NN","name",4,"noun","Noun, singular or mass",NA,NA
"None","NN","none",4,"noun","Noun, singular or mass",NA,NA
",",",",",",1,"comma","Comma",NA,NA
"special","JJ","special",7,"adjective","Adjective",NA,NA
"notes","NNS","note",5,"noun","Noun, plural",NA,NA
"Calculate","JJ","<unknown>",9,"adjective","Adjective",NA,NA
"Invoice","NP","<unknown>",7,"name","Proper noun, singular",NA,NA
"ZOI","NP","<unknown>",3,"name","Proper noun, singular",NA,NA
"Protected","NP","<unknown>",9,"name","Proper noun, singular",NA,NA
"ID","NN","id",2,"noun","Noun, singular or mass",NA,NA
"At","IN","at",2,"preposition","Preposition or subordinating conjunction",NA,NA
"the","DT","the",3,"determiner","Determiner",NA,NA
"end","NN","end",3,"noun","Noun, singular or mass",NA,NA
"of","IN","of",2,"preposition","Preposition or subordinating conjunction",NA,NA
"every","DT","every",5,"determiner","Determiner",NA,NA
"Invoice","NN","invoice",7,"noun","Noun, singular or mass",NA,NA
"your","PP$","your",4,"pronoun","Possessive pronoun",NA,NA
"should","MD","should",6,"modal","Modal",NA,NA
"print","VV","print",5,"verb","Verb, base form",NA,NA
"ZOI","NP","<unknown>",3,"name","Proper noun, singular",NA,NA
"Protected","NP","<unknown>",9,"name","Proper noun, singular",NA,NA
"ID","NP","Id",2,"name","Proper noun, singular",NA,NA
".","SENT",".",1,"fullstop","Sentence ending punctuation",NA,NA
"To","TO","To",2,"to","to",NA,NA
"obtain","VV","obtain",6,"verb","Verb, base form",NA,NA
"it","PP","it",2,"pronoun","Personal pronoun",NA,NA
"follow","VV","follow",6,"verb","Verb, base form",NA,NA
"the","DT","the",3,"determiner","Determiner",NA,NA
"next","JJ","next",4,"adjective","Adjective",NA,NA
"procedure","NN","procedure",9,"noun","Noun, singular or mass",NA,NA
":","SENT",":",1,"fullstop","Sentence ending punctuation",NA,NA
"python","NN","python",6,"noun","Noun, singular or mass",NA,NA
"from","IN","from",4,"preposition","Preposition or subordinating conjunction",NA,NA
"furs","NNS","fur",4,"noun","Noun, plural",NA,NA
"fiscal","JJ","fiscal",6,"adjective","Adjective",NA,NA
".","SENT",".",1,"fullstop","Sentence ending punctuation",NA,NA
"api","NNS","<unknown>",3,"noun","Noun, plural",NA,NA
"import","VVP","import",6,"verb","Verb, non-3rd person singular present",NA,NA
"FURSInvoiceAPI","NP","<unknown>",14,"name","Proper noun, singular",NA,NA
"api","NP","<unknown>",3,"name","Proper noun, singular",NA,NA
"FURSInvoiceAPI","NP","<unknown>",14,"name","Proper noun, singular",NA,NA
"p","NN","p",1,"noun","Noun, singular or mass",NA,NA
"path","NN","path",4,"noun","Noun, singular or mass",NA,NA
"my","PP$","my",2,"pronoun","Possessive pronoun",NA,NA
"cert","NN","cert",4,"noun","Noun, singular or mass",NA,NA
".","SENT",".",1,"fullstop","Sentence ending punctuation",NA,NA
"p","NN","p",1,"noun","Noun, singular or mass",NA,NA
",",",",",",1,"comma","Comma",NA,NA
"p","NN","p",1,"noun","Noun, singular or mass",NA,NA
"password","NN","password",8,"noun","Noun, singular or mass",NA,NA
"cert","NN","cert",4,"noun","Noun, singular or mass",NA,NA
"pass","NN","pass",4,"noun","Noun, singular or mass",NA,NA
",",",",",",1,"comma","Comma",NA,NA
"production","NN","production",10,"noun","Noun, singular or mass",NA,NA
"False","NN","<unknown>",5,"noun","Noun, singular or mass",NA,NA
",",",",",",1,"comma","Comma",NA,NA
"request","NN","request",7,"noun","Noun, singular or mass",NA,NA
"timeout","NN","timeout",7,"noun","Noun, singular or mass",NA,NA
".","SENT",".",1,"fullstop","Sentence ending punctuation",NA,NA
"date","NN","date",4,"noun","Noun, singular or mass",NA,NA
"issued","VVD","issue",6,"verb","Verb, past tense",NA,NA
"datetime","NN","<unknown>",8,"noun","Noun, singular or mass",NA,NA
".","SENT",".",1,"fullstop","Sentence ending punctuation",NA,NA
"now","RB","now",3,"adverb","Adverb",NA,NA
"zoi","NN","<unknown>",3,"noun","Noun, singular or mass",NA,NA
"api","NNS","<unknown>",3,"noun","Noun, plural",NA,NA
".","SENT",".",1,"fullstop","Sentence ending punctuation",NA,NA
"calculate","VV","calculate",9,"verb","Verb, base form",NA,NA
"zoi","NP","<unknown>",3,"name","Proper noun, singular",NA,NA
"tax","NN","tax",3,"noun","Noun, singular or mass",NA,NA
"number","NN","number",6,"noun","Noun, singular or mass",NA,NA
",",",",",",1,"comma","Comma",NA,NA
"issued","VVN","issue",6,"verb","Verb, past participle",NA,NA
"date","NN","date",4,"noun","Noun, singular or mass",NA,NA
"date","NN","date",4,"noun","Noun, singular or mass",NA,NA
"issued","VVD","issue",6,"verb","Verb, past tense",NA,NA
",",",",",",1,"comma","Comma",NA,NA
"invoice","NN","invoice",7,"noun","Noun, singular or mass",NA,NA
"number","NN","number",6,"noun","Noun, singular or mass",NA,NA
",",",",",",1,"comma","Comma",NA,NA
"business","NN","business",8,"noun","Noun, singular or mass",NA,NA
"premise","NN","premise",7,"noun","Noun, singular or mass",NA,NA
"id","NN","id",2,"noun","Noun, singular or mass",NA,NA
"BP","NP","BP",2,"name","Proper noun, singular",NA,NA
",",",",",",1,"comma","Comma",NA,NA
"electronic","JJ","electronic",10,"adjective","Adjective",NA,NA
"device","NN","device",6,"noun","Noun, singular or mass",NA,NA
"id","NN","id",2,"noun","Noun, singular or mass",NA,NA
"B","NP","B",1,"name","Proper noun, singular",NA,NA
",",",",",",1,"comma","Comma",NA,NA
"invoice","NN","invoice",7,"noun","Noun, singular or mass",NA,NA
"amount","NN","amount",6,"noun","Noun, singular or mass",NA,NA
"Decimal","NP","<unknown>",7,"name","Proper noun, singular",NA,NA
".","SENT",".",1,"fullstop","Sentence ending punctuation",NA,NA
"Generate","VV","generate",8,"verb","Verb, base form",NA,NA
"Data","NP","Data",4,"name","Proper noun, singular",NA,NA
"for","IN","for",3,"preposition","Preposition or subordinating conjunction",NA,NA
"QR","NP","<unknown>",2,"name","Proper noun, singular",NA,NA
"Code","NP","Code",4,"name","Proper noun, singular",NA,NA
"PDF","NP","PDF",3,"name","Proper noun, singular",NA,NA
"You","NP","You",3,"name","Proper noun, singular",NA,NA
"re","NN","re",2,"noun","Noun, singular or mass",NA,NA
"supposed","VVN","suppose",8,"verb","Verb, past participle",NA,NA
"to","TO","to",2,"to","to",NA,NA
"print","VV","print",5,"verb","Verb, base form",NA,NA
"QR","NP","<unknown>",2,"name","Proper noun, singular",NA,NA
"Code","NP","Code",4,"name","Proper noun, singular",NA,NA
"Code","NP","Code",4,"name","Proper noun, singular",NA,NA
"or","CC","or",2,"conjunction","Coordinating conjunction",NA,NA
"PDF","NP","PDF",3,"name","Proper noun, singular",NA,NA
"on","IN","on",2,"preposition","Preposition or subordinating conjunction",NA,NA
"every","DT","every",5,"determiner","Determiner",NA,NA
"invoice","NN","invoice",7,"noun","Noun, singular or mass",NA,NA
"after","IN","after",5,"preposition","Preposition or subordinating conjunction",NA,NA
"the","DT","the",3,"determiner","Determiner",NA,NA
"ZOI","NP","<unknown>",3,"name","Proper noun, singular",NA,NA
".","SENT",".",1,"fullstop","Sentence ending punctuation",NA,NA
"To","TO","To",2,"to","to",NA,NA
"obtain","VV","obtain",6,"verb","Verb, base form",NA,NA
"the","DT","the",3,"determiner","Determiner",NA,NA
"data","NNS","datum",4,"noun","Noun, plural",NA,NA
"for","IN","for",3,"preposition","Preposition or subordinating conjunction",NA,NA
"QR","NP","<unknown>",2,"name","Proper noun, singular",NA,NA
"Code","NP","Code",4,"name","Proper noun, singular",NA,NA
"PDF","NP","PDF",3,"name","Proper noun, singular",NA,NA
"perform","VV","perform",7,"verb","Verb, base form",NA,NA
"the","DT","the",3,"determiner","Determiner",NA,NA
"following","VVG","follow",9,"verb","Verb, gerund or present participle",NA,NA
"method","NN","method",6,"noun","Noun, singular or mass",NA,NA
"call","NN","call",4,"noun","Noun, singular or mass",NA,NA
"on","IN","on",2,"preposition","Preposition or subordinating conjunction",NA,NA
"FURSInvoiceAPI","NP","<unknown>",14,"name","Proper noun, singular",NA,NA
"object","NN","object",6,"noun","Noun, singular or mass",NA,NA
".","SENT",".",1,"fullstop","Sentence ending punctuation",NA,NA
"python","NN","python",6,"noun","Noun, singular or mass",NA,NA
"qr","NN","<unknown>",2,"noun","Noun, singular or mass",NA,NA
"data","NNS","datum",4,"noun","Noun, plural",NA,NA
"api","NN","<unknown>",3,"noun","Noun, singular or mass",NA,NA
".","SENT",".",1,"fullstop","Sentence ending punctuation",NA,NA
"prepare","VV","prepare",7,"verb","Verb, base form",NA,NA
"printable","JJ","printable",9,"adjective","Adjective",NA,NA
"tax","NN","tax",3,"noun","Noun, singular or mass",NA,NA
"number","NN","number",6,"noun","Noun, singular or mass",NA,NA
",",",",",",1,"comma","Comma",NA,NA
"zoi","NP","<unknown>",3,"name","Proper noun, singular",NA,NA
"zoi","NP","<unknown>",3,"name","Proper noun, singular",NA,NA
",",",",",",1,"comma","Comma",NA,NA
"issued","VVD","issue",6,"verb","Verb, past tense",NA,NA
"date","NN","date",4,"noun","Noun, singular or mass",NA,NA
"date","NN","date",4,"noun","Noun, singular or mass",NA,NA
"issued","VVD","issue",6,"verb","Verb, past tense",NA,NA
"Get","VV","get",3,"verb","Verb, base form",NA,NA
"EOR","NP","<unknown>",3,"name","Proper noun, singular",NA,NA
"From","IN","from",4,"preposition","Preposition or subordinating conjunction",NA,NA
"FURS","NP","Furs",4,"name","Proper noun, singular",NA,NA
"To","TO","To",2,"to","to",NA,NA
"obtain","VV","obtain",6,"verb","Verb, base form",NA,NA
"FURS","NP","Furs",4,"name","Proper noun, singular",NA,NA
"EOR","NP","<unknown>",3,"name","Proper noun, singular",NA,NA
"code","NN","code",4,"noun","Noun, singular or mass",NA,NA
"UniqueID","NN","<unknown>",8,"noun","Noun, singular or mass",NA,NA
",",",",",",1,"comma","Comma",NA,NA
"you","PP","you",3,"pronoun","Personal pronoun",NA,NA
"ll","RB","<unknown>",2,"adverb","Adverb",NA,NA
"have","VH","have",4,"verb","Verb, base form of ""to have""",NA,NA
"to","TO","to",2,"to","to",NA,NA
"call","VV","call",4,"verb","Verb, base form",NA,NA
"the","DT","the",3,"determiner","Determiner",NA,NA
"following","VVG","follow",9,"verb","Verb, gerund or present participle",NA,NA
"method","NN","method",6,"noun","Noun, singular or mass",NA,NA
".","SENT",".",1,"fullstop","Sentence ending punctuation",NA,NA
"It","PP","it",2,"pronoun","Personal pronoun",NA,NA
"provides","VVZ","provide",8,"verb","Verb, 3rd person singular present",NA,NA
"several","JJ","several",7,"adjective","Adjective",NA,NA
"other","JJ","other",5,"adjective","Adjective",NA,NA
"parameters","NNS","parameter",10,"noun","Noun, plural",NA,NA
",",",",",",1,"comma","Comma",NA,NA
"for","IN","for",3,"preposition","Preposition or subordinating conjunction",NA,NA
"issuing","VVG","issue",7,"verb","Verb, gerund or present participle",NA,NA
"invoice","NN","invoice",7,"noun","Noun, singular or mass",NA,NA
"storno","NN","<unknown>",6,"noun","Noun, singular or mass",NA,NA
"and","CC","and",3,"conjunction","Coordinating conjunction",NA,NA
"special","JJ","special",7,"adjective","Adjective",NA,NA
"tax","NN","tax",3,"noun","Noun, singular or mass",NA,NA
"rules","NNS","rule",5,"noun","Noun, plural",NA,NA
".","SENT",".",1,"fullstop","Sentence ending punctuation",NA,NA
"Please","UH","Please",6,"interjection","Interjection",NA,NA
"read","VV","read",4,"verb","Verb, base form",NA,NA
"the","DT","the",3,"determiner","Determiner",NA,NA
"full","JJ","full",4,"adjective","Adjective",NA,NA
"documentation","NN","documentation",13,"noun","Noun, singular or mass",NA,NA
".","SENT",".",1,"fullstop","Sentence ending punctuation",NA,NA
"python","NN","python",6,"noun","Noun, singular or mass",NA,NA
"eor","NN","<unknown>",3,"noun","Noun, singular or mass",NA,NA
"api","NNS","<unknown>",3,"noun","Noun, plural",NA,NA
".","SENT",".",1,"fullstop","Sentence ending punctuation",NA,NA
"get","VV","get",3,"verb","Verb, base form",NA,NA
"invoice","NN","invoice",7,"noun","Noun, singular or mass",NA,NA
"eor","NN","<unknown>",3,"noun","Noun, singular or mass",NA,NA
"zoi","NP","<unknown>",3,"name","Proper noun, singular",NA,NA
"zoi","NP","<unknown>",3,"name","Proper noun, singular",NA,NA
",",",",",",1,"comma","Comma",NA,NA
"tax","NN","tax",3,"noun","Noun, singular or mass",NA,NA
"number","NN","number",6,"noun","Noun, singular or mass",NA,NA
",",",",",",1,"comma","Comma",NA,NA
"issued","VVN","issue",6,"verb","Verb, past participle",NA,NA
"date","NN","date",4,"noun","Noun, singular or mass",NA,NA
"date","NN","date",4,"noun","Noun, singular or mass",NA,NA
"issued","VVD","issue",6,"verb","Verb, past tense",NA,NA
",",",",",",1,"comma","Comma",NA,NA
"invoice","NN","invoice",7,"noun","Noun, singular or mass",NA,NA
"number","NN","number",6,"noun","Noun, singular or mass",NA,NA
",",",",",",1,"comma","Comma",NA,NA
"business","NN","business",8,"noun","Noun, singular or mass",NA,NA
"premise","NN","premise",7,"noun","Noun, singular or mass",NA,NA
"id","NN","id",2,"noun","Noun, singular or mass",NA,NA
"BP","NP","BP",2,"name","Proper noun, singular",NA,NA
",",",",",",1,"comma","Comma",NA,NA
"electronic","JJ","electronic",10,"adjective","Adjective",NA,NA
"device","NN","device",6,"noun","Noun, singular or mass",NA,NA
"id","NN","id",2,"noun","Noun, singular or mass",NA,NA
"B","NP","B",1,"name","Proper noun, singular",NA,NA
",",",",",",1,"comma","Comma",NA,NA
"invoice","NN","invoice",7,"noun","Noun, singular or mass",NA,NA
"amount","NN","amount",6,"noun","Noun, singular or mass",NA,NA
".","SENT",".",1,"fullstop","Sentence ending punctuation",NA,NA
",",",",",",1,"comma","Comma",NA,NA
"low","JJ","low",3,"adjective","Adjective",NA,NA
"tax","NN","tax",3,"noun","Noun, singular or mass",NA,NA
"rate","NN","rate",4,"noun","Noun, singular or mass",NA,NA
"base","NN","base",4,"noun","Noun, singular or mass",NA,NA
".","SENT",".",1,"fullstop","Sentence ending punctuation",NA,NA
",",",",",",1,"comma","Comma",NA,NA
"low","JJ","low",3,"adjective","Adjective",NA,NA
"tax","NN","tax",3,"noun","Noun, singular or mass",NA,NA
"rate","NN","rate",4,"noun","Noun, singular or mass",NA,NA
"amount","NN","amount",6,"noun","Noun, singular or mass",NA,NA
".","SENT",".",1,"fullstop","Sentence ending punctuation",NA,NA
",",",",",",1,"comma","Comma",NA,NA
"high","JJ","high",4,"adjective","Adjective",NA,NA
"tax","NN","tax",3,"noun","Noun, singular or mass",NA,NA
"rate","NN","rate",4,"noun","Noun, singular or mass",NA,NA
"base","NN","base",4,"noun","Noun, singular or mass",NA,NA
".","SENT",".",1,"fullstop","Sentence ending punctuation",NA,NA
",",",",",",1,"comma","Comma",NA,NA
"high","JJ","high",4,"adjective","Adjective",NA,NA
"tax","NN","tax",3,"noun","Noun, singular or mass",NA,NA
"rate","NN","rate",4,"noun","Noun, singular or mass",NA,NA
"amount","NN","amount",6,"noun","Noun, singular or mass",NA,NA
".","SENT",".",1,"fullstop","Sentence ending punctuation",NA,NA
",",",",",",1,"comma","Comma",NA,NA
"operator","NN","operator",8,"noun","Noun, singular or mass",NA,NA
"tax","NN","tax",3,"noun","Noun, singular or mass",NA,NA
"number","NN","number",6,"noun","Noun, singular or mass",NA,NA
"Contributing","VVG","contribute",12,"verb","Verb, gerund or present participle",NA,NA
"This","DT","this",4,"determiner","Determiner",NA,NA
"library","NN","library",7,"noun","Noun, singular or mass",NA,NA
"should","MD","should",6,"modal","Modal",NA,NA
"be","VB","be",2,"verb","Verb, base form of ""to be""",NA,NA
"sufficient","JJ","sufficient",10,"adjective","Adjective",NA,NA
"to","TO","to",2,"to","to",NA,NA
"integrate","VV","integrate",9,"verb","Verb, base form",NA,NA
"into","IN","into",4,"preposition","Preposition or subordinating conjunction",NA,NA
"your","PP$","your",4,"pronoun","Possessive pronoun",NA,NA
"software","NN","software",8,"noun","Noun, singular or mass",NA,NA
"as","RB","as",2,"adverb","Adverb",NA,NA
"is","VBZ","be",2,"verb","Verb, 3rd person singular present of ""to be""",NA,NA
",",",",",",1,"comma","Comma",NA,NA
"but","CC","but",3,"conjunction","Coordinating conjunction",NA,NA
"there","EX","there",5,"existential","Existential there",NA,NA
"is","VBZ","be",2,"verb","Verb, 3rd person singular present of ""to be""",NA,NA
"still","RB","still",5,"adverb","Adverb",NA,NA
"some","DT","some",4,"determiner","Determiner",NA,NA
"work","NN","work",4,"noun","Noun, singular or mass",NA,NA
"that","WDT","that",4,"determiner","Wh-determiner",NA,NA
"needs","VVZ","need",5,"verb","Verb, 3rd person singular present",NA,NA
"to","TO","to",2,"to","to",NA,NA
"be","VB","be",2,"verb","Verb, base form of ""to be""",NA,NA
"done","VVN","do",4,"verb","Verb, past participle",NA,NA
".","SENT",".",1,"fullstop","Sentence ending punctuation",NA,NA
"You","PP","you",3,"pronoun","Personal pronoun",NA,NA
"can","MD","can",3,"modal","Modal",NA,NA
"contribute","VV","contribute",10,"verb","Verb, base form",NA,NA
"in","IN","in",2,"preposition","Preposition or subordinating conjunction",NA,NA
"one","CD","one",3,"number","Cardinal number",NA,NA
"of","IN","of",2,"preposition","Preposition or subordinating conjunction",NA,NA
"the","DT","the",3,"determiner","Determiner",NA,NA
"following","VVG","follow",9,"verb","Verb, gerund or present participle",NA,NA
"areas","NNS","area",5,"noun","Noun, plural",NA,NA
":","SENT",":",1,"fullstop","Sentence ending punctuation",NA,NA
"Detailed","JJ","detailed",8,"adjective","Adjective",NA,NA
"documentation","NN","documentation",13,"noun","Noun, singular or mass",NA,NA
"More","JJR","more",4,"adjective","Adjective, comparative",NA,NA
"examples","NNS","example",8,"noun","Noun, plural",NA,NA
"for","IN","for",3,"preposition","Preposition or subordinating conjunction",NA,NA
"various","JJ","various",7,"adjective","Adjective",NA,NA
"use","NN","use",3,"noun","Noun, singular or mass",NA,NA
"cases","NNS","case",5,"noun","Noun, plural",NA,NA
"Support","NP","<unknown>",7,"name","Proper noun, singular",NA,NA
"for","IN","for",3,"preposition","Preposition or subordinating conjunction",NA,NA
"issuing","VVG","issue",7,"verb","Verb, gerund or present participle",NA,NA
"invoices","NNS","invoice",8,"noun","Noun, plural",NA,NA
"with","IN","with",4,"preposition","Preposition or subordinating conjunction",NA,NA
"multiple","JJ","multiple",8,"adjective","Adjective",NA,NA
"seller","NN","seller",6,"noun","Noun, singular or mass",NA,NA
"tax","NN","tax",3,"noun","Noun, singular or mass",NA,NA
"rates","NNS","rate",5,"noun","Noun, plural",NA,NA
"Tests","VVZ","test",5,"verb","Verb, 3rd person singular present",NA,NA
"I","PP","I",1,"pronoun","Personal pronoun",NA,NA
"ll","RB","<unknown>",2,"adverb","Adverb",NA,NA
"be","VB","be",2,"verb","Verb, base form of ""to be""",NA,NA
"adding","VVG","add",6,"verb","Verb, gerund or present participle",NA,NA
"them","PP","them",4,"pronoun","Personal pronoun",NA,NA
"soon","RB","soon",4,"adverb","Adverb",NA,NA
",",",",",",1,"comma","Comma",NA,NA
"but","CC","but",3,"conjunction","Coordinating conjunction",NA,NA
"I","PP","I",1,"pronoun","Personal pronoun",NA,NA
"ll","RB","<unknown>",2,"adverb","Adverb",NA,NA
"be","VB","be",2,"verb","Verb, base form of ""to be""",NA,NA
"grateful","JJ","grateful",8,"adjective","Adjective",NA,NA
"if","IN","if",2,"preposition","Preposition or subordinating conjunction",NA,NA
"you","PP","you",3,"pronoun","Personal pronoun",NA,NA
"d","NN","d",1,"noun","Noun, singular or mass",NA,NA
"help","NN","help",4,"noun","Noun, singular or mass",NA,NA
"Support","NP","<unknown>",7,"name","Proper noun, singular",NA,NA
"for","IN","for",3,"preposition","Preposition or subordinating conjunction",NA,NA
"Decimal","NP","<unknown>",7,"name","Proper noun, singular",NA,NA
"object","NN","object",6,"noun","Noun, singular or mass",NA,NA
"serialization","NN","serialization",13,"noun","Noun, singular or mass",NA,NA
"Contact","NP","Contact",7,"name","Proper noun, singular",NA,NA
"Boris","NP","Boris",5,"name","Proper noun, singular",NA,NA
"Savic","NP","Savic",5,"name","Proper noun, singular",NA,NA
"Twitter","NP","<unknown>",7,"name","Proper noun, singular",NA,NA
":","SENT",":",1,"fullstop","Sentence ending punctuation",NA,NA
"zitko","NP","Zitko",5,"name","Proper noun, singular",NA,NA
"Email","NP","Email",5,"name","Proper noun, singular",NA,NA
":","SENT",":",1,"fullstop","Sentence ending punctuation",NA,NA
"boris","NN","<unknown>",5,"noun","Noun, singular or mass",NA,NA
"gmail","NN","<unknown>",5,"noun","Noun, singular or mass",NA,NA
".","SENT",".",1,"fullstop","Sentence ending punctuation",NA,NA
"com","NN","com",3,"noun","Noun, singular or mass",NA,NA
