"token","tag","lemma","lttr","wclass","desc","stop","stem"
"h.","NP","H.",2,"name","Proper noun, singular",NA,NA
"Introduction","NP","Introduction",12,"name","Proper noun, singular",NA,NA
"Thank","VV","thank",5,"verb","Verb, base form",NA,NA
"you","PP","you",3,"pronoun","Personal pronoun",NA,NA
"for","IN","for",3,"preposition","Preposition or subordinating conjunction",NA,NA
"downloading","VVG","<unknown>",11,"verb","Verb, gerund or present participle",NA,NA
"the","DT","the",3,"determiner","Determiner",NA,NA
"XLsuite","JJ","<unknown>",7,"adjective","Adjective",NA,NA
"code","NN","code",4,"noun","Noun, singular or mass",NA,NA
"base","NN","base",4,"noun","Noun, singular or mass",NA,NA
".","SENT",".",1,"fullstop","Sentence ending punctuation",NA,NA
"XLsuite","NP","<unknown>",7,"name","Proper noun, singular",NA,NA
"started","VVD","start",7,"verb","Verb, past tense",NA,NA
"it","PP","it",2,"pronoun","Personal pronoun",NA,NA
"s","VVZ","<unknown>",1,"verb","Verb, 3rd person singular present",NA,NA
"days","NNS","day",4,"noun","Noun, plural",NA,NA
"in","IN","in",2,"preposition","Preposition or subordinating conjunction",NA,NA
"as","IN","as",2,"preposition","Preposition or subordinating conjunction",NA,NA
"a","DT","a",1,"determiner","Determiner",NA,NA
"business","NN","business",8,"noun","Noun, singular or mass",NA,NA
"management","NN","management",10,"noun","Noun, singular or mass",NA,NA
"platform","NN","platform",8,"noun","Noun, singular or mass",NA,NA
"for","IN","for",3,"preposition","Preposition or subordinating conjunction",NA,NA
"my","PP$","my",2,"pronoun","Possessive pronoun",NA,NA
"Christmas","NP","Christmas",9,"name","Proper noun, singular",NA,NA
"lighting","NN","lighting",8,"noun","Noun, singular or mass",NA,NA
"company","NN","company",7,"noun","Noun, singular or mass",NA,NA
"weputuplights","NNS","<unknown>",13,"noun","Noun, plural",NA,NA
".","SENT",".",1,"fullstop","Sentence ending punctuation",NA,NA
"com","NN","com",3,"noun","Noun, singular or mass",NA,NA
":","SENT",":",1,"fullstop","Sentence ending punctuation",NA,NA
"The","DT","the",3,"determiner","Determiner",NA,NA
"goal","NN","goal",4,"noun","Noun, singular or mass",NA,NA
"was","VBD","be",3,"verb","Verb, past tense of ""to be""",NA,NA
"to","TO","to",2,"to","to",NA,NA
"provide","VV","provide",7,"verb","Verb, base form",NA,NA
"a","DT","a",1,"determiner","Determiner",NA,NA
"business","NN","business",8,"noun","Noun, singular or mass",NA,NA
"management","NN","management",10,"noun","Noun, singular or mass",NA,NA
"system","NN","system",6,"noun","Noun, singular or mass",NA,NA
"that","WDT","that",4,"determiner","Wh-determiner",NA,NA
"could","MD","could",5,"modal","Modal",NA,NA
"be","VB","be",2,"verb","Verb, base form of ""to be""",NA,NA
"expanded","VVN","expand",8,"verb","Verb, past participle",NA,NA
"to","TO","to",2,"to","to",NA,NA
"service","VV","service",7,"verb","Verb, base form",NA,NA
"installers","NNS","installer",10,"noun","Noun, plural",NA,NA
"in","IN","in",2,"preposition","Preposition or subordinating conjunction",NA,NA
"other","JJ","other",5,"adjective","Adjective",NA,NA
"parts","NNS","part",5,"noun","Noun, plural",NA,NA
"of","IN","of",2,"preposition","Preposition or subordinating conjunction",NA,NA
"the","DT","the",3,"determiner","Determiner",NA,NA
"country","NN","country",7,"noun","Noun, singular or mass",NA,NA
"as","IN","as",2,"preposition","Preposition or subordinating conjunction",NA,NA
"my","PP$","my",2,"pronoun","Possessive pronoun",NA,NA
"business","NN","business",8,"noun","Noun, singular or mass",NA,NA
"grew","VVD","grow",4,"verb","Verb, past tense",NA,NA
".","SENT",".",1,"fullstop","Sentence ending punctuation",NA,NA
"As","IN","as",2,"preposition","Preposition or subordinating conjunction",NA,NA
"it","PP","it",2,"pronoun","Personal pronoun",NA,NA
"evolved","VVD","evolve",7,"verb","Verb, past tense",NA,NA
",",",",",",1,"comma","Comma",NA,NA
"we","PP","we",2,"pronoun","Personal pronoun",NA,NA
"designed","VVD","design",8,"verb","Verb, past tense",NA,NA
"it","PP","it",2,"pronoun","Personal pronoun",NA,NA
"in","IN","in",2,"preposition","Preposition or subordinating conjunction",NA,NA
"a","DT","a",1,"determiner","Determiner",NA,NA
"way","NN","way",3,"noun","Noun, singular or mass",NA,NA
"that","WDT","that",4,"determiner","Wh-determiner",NA,NA
"was","VBD","be",3,"verb","Verb, past tense of ""to be""",NA,NA
"more","RBR","more",4,"adverb","Adverb, comparative",NA,NA
"generic","JJ","generic",7,"adjective","Adjective",NA,NA
"so","RB","so",2,"adverb","Adverb",NA,NA
"that","IN/that","that",4,"preposition","Preposition or subordinating conjunction",NA,NA
"it","PP","it",2,"pronoun","Personal pronoun",NA,NA
"would","MD","would",5,"modal","Modal",NA,NA
"fit","VV","fit",3,"verb","Verb, base form",NA,NA
"the","DT","the",3,"determiner","Determiner",NA,NA
"needs","NNS","need",5,"noun","Noun, plural",NA,NA
"of","IN","of",2,"preposition","Preposition or subordinating conjunction",NA,NA
"other","JJ","other",5,"adjective","Adjective",NA,NA
"businesses","NNS","business",10,"noun","Noun, plural",NA,NA
"outside","IN","outside",7,"preposition","Preposition or subordinating conjunction",NA,NA
"the","DT","the",3,"determiner","Determiner",NA,NA
"scope","NN","scope",5,"noun","Noun, singular or mass",NA,NA
"of","IN","of",2,"preposition","Preposition or subordinating conjunction",NA,NA
"just","RB","just",4,"adverb","Adverb",NA,NA
"lighting","VVG","light",8,"verb","Verb, gerund or present participle",NA,NA
"installers","NNS","installer",10,"noun","Noun, plural",NA,NA
".","SENT",".",1,"fullstop","Sentence ending punctuation",NA,NA
"In","RB","in",2,"adverb","Adverb",NA,NA
",",",",",",1,"comma","Comma",NA,NA
"Rick","NP","Rick",4,"name","Proper noun, singular",NA,NA
"Stonehouse","NP","Stonehouse",10,"name","Proper noun, singular",NA,NA
":","SENT",":",1,"fullstop","Sentence ending punctuation",NA,NA
"project","NN","project",7,"noun","Noun, singular or mass",NA,NA
"and","CC","and",3,"conjunction","Coordinating conjunction",NA,NA
"had","VHD","have",3,"verb","Verb, past tense of ""to have""",NA,NA
"us","PP","us",2,"pronoun","Personal pronoun",NA,NA
"add","VVP","add",3,"verb","Verb, non-3rd person singular present",NA,NA
"functionality","NN","functionality",13,"noun","Noun, singular or mass",NA,NA
"relating","VVG","relate",8,"verb","Verb, gerund or present participle",NA,NA
"to","TO","to",2,"to","to",NA,NA
"managing","VVG","manage",8,"verb","Verb, gerund or present participle",NA,NA
"his","PP$","his",3,"pronoun","Possessive pronoun",NA,NA
"real","JJ","real",4,"adjective","Adjective",NA,NA
"estate","NN","estate",6,"noun","Noun, singular or mass",NA,NA
"business","NN","business",8,"noun","Noun, singular or mass",NA,NA
",",",",",",1,"comma","Comma",NA,NA
"which","WDT","which",5,"determiner","Wh-determiner",NA,NA
"is","VBZ","be",2,"verb","Verb, 3rd person singular present of ""to be""",NA,NA
"where","WRB","where",5,"adverb","Wh-adverb",NA,NA
"the","DT","the",3,"determiner","Determiner",NA,NA
"real","JJ","real",4,"adjective","Adjective",NA,NA
"estate","NN","estate",6,"noun","Noun, singular or mass",NA,NA
"listings","NNS","listing",8,"noun","Noun, plural",NA,NA
"manager","NN","manager",7,"noun","Noun, singular or mass",NA,NA
"came","VVD","come",4,"verb","Verb, past tense",NA,NA
"from","IN","from",4,"preposition","Preposition or subordinating conjunction",NA,NA
".","SENT",".",1,"fullstop","Sentence ending punctuation",NA,NA
"At","IN","at",2,"preposition","Preposition or subordinating conjunction",NA,NA
"the","DT","the",3,"determiner","Determiner",NA,NA
"time","NN","time",4,"noun","Noun, singular or mass",NA,NA
"of","IN","of",2,"preposition","Preposition or subordinating conjunction",NA,NA
"this","DT","this",4,"determiner","Determiner",NA,NA
"writing","VVG","write",7,"verb","Verb, gerund or present participle",NA,NA
"Jan","NP","Jan",3,"name","Proper noun, singular",NA,NA
"XLsuite","NP","<unknown>",7,"name","Proper noun, singular",NA,NA
"runs","VVZ","run",4,"verb","Verb, 3rd person singular present",NA,NA
"a","DT","a",1,"determiner","Determiner",NA,NA
"growing","VVG","grow",7,"verb","Verb, gerund or present participle",NA,NA
"network","NN","network",7,"noun","Noun, singular or mass",NA,NA
"of","IN","of",2,"preposition","Preposition or subordinating conjunction",NA,NA
"community","NN","community",9,"noun","Noun, singular or mass",NA,NA
"focused","VVD","focus",7,"verb","Verb, past tense",NA,NA
"websites","NNS","<unknown>",8,"noun","Noun, plural",NA,NA
"for","IN","for",3,"preposition","Preposition or subordinating conjunction",NA,NA
"Rick","NP","Rick",4,"name","Proper noun, singular",NA,NA
"as","RB","as",2,"adverb","Adverb",NA,NA
"well","RB","well",4,"adverb","Adverb",NA,NA
"as","IN","as",2,"preposition","Preposition or subordinating conjunction",NA,NA
"business","NN","business",8,"noun","Noun, singular or mass",NA,NA
"websites","NNS","<unknown>",8,"noun","Noun, plural",NA,NA
"for","IN","for",3,"preposition","Preposition or subordinating conjunction",NA,NA
"dozens","NNS","dozen",6,"noun","Noun, plural",NA,NA
"of","IN","of",2,"preposition","Preposition or subordinating conjunction",NA,NA
"clients","NNS","client",7,"noun","Noun, plural",NA,NA
"in","IN","in",2,"preposition","Preposition or subordinating conjunction",NA,NA
"multiple","JJ","multiple",8,"adjective","Adjective",NA,NA
"business","NN","business",8,"noun","Noun, singular or mass",NA,NA
"verticals","NNS","vertical",9,"noun","Noun, plural",NA,NA
"including","VVG","include",9,"verb","Verb, gerund or present participle",NA,NA
"Fisheries","NP","<unknown>",9,"name","Proper noun, singular",NA,NA
",",",",",",1,"comma","Comma",NA,NA
"Contracting","NP","Contracting",11,"name","Proper noun, singular",NA,NA
",",",",",",1,"comma","Comma",NA,NA
"Real","NP","Real",4,"name","Proper noun, singular",NA,NA
"Estate","NP","Estate",6,"name","Proper noun, singular",NA,NA
",",",",",",1,"comma","Comma",NA,NA
"Hospitality","NP","<unknown>",11,"name","Proper noun, singular",NA,NA
",",",",",",1,"comma","Comma",NA,NA
"Publishing","NP","Publishing",10,"name","Proper noun, singular",NA,NA
",",",",",",1,"comma","Comma",NA,NA
"Arts","NP","Arts",4,"name","Proper noun, singular",NA,NA
",",",",",",1,"comma","Comma",NA,NA
"Health","NP","Health",6,"name","Proper noun, singular",NA,NA
",",",",",",1,"comma","Comma",NA,NA
"Internet","NP","Internet",8,"name","Proper noun, singular",NA,NA
"Marketing","NP","Marketing",9,"name","Proper noun, singular",NA,NA
",",",",",",1,"comma","Comma",NA,NA
"Education","NP","Education",9,"name","Proper noun, singular",NA,NA
",",",",",",1,"comma","Comma",NA,NA
"Media","NP","Media",5,"name","Proper noun, singular",NA,NA
"and","CC","and",3,"conjunction","Coordinating conjunction",NA,NA
"Manufacturing","NP","Manufacturing",13,"name","Proper noun, singular",NA,NA
".","SENT",".",1,"fullstop","Sentence ending punctuation",NA,NA
"The","DT","the",3,"determiner","Determiner",NA,NA
"platform","NN","platform",8,"noun","Noun, singular or mass",NA,NA
"has","VHZ","have",3,"verb","Verb, 3rd person singular present of ""to have""",NA,NA
"been","VBN","be",4,"verb","Verb, past participle of ""to be""",NA,NA
"designed","VVN","design",8,"verb","Verb, past participle",NA,NA
"to","TO","to",2,"to","to",NA,NA
"encompass","VV","encompass",9,"verb","Verb, base form",NA,NA
"many","JJ","many",4,"adjective","Adjective",NA,NA
"of","IN","of",2,"preposition","Preposition or subordinating conjunction",NA,NA
"the","DT","the",3,"determiner","Determiner",NA,NA
"best","JJS","good",4,"adjective","Adjective, superlative",NA,NA
"practices","NNS","practice",9,"noun","Noun, plural",NA,NA
"around","IN","around",6,"preposition","Preposition or subordinating conjunction",NA,NA
"marketing","NN","marketing",9,"noun","Noun, singular or mass",NA,NA
"and","CC","and",3,"conjunction","Coordinating conjunction",NA,NA
"client","NN","client",6,"noun","Noun, singular or mass",NA,NA
"management","NN","management",10,"noun","Noun, singular or mass",NA,NA
"including","VVG","include",9,"verb","Verb, gerund or present participle",NA,NA
"many","JJ","many",4,"adjective","Adjective",NA,NA
"social","JJ","social",6,"adjective","Adjective",NA,NA
"media","NNS","medium",5,"noun","Noun, plural",NA,NA
"functions","NNS","function",9,"noun","Noun, plural",NA,NA
",",",",",",1,"comma","Comma",NA,NA
"e","LS","e",1,"listmarker","List item marker",NA,NA
"commerce","NN","commerce",8,"noun","Noun, singular or mass",NA,NA
"and","CC","and",3,"conjunction","Coordinating conjunction",NA,NA
"communications","NN","communications",14,"noun","Noun, singular or mass",NA,NA
"modules","NNS","module",7,"noun","Noun, plural",NA,NA
".","SENT",".",1,"fullstop","Sentence ending punctuation",NA,NA
"h.","JJ","<unknown>",2,"adjective","Adjective",NA,NA
"Dual","JJ","dual",4,"adjective","Adjective",NA,NA
"Licenses","NNS","license",8,"noun","Noun, plural",NA,NA
"The","DT","the",3,"determiner","Determiner",NA,NA
"application","NN","application",11,"noun","Noun, singular or mass",NA,NA
"is","VBZ","be",2,"verb","Verb, 3rd person singular present of ""to be""",NA,NA
"licensed","VVN","license",8,"verb","Verb, past participle",NA,NA
"under","IN","under",5,"preposition","Preposition or subordinating conjunction",NA,NA
"a","DT","a",1,"determiner","Determiner",NA,NA
"dual","JJ","dual",4,"adjective","Adjective",NA,NA
"license","NN","license",7,"noun","Noun, singular or mass",NA,NA
",",",",",",1,"comma","Comma",NA,NA
"both","CC","both",4,"conjunction","Coordinating conjunction",NA,NA
"a","DT","a",1,"determiner","Determiner",NA,NA
"GPL","NP","<unknown>",3,"name","Proper noun, singular",NA,NA
"v.","CC","v.",2,"conjunction","Coordinating conjunction",NA,NA
"open","JJ","open",4,"adjective","Adjective",NA,NA
"source","NN","source",6,"noun","Noun, singular or mass",NA,NA
"license","NN","license",7,"noun","Noun, singular or mass",NA,NA
"as","RB","as",2,"adverb","Adverb",NA,NA
"well","RB","well",4,"adverb","Adverb",NA,NA
"as","IN","as",2,"preposition","Preposition or subordinating conjunction",NA,NA
"having","VHG","have",6,"verb","Verb, gerund or present participle of ""to have""",NA,NA
"a","DT","a",1,"determiner","Determiner",NA,NA
"commercial","JJ","commercial",10,"adjective","Adjective",NA,NA
"license","NN","license",7,"noun","Noun, singular or mass",NA,NA
"available","JJ","available",9,"adjective","Adjective",NA,NA
"for","IN","for",3,"preposition","Preposition or subordinating conjunction",NA,NA
"those","DT","those",5,"determiner","Determiner",NA,NA
"interested","JJ","interested",10,"adjective","Adjective",NA,NA
"in","IN","in",2,"preposition","Preposition or subordinating conjunction",NA,NA
"commercializing","VVG","commercialize",15,"verb","Verb, gerund or present participle",NA,NA
"the","DT","the",3,"determiner","Determiner",NA,NA
"application","NN","application",11,"noun","Noun, singular or mass",NA,NA
".","SENT",".",1,"fullstop","Sentence ending punctuation",NA,NA
"This","DT","this",4,"determiner","Determiner",NA,NA
"is","VBZ","be",2,"verb","Verb, 3rd person singular present of ""to be""",NA,NA
"part","NN","part",4,"noun","Noun, singular or mass",NA,NA
"of","IN","of",2,"preposition","Preposition or subordinating conjunction",NA,NA
"a","DT","a",1,"determiner","Determiner",NA,NA
"Win","NP","Win",3,"name","Proper noun, singular",NA,NA
"Win","NP","Win",3,"name","Proper noun, singular",NA,NA
"philosophy","NN","philosophy",10,"noun","Noun, singular or mass",NA,NA
"that","WDT","that",4,"determiner","Wh-determiner",NA,NA
"encourages","VVZ","encourage",10,"verb","Verb, 3rd person singular present",NA,NA
"benefits","NNS","benefit",8,"noun","Noun, plural",NA,NA
"for","IN","for",3,"preposition","Preposition or subordinating conjunction",NA,NA
"designers","NNS","designer",9,"noun","Noun, plural",NA,NA
"and","CC","and",3,"conjunction","Coordinating conjunction",NA,NA
"developers","NNS","developer",10,"noun","Noun, plural",NA,NA
"who","WP","who",3,"pronoun","Wh-pronoun",NA,NA
"can","MD","can",3,"modal","Modal",NA,NA
"share","VV","share",5,"verb","Verb, base form",NA,NA
"in","IN","in",2,"preposition","Preposition or subordinating conjunction",NA,NA
"the","DT","the",3,"determiner","Determiner",NA,NA
"fruits","NNS","fruit",6,"noun","Noun, plural",NA,NA
"of","IN","of",2,"preposition","Preposition or subordinating conjunction",NA,NA
"our","PP$","our",3,"pronoun","Possessive pronoun",NA,NA
"labors","NNS","labor",6,"noun","Noun, plural",NA,NA
"as","RB","as",2,"adverb","Adverb",NA,NA
"long","RB","long",4,"adverb","Adverb",NA,NA
"as","IN","as",2,"preposition","Preposition or subordinating conjunction",NA,NA
"they","PP","they",4,"pronoun","Personal pronoun",NA,NA
"also","RB","also",4,"adverb","Adverb",NA,NA
"share","VVP","share",5,"verb","Verb, non-3rd person singular present",NA,NA
"their","PP$","their",5,"pronoun","Possessive pronoun",NA,NA
"work","NN","work",4,"noun","Noun, singular or mass",NA,NA
",",",",",",1,"comma","Comma",NA,NA
"or","CC","or",2,"conjunction","Coordinating conjunction",NA,NA
"some","DT","some",4,"determiner","Determiner",NA,NA
"of","IN","of",2,"preposition","Preposition or subordinating conjunction",NA,NA
"the","DT","the",3,"determiner","Determiner",NA,NA
"financial","JJ","financial",9,"adjective","Adjective",NA,NA
"gain","NN","gain",4,"noun","Noun, singular or mass",NA,NA
"they","PP","they",4,"pronoun","Personal pronoun",NA,NA
"derive","VVP","derive",6,"verb","Verb, non-3rd person singular present",NA,NA
"from","IN","from",4,"preposition","Preposition or subordinating conjunction",NA,NA
"our","PP$","our",3,"pronoun","Possessive pronoun",NA,NA
"efforts","NNS","effort",7,"noun","Noun, plural",NA,NA
".","SENT",".",1,"fullstop","Sentence ending punctuation",NA,NA
"We","PP","we",2,"pronoun","Personal pronoun",NA,NA
"encourage","VVP","encourage",9,"verb","Verb, non-3rd person singular present",NA,NA
"everyone","NN","everyone",8,"noun","Noun, singular or mass",NA,NA
"to","TO","to",2,"to","to",NA,NA
"explore","VV","explore",7,"verb","Verb, base form",NA,NA
"our","PP$","our",3,"pronoun","Possessive pronoun",NA,NA
"partner","NN","partner",7,"noun","Noun, singular or mass",NA,NA
"program","NN","program",7,"noun","Noun, singular or mass",NA,NA
"which","WDT","which",5,"determiner","Wh-determiner",NA,NA
"is","VBZ","be",2,"verb","Verb, 3rd person singular present of ""to be""",NA,NA
"designed","VVN","design",8,"verb","Verb, past participle",NA,NA
"to","TO","to",2,"to","to",NA,NA
"provide","VV","provide",7,"verb","Verb, base form",NA,NA
"a","DT","a",1,"determiner","Determiner",NA,NA
"revenue","NN","revenue",7,"noun","Noun, singular or mass",NA,NA
"sharing","NN","sharing",7,"noun","Noun, singular or mass",NA,NA
"model","NN","model",5,"noun","Noun, singular or mass",NA,NA
"that","WDT","that",4,"determiner","Wh-determiner",NA,NA
"pays","VVZ","pay",4,"verb","Verb, 3rd person singular present",NA,NA
"ongoing","JJ","ongoing",7,"adjective","Adjective",NA,NA
"dividends","NNS","dividend",9,"noun","Noun, plural",NA,NA
"from","IN","from",4,"preposition","Preposition or subordinating conjunction",NA,NA
"income","NN","income",6,"noun","Noun, singular or mass",NA,NA
"generating","VVG","generate",10,"verb","Verb, gerund or present participle",NA,NA
"work","NN","work",4,"noun","Noun, singular or mass",NA,NA
"that","IN/that","that",4,"preposition","Preposition or subordinating conjunction",NA,NA
"you","PP","you",3,"pronoun","Personal pronoun",NA,NA
"have","VHP","have",4,"verb","Verb, non-3rd person singular present of ""to have""",NA,NA
"contributed","VVN","contribute",11,"verb","Verb, past participle",NA,NA
".","SENT",".",1,"fullstop","Sentence ending punctuation",NA,NA
"The","DT","the",3,"determiner","Determiner",NA,NA
"intent","NN","intent",6,"noun","Noun, singular or mass",NA,NA
"of","IN","of",2,"preposition","Preposition or subordinating conjunction",NA,NA
"the","DT","the",3,"determiner","Determiner",NA,NA
"GPL","NP","<unknown>",3,"name","Proper noun, singular",NA,NA
"license","NN","license",7,"noun","Noun, singular or mass",NA,NA
"is","VBZ","be",2,"verb","Verb, 3rd person singular present of ""to be""",NA,NA
"to","TO","to",2,"to","to",NA,NA
"allow","VV","allow",5,"verb","Verb, base form",NA,NA
"designers","NNS","designer",9,"noun","Noun, plural",NA,NA
"and","CC","and",3,"conjunction","Coordinating conjunction",NA,NA
"developers","NNS","developer",10,"noun","Noun, plural",NA,NA
"to","TO","to",2,"to","to",NA,NA
"examine","VV","examine",7,"verb","Verb, base form",NA,NA
"the","DT","the",3,"determiner","Determiner",NA,NA
"code","NN","code",4,"noun","Noun, singular or mass",NA,NA
"and","CC","and",3,"conjunction","Coordinating conjunction",NA,NA
"it","PP","it",2,"pronoun","Personal pronoun",NA,NA
"s","VVZ","<unknown>",1,"verb","Verb, 3rd person singular present",NA,NA
"suitability","NN","suitability",11,"noun","Noun, singular or mass",NA,NA
"for","IN","for",3,"preposition","Preposition or subordinating conjunction",NA,NA
"a","DT","a",1,"determiner","Determiner",NA,NA
"commercial","JJ","commercial",10,"adjective","Adjective",NA,NA
"project","NN","project",7,"noun","Noun, singular or mass",NA,NA
"as","IN","as",2,"preposition","Preposition or subordinating conjunction",NA,NA
"well","RB","well",4,"adverb","Adverb",NA,NA
"as","RB","as",2,"adverb","Adverb",NA,NA
"to","TO","to",2,"to","to",NA,NA
"encourage","VV","encourage",9,"verb","Verb, base form",NA,NA
"the","DT","the",3,"determiner","Determiner",NA,NA
"growth","NN","growth",6,"noun","Noun, singular or mass",NA,NA
"of","IN","of",2,"preposition","Preposition or subordinating conjunction",NA,NA
"the","DT","the",3,"determiner","Determiner",NA,NA
"code","NN","code",4,"noun","Noun, singular or mass",NA,NA
"base","NN","base",4,"noun","Noun, singular or mass",NA,NA
"and","CC","and",3,"conjunction","Coordinating conjunction",NA,NA
"the","DT","the",3,"determiner","Determiner",NA,NA
"number","NN","number",6,"noun","Noun, singular or mass",NA,NA
"of","IN","of",2,"preposition","Preposition or subordinating conjunction",NA,NA
"developers","NNS","developer",10,"noun","Noun, plural",NA,NA
"that","WDT","that",4,"determiner","Wh-determiner",NA,NA
"are","VBP","be",3,"verb","Verb, non-3rd person singular present of ""to be""",NA,NA
"familiar","JJ","familiar",8,"adjective","Adjective",NA,NA
"with","IN","with",4,"preposition","Preposition or subordinating conjunction",NA,NA
",",",",",",1,"comma","Comma",NA,NA
"and","CC","and",3,"conjunction","Coordinating conjunction",NA,NA
"available","JJ","available",9,"adjective","Adjective",NA,NA
"to","TO","to",2,"to","to",NA,NA
"extend","VV","extend",6,"verb","Verb, base form",NA,NA
"the","DT","the",3,"determiner","Determiner",NA,NA
"application","NN","application",11,"noun","Noun, singular or mass",NA,NA
"for","IN","for",3,"preposition","Preposition or subordinating conjunction",NA,NA
"interested","JJ","interested",10,"adjective","Adjective",NA,NA
"clients","NNS","client",7,"noun","Noun, plural",NA,NA
".","SENT",".",1,"fullstop","Sentence ending punctuation",NA,NA
"It","PP","it",2,"pronoun","Personal pronoun",NA,NA
"also","RB","also",4,"adverb","Adverb",NA,NA
"allows","VVZ","allow",6,"verb","Verb, 3rd person singular present",NA,NA
"organizations","NNS","organization",13,"noun","Noun, plural",NA,NA
"a","DT","a",1,"determiner","Determiner",NA,NA
"way","NN","way",3,"noun","Noun, singular or mass",NA,NA
"to","TO","to",2,"to","to",NA,NA
"implement","VV","implement",9,"verb","Verb, base form",NA,NA
"the","DT","the",3,"determiner","Determiner",NA,NA
"code","NN","code",4,"noun","Noun, singular or mass",NA,NA
"on","IN","on",2,"preposition","Preposition or subordinating conjunction",NA,NA
"their","PP$","their",5,"pronoun","Possessive pronoun",NA,NA
"own","JJ","own",3,"adjective","Adjective",NA,NA
"servers","NNS","server",7,"noun","Noun, plural",NA,NA
"if","IN","if",2,"preposition","Preposition or subordinating conjunction",NA,NA
"they","PP","they",4,"pronoun","Personal pronoun",NA,NA
"are","VBP","be",3,"verb","Verb, non-3rd person singular present of ""to be""",NA,NA
"interested","JJ","interested",10,"adjective","Adjective",NA,NA
"in","IN","in",2,"preposition","Preposition or subordinating conjunction",NA,NA
"hosting","VVG","host",7,"verb","Verb, gerund or present participle",NA,NA
"it","PP","it",2,"pronoun","Personal pronoun",NA,NA
"outside","IN","outside",7,"preposition","Preposition or subordinating conjunction",NA,NA
"of","IN","of",2,"preposition","Preposition or subordinating conjunction",NA,NA
"our","PP$","our",3,"pronoun","Possessive pronoun",NA,NA
"managed","JJ","managed",7,"adjective","Adjective",NA,NA
"environment","NN","environment",11,"noun","Noun, singular or mass",NA,NA
".","SENT",".",1,"fullstop","Sentence ending punctuation",NA,NA
"This","DT","this",4,"determiner","Determiner",NA,NA
"is","VBZ","be",2,"verb","Verb, 3rd person singular present of ""to be""",NA,NA
"allowed","VVN","allow",7,"verb","Verb, past participle",NA,NA
"as","RB","as",2,"adverb","Adverb",NA,NA
"long","RB","long",4,"adverb","Adverb",NA,NA
"as","IN","as",2,"preposition","Preposition or subordinating conjunction",NA,NA
"they","PP","they",4,"pronoun","Personal pronoun",NA,NA
"are","VBP","be",3,"verb","Verb, non-3rd person singular present of ""to be""",NA,NA
"not","RB","not",3,"adverb","Adverb",NA,NA
"reselling","VVG","resell",9,"verb","Verb, gerund or present participle",NA,NA
"hosted","VVN","host",6,"verb","Verb, past participle",NA,NA
"accounts","NNS","account",8,"noun","Noun, plural",NA,NA
"or","CC","or",2,"conjunction","Coordinating conjunction",NA,NA
"repackaging","VVG","repackage",11,"verb","Verb, gerund or present participle",NA,NA
"the","DT","the",3,"determiner","Determiner",NA,NA
"code","NN","code",4,"noun","Noun, singular or mass",NA,NA
"for","IN","for",3,"preposition","Preposition or subordinating conjunction",NA,NA
"sale","NN","sale",4,"noun","Noun, singular or mass",NA,NA
".","SENT",".",1,"fullstop","Sentence ending punctuation",NA,NA
"We","PP","we",2,"pronoun","Personal pronoun",NA,NA
"encourage","VVP","encourage",9,"verb","Verb, non-3rd person singular present",NA,NA
"developers","NNS","developer",10,"noun","Noun, plural",NA,NA
"that","WDT","that",4,"determiner","Wh-determiner",NA,NA
"would","MD","would",5,"modal","Modal",NA,NA
"like","VV","like",4,"verb","Verb, base form",NA,NA
"to","TO","to",2,"to","to",NA,NA
"sell","VV","sell",4,"verb","Verb, base form",NA,NA
"hosted","VVN","host",6,"verb","Verb, past participle",NA,NA
"solutions","NNS","solution",9,"noun","Noun, plural",NA,NA
"to","TO","to",2,"to","to",NA,NA
"their","PP$","their",5,"pronoun","Possessive pronoun",NA,NA
"clients","NNS","client",7,"noun","Noun, plural",NA,NA
"to","TO","to",2,"to","to",NA,NA
"explore","VV","explore",7,"verb","Verb, base form",NA,NA
"either","CC","either",6,"conjunction","Coordinating conjunction",NA,NA
"our","PP$","our",3,"pronoun","Possessive pronoun",NA,NA
"resellers","NNS","reseller",9,"noun","Noun, plural",NA,NA
"license","NN","license",7,"noun","Noun, singular or mass",NA,NA
",",",",",",1,"comma","Comma",NA,NA
"or","CC","or",2,"conjunction","Coordinating conjunction",NA,NA
"our","PP$","our",3,"pronoun","Possessive pronoun",NA,NA
"partnership","NN","partnership",11,"noun","Noun, singular or mass",NA,NA
"program","NN","program",7,"noun","Noun, singular or mass",NA,NA
"which","WDT","which",5,"determiner","Wh-determiner",NA,NA
"is","VBZ","be",2,"verb","Verb, 3rd person singular present of ""to be""",NA,NA
"designed","VVN","design",8,"verb","Verb, past participle",NA,NA
"to","TO","to",2,"to","to",NA,NA
"leverage","VV","leverage",8,"verb","Verb, base form",NA,NA
"our","PP$","our",3,"pronoun","Possessive pronoun",NA,NA
"experience","NN","experience",10,"noun","Noun, singular or mass",NA,NA
"maintaining","VVG","maintain",11,"verb","Verb, gerund or present participle",NA,NA
"the","DT","the",3,"determiner","Determiner",NA,NA
"application","NN","application",11,"noun","Noun, singular or mass",NA,NA
"and","CC","and",3,"conjunction","Coordinating conjunction",NA,NA
"the","DT","the",3,"determiner","Determiner",NA,NA
"availability","NN","availability",12,"noun","Noun, singular or mass",NA,NA
"of","IN","of",2,"preposition","Preposition or subordinating conjunction",NA,NA
"the","DT","the",3,"determiner","Determiner",NA,NA
"newest","JJS","new",6,"adjective","Adjective, superlative",NA,NA
"code","NN","code",4,"noun","Noun, singular or mass",NA,NA
"base","NN","base",4,"noun","Noun, singular or mass",NA,NA
"as","IN","as",2,"preposition","Preposition or subordinating conjunction",NA,NA
"new","JJ","new",3,"adjective","Adjective",NA,NA
"features","NNS","feature",8,"noun","Noun, plural",NA,NA
"are","VBP","be",3,"verb","Verb, non-3rd person singular present of ""to be""",NA,NA
"implemented","VVN","implement",11,"verb","Verb, past participle",NA,NA
".","SENT",".",1,"fullstop","Sentence ending punctuation",NA,NA
"Those","DT","those",5,"determiner","Determiner",NA,NA
"who","WP","who",3,"pronoun","Wh-pronoun",NA,NA
"would","MD","would",5,"modal","Modal",NA,NA
"like","VV","like",4,"verb","Verb, base form",NA,NA
"to","TO","to",2,"to","to",NA,NA
"extend","VV","extend",6,"verb","Verb, base form",NA,NA
"it","PP","it",2,"pronoun","Personal pronoun",NA,NA
"s","JJ","<unknown>",1,"adjective","Adjective",NA,NA
"functionality","NN","functionality",13,"noun","Noun, singular or mass",NA,NA
"under","IN","under",5,"preposition","Preposition or subordinating conjunction",NA,NA
"a","DT","a",1,"determiner","Determiner",NA,NA
"suitable","JJ","suitable",8,"adjective","Adjective",NA,NA
"open","JJ","open",4,"adjective","Adjective",NA,NA
"source","NN","source",6,"noun","Noun, singular or mass",NA,NA
"license","NN","license",7,"noun","Noun, singular or mass",NA,NA
"are","VBP","be",3,"verb","Verb, non-3rd person singular present of ""to be""",NA,NA
"free","JJ","free",4,"adjective","Adjective",NA,NA
"to","TO","to",2,"to","to",NA,NA
"do","VV","do",2,"verb","Verb, base form",NA,NA
"so","RB","so",2,"adverb","Adverb",NA,NA
"as","RB","as",2,"adverb","Adverb",NA,NA
"long","JJ","long",4,"adjective","Adjective",NA,NA
"as","IN","as",2,"preposition","Preposition or subordinating conjunction",NA,NA
"they","PP","they",4,"pronoun","Personal pronoun",NA,NA
"maintain","VVP","maintain",8,"verb","Verb, non-3rd person singular present",NA,NA
"an","DT","an",2,"determiner","Determiner",NA,NA
"open","JJ","open",4,"adjective","Adjective",NA,NA
"source","NN","source",6,"noun","Noun, singular or mass",NA,NA
"license","NN","license",7,"noun","Noun, singular or mass",NA,NA
"with","IN","with",4,"preposition","Preposition or subordinating conjunction",NA,NA
"the","DT","the",3,"determiner","Determiner",NA,NA
"new","JJ","new",3,"adjective","Adjective",NA,NA
"application","NN","application",11,"noun","Noun, singular or mass",NA,NA
"they","PP","they",4,"pronoun","Personal pronoun",NA,NA
"ve","VVZ","<unknown>",2,"verb","Verb, 3rd person singular present",NA,NA
"forked","VVN","fork",6,"verb","Verb, past participle",NA,NA
"and","CC","and",3,"conjunction","Coordinating conjunction",NA,NA
"make","VV","make",4,"verb","Verb, base form",NA,NA
"all","PDT","all",3,"predeterminer","Predeterminer",NA,NA
"their","PP$","their",5,"pronoun","Possessive pronoun",NA,NA
"code","NN","code",4,"noun","Noun, singular or mass",NA,NA
"freely","RB","freely",6,"adverb","Adverb",NA,NA
"available","JJ","available",9,"adjective","Adjective",NA,NA
"to","TO","to",2,"to","to",NA,NA
"the","DT","the",3,"determiner","Determiner",NA,NA
"community","NN","community",9,"noun","Noun, singular or mass",NA,NA
".","SENT",".",1,"fullstop","Sentence ending punctuation",NA,NA
"If","IN","if",2,"preposition","Preposition or subordinating conjunction",NA,NA
"you","PP","you",3,"pronoun","Personal pronoun",NA,NA
"derive","VVP","derive",6,"verb","Verb, non-3rd person singular present",NA,NA
"commercial","JJ","commercial",10,"adjective","Adjective",NA,NA
"benefits","NNS","benefit",8,"noun","Noun, plural",NA,NA
"from","IN","from",4,"preposition","Preposition or subordinating conjunction",NA,NA
"this","DT","this",4,"determiner","Determiner",NA,NA
"software","NN","software",8,"noun","Noun, singular or mass",NA,NA
"such","JJ","such",4,"adjective","Adjective",NA,NA
"as","IN","as",2,"preposition","Preposition or subordinating conjunction",NA,NA
"reselling","VVG","resell",9,"verb","Verb, gerund or present participle",NA,NA
"it","PP","it",2,"pronoun","Personal pronoun",NA,NA
"as","RB","as",2,"adverb","Adverb",NA,NA
"is","VBZ","be",2,"verb","Verb, 3rd person singular present of ""to be""",NA,NA
"or","CC","or",2,"conjunction","Coordinating conjunction",NA,NA
"in","IN","in",2,"preposition","Preposition or subordinating conjunction",NA,NA
"an","DT","an",2,"determiner","Determiner",NA,NA
"extended","VVN","extend",8,"verb","Verb, past participle",NA,NA
"or","CC","or",2,"conjunction","Coordinating conjunction",NA,NA
"repackaged","VVN","repackage",10,"verb","Verb, past participle",NA,NA
"form","NN","form",4,"noun","Noun, singular or mass",NA,NA
",",",",",",1,"comma","Comma",NA,NA
"or","CC","or",2,"conjunction","Coordinating conjunction",NA,NA
"by","IN","by",2,"preposition","Preposition or subordinating conjunction",NA,NA
"operating","VVG","operate",9,"verb","Verb, gerund or present participle",NA,NA
"a","DT","a",1,"determiner","Determiner",NA,NA
"software","NN","software",8,"noun","Noun, singular or mass",NA,NA
"as","IN","as",2,"preposition","Preposition or subordinating conjunction",NA,NA
"a","DT","a",1,"determiner","Determiner",NA,NA
"service","NN","service",7,"noun","Noun, singular or mass",NA,NA
"hosting","VVG","host",7,"verb","Verb, gerund or present participle",NA,NA
"solution","NN","solution",8,"noun","Noun, singular or mass",NA,NA
"with","IN","with",4,"preposition","Preposition or subordinating conjunction",NA,NA
"it","PP","it",2,"pronoun","Personal pronoun",NA,NA
",",",",",",1,"comma","Comma",NA,NA
"we","PP","we",2,"pronoun","Personal pronoun",NA,NA
"require","VVP","require",7,"verb","Verb, non-3rd person singular present",NA,NA
"that","IN/that","that",4,"preposition","Preposition or subordinating conjunction",NA,NA
"you","PP","you",3,"pronoun","Personal pronoun",NA,NA
"either","CC","either",6,"conjunction","Coordinating conjunction",NA,NA
"purchase","VV","purchase",8,"verb","Verb, base form",NA,NA
"a","DT","a",1,"determiner","Determiner",NA,NA
"commercial","JJ","commercial",10,"adjective","Adjective",NA,NA
"license","NN","license",7,"noun","Noun, singular or mass",NA,NA
"for","IN","for",3,"preposition","Preposition or subordinating conjunction",NA,NA
"it","PP","it",2,"pronoun","Personal pronoun",NA,NA
",",",",",",1,"comma","Comma",NA,NA
"or","CC","or",2,"conjunction","Coordinating conjunction",NA,NA
"use","VV","use",3,"verb","Verb, base form",NA,NA
"our","PP$","our",3,"pronoun","Possessive pronoun",NA,NA
"partner","NN","partner",7,"noun","Noun, singular or mass",NA,NA
"program","NN","program",7,"noun","Noun, singular or mass",NA,NA
"to","TO","to",2,"to","to",NA,NA
"host","VV","host",4,"verb","Verb, base form",NA,NA
"your","PP$","your",4,"pronoun","Possessive pronoun",NA,NA
"solution","NN","solution",8,"noun","Noun, singular or mass",NA,NA
"on","IN","on",2,"preposition","Preposition or subordinating conjunction",NA,NA
"our","PP$","our",3,"pronoun","Possessive pronoun",NA,NA
"XLsuite","NN","<unknown>",7,"noun","Noun, singular or mass",NA,NA
".","SENT",".",1,"fullstop","Sentence ending punctuation",NA,NA
"com","NN","com",3,"noun","Noun, singular or mass",NA,NA
"service","NN","service",7,"noun","Noun, singular or mass",NA,NA
".","SENT",".",1,"fullstop","Sentence ending punctuation",NA,NA
"You","PP","you",3,"pronoun","Personal pronoun",NA,NA
"can","MD","can",3,"modal","Modal",NA,NA
"find","VV","find",4,"verb","Verb, base form",NA,NA
"out","RP","out",3,"particle"," Particle",NA,NA
"more","JJR","more",4,"adjective","Adjective, comparative",NA,NA
"about","IN","about",5,"preposition","Preposition or subordinating conjunction",NA,NA
"our","PP$","our",3,"pronoun","Possessive pronoun",NA,NA
"license","NN","license",7,"noun","Noun, singular or mass",NA,NA
"options","NNS","option",7,"noun","Noun, plural",NA,NA
"by","IN","by",2,"preposition","Preposition or subordinating conjunction",NA,NA
"visiting","VVG","visit",8,"verb","Verb, gerund or present participle",NA,NA
"Information","NN","information",11,"noun","Noun, singular or mass",NA,NA
"about","IN","about",5,"preposition","Preposition or subordinating conjunction",NA,NA
"our","PP$","our",3,"pronoun","Possessive pronoun",NA,NA
"partner","NN","partner",7,"noun","Noun, singular or mass",NA,NA
"program","NN","program",7,"noun","Noun, singular or mass",NA,NA
"can","MD","can",3,"modal","Modal",NA,NA
"be","VB","be",2,"verb","Verb, base form of ""to be""",NA,NA
"found","VVN","find",5,"verb","Verb, past participle",NA,NA
"at","IN","at",2,"preposition","Preposition or subordinating conjunction",NA,NA
"h.","NP","H.",2,"name","Proper noun, singular",NA,NA
"The","NP","The",3,"name","Proper noun, singular",NA,NA
"Company","NP","Company",7,"name","Proper noun, singular",NA,NA
"XLsuite","NP","<unknown>",7,"name","Proper noun, singular",NA,NA
"is","VBZ","be",2,"verb","Verb, 3rd person singular present of ""to be""",NA,NA
"a","DT","a",1,"determiner","Determiner",NA,NA
"product","NN","product",7,"noun","Noun, singular or mass",NA,NA
"of","IN","of",2,"preposition","Preposition or subordinating conjunction",NA,NA
"iXLd","NP","<unknown>",4,"name","Proper noun, singular",NA,NA
"Media","NP","Media",5,"name","Proper noun, singular",NA,NA
"Inc","NP","Inc",3,"name","Proper noun, singular",NA,NA
",",",",",",1,"comma","Comma",NA,NA
"a","DT","a",1,"determiner","Determiner",NA,NA
"Vancouver","NP","Vancouver",9,"name","Proper noun, singular",NA,NA
"based","VVN","base",5,"verb","Verb, past participle",NA,NA
"company","NN","company",7,"noun","Noun, singular or mass",NA,NA
"whose","WP$","whose",5,"pronoun","Possessive wh-pronoun",NA,NA
"main","JJ","main",4,"adjective","Adjective",NA,NA
"focus","NN","focus",5,"noun","Noun, singular or mass",NA,NA
"is","VBZ","be",2,"verb","Verb, 3rd person singular present of ""to be""",NA,NA
"developing","VVG","develop",10,"verb","Verb, gerund or present participle",NA,NA
"XLsuite","NN","<unknown>",7,"noun","Noun, singular or mass",NA,NA
"and","CC","and",3,"conjunction","Coordinating conjunction",NA,NA
"implementing","VVG","implement",12,"verb","Verb, gerund or present participle",NA,NA
"it","PP","it",2,"pronoun","Personal pronoun",NA,NA
"in","IN","in",2,"preposition","Preposition or subordinating conjunction",NA,NA
"various","JJ","various",7,"adjective","Adjective",NA,NA
"vertical","JJ","vertical",8,"adjective","Adjective",NA,NA
"markets","NNS","market",7,"noun","Noun, plural",NA,NA
".","SENT",".",1,"fullstop","Sentence ending punctuation",NA,NA
"Besides","IN","besides",7,"preposition","Preposition or subordinating conjunction",NA,NA
"having","VHG","have",6,"verb","Verb, gerund or present participle of ""to have""",NA,NA
"a","DT","a",1,"determiner","Determiner",NA,NA
"crack","NN","crack",5,"noun","Noun, singular or mass",NA,NA
"team","NN","team",4,"noun","Noun, singular or mass",NA,NA
"of","IN","of",2,"preposition","Preposition or subordinating conjunction",NA,NA
"rails","NNS","rail",5,"noun","Noun, plural",NA,NA
"coders","NNS","coder",6,"noun","Noun, plural",NA,NA
"we","PP","we",2,"pronoun","Personal pronoun",NA,NA
"are","VBP","be",3,"verb","Verb, non-3rd person singular present of ""to be""",NA,NA
"skilled","JJ","skilled",7,"adjective","Adjective",NA,NA
"at","IN","at",2,"preposition","Preposition or subordinating conjunction",NA,NA
"product","NN","product",7,"noun","Noun, singular or mass",NA,NA
"and","CC","and",3,"conjunction","Coordinating conjunction",NA,NA
"domain","NN","domain",6,"noun","Noun, singular or mass",NA,NA
"development","NN","development",11,"noun","Noun, singular or mass",NA,NA
",",",",",",1,"comma","Comma",NA,NA
"web","NN","web",3,"noun","Noun, singular or mass",NA,NA
"strategy","NN","strategy",8,"noun","Noun, singular or mass",NA,NA
"and","CC","and",3,"conjunction","Coordinating conjunction",NA,NA
"Search","NP","Search",6,"name","Proper noun, singular",NA,NA
"Engine","NP","Engine",6,"name","Proper noun, singular",NA,NA
"Optimization","NP","Optimization",12,"name","Proper noun, singular",NA,NA
",",",",",",1,"comma","Comma",NA,NA
"all","DT","all",3,"determiner","Determiner",NA,NA
"of","IN","of",2,"preposition","Preposition or subordinating conjunction",NA,NA
"which","WDT","which",5,"determiner","Wh-determiner",NA,NA
"have","VHP","have",4,"verb","Verb, non-3rd person singular present of ""to have""",NA,NA
"been","VBN","be",4,"verb","Verb, past participle of ""to be""",NA,NA
"baked","VVN","bake",5,"verb","Verb, past participle",NA,NA
"in","IN","in",2,"preposition","Preposition or subordinating conjunction",NA,NA
"to","TO","to",2,"to","to",NA,NA
"the","DT","the",3,"determiner","Determiner",NA,NA
"XLsuite","JJ","<unknown>",7,"adjective","Adjective",NA,NA
"foundation","NN","foundation",10,"noun","Noun, singular or mass",NA,NA
".","SENT",".",1,"fullstop","Sentence ending punctuation",NA,NA
"We","PP","we",2,"pronoun","Personal pronoun",NA,NA
"believe","VVP","believe",7,"verb","Verb, non-3rd person singular present",NA,NA
"in","IN","in",2,"preposition","Preposition or subordinating conjunction",NA,NA
"Win","NP","Win",3,"name","Proper noun, singular",NA,NA
"Win","NP","Win",3,"name","Proper noun, singular",NA,NA
"relationships","NNS","relationship",13,"noun","Noun, plural",NA,NA
",",",",",",1,"comma","Comma",NA,NA
"the","DT","the",3,"determiner","Determiner",NA,NA
"power","NN","power",5,"noun","Noun, singular or mass",NA,NA
"of","IN","of",2,"preposition","Preposition or subordinating conjunction",NA,NA
"open","JJ","open",4,"adjective","Adjective",NA,NA
"source","NN","source",6,"noun","Noun, singular or mass",NA,NA
",",",",",",1,"comma","Comma",NA,NA
"clear","JJ","clear",5,"adjective","Adjective",NA,NA
"communication","NN","communication",13,"noun","Noun, singular or mass",NA,NA
"and","CC","and",3,"conjunction","Coordinating conjunction",NA,NA
"hard","JJ","hard",4,"adjective","Adjective",NA,NA
"work","NN","work",4,"noun","Noun, singular or mass",NA,NA
".","SENT",".",1,"fullstop","Sentence ending punctuation",NA,NA
"We","PP","we",2,"pronoun","Personal pronoun",NA,NA
"don","VVP","don",3,"verb","Verb, non-3rd person singular present",NA,NA
"t","NN","t",1,"noun","Noun, singular or mass",NA,NA
"like","IN","like",4,"preposition","Preposition or subordinating conjunction",NA,NA
"negative","JJ","negative",8,"adjective","Adjective",NA,NA
"people","NNS","people",6,"noun","Noun, plural",NA,NA
"and","CC","and",3,"conjunction","Coordinating conjunction",NA,NA
"we","PP","we",2,"pronoun","Personal pronoun",NA,NA
"re","NN","re",2,"noun","Noun, singular or mass",NA,NA
"selective","JJ","selective",9,"adjective","Adjective",NA,NA
"about","IN","about",5,"preposition","Preposition or subordinating conjunction",NA,NA
"the","DT","the",3,"determiner","Determiner",NA,NA
"projects","NNS","project",8,"noun","Noun, plural",NA,NA
"we","PP","we",2,"pronoun","Personal pronoun",NA,NA
"take","VVP","take",4,"verb","Verb, non-3rd person singular present",NA,NA
"on","IN","on",2,"preposition","Preposition or subordinating conjunction",NA,NA
"and","CC","and",3,"conjunction","Coordinating conjunction",NA,NA
"the","DT","the",3,"determiner","Determiner",NA,NA
"people","NNS","people",6,"noun","Noun, plural",NA,NA
"we","PP","we",2,"pronoun","Personal pronoun",NA,NA
"work","VVP","work",4,"verb","Verb, non-3rd person singular present",NA,NA
"with","IN","with",4,"preposition","Preposition or subordinating conjunction",NA,NA
".","SENT",".",1,"fullstop","Sentence ending punctuation",NA,NA
"h.","NP","H.",2,"name","Proper noun, singular",NA,NA
"Core","NP","Core",4,"name","Proper noun, singular",NA,NA
"Team","NP","Team",4,"name","Proper noun, singular",NA,NA
"The","DT","the",3,"determiner","Determiner",NA,NA
"core","JJ","core",4,"adjective","Adjective",NA,NA
"application","NN","application",11,"noun","Noun, singular or mass",NA,NA
"was","VBD","be",3,"verb","Verb, past tense of ""to be""",NA,NA
"first","RB","first",5,"adverb","Adverb",NA,NA
"developed","VVN","develop",9,"verb","Verb, past participle",NA,NA
"by","IN","by",2,"preposition","Preposition or subordinating conjunction",NA,NA
"Fran�","NP","<unknown>",5,"name","Proper noun, singular",NA,NA
"ois","NN","<unknown>",3,"noun","Noun, singular or mass",NA,NA
"Beausoleil","NP","Beausoleil",10,"name","Proper noun, singular",NA,NA
":","SENT",":",1,"fullstop","Sentence ending punctuation",NA,NA
"The","DT","the",3,"determiner","Determiner",NA,NA
"other","JJ","other",5,"adjective","Adjective",NA,NA
"core","NN","core",4,"noun","Noun, singular or mass",NA,NA
"team","NN","team",4,"noun","Noun, singular or mass",NA,NA
"members","NNS","member",7,"noun","Noun, plural",NA,NA
"include","VVP","include",7,"verb","Verb, non-3rd person singular present",NA,NA
"Harman","NP","Harman",6,"name","Proper noun, singular",NA,NA
"Sandjaja","NP","<unknown>",8,"name","Proper noun, singular",NA,NA
"and","CC","and",3,"conjunction","Coordinating conjunction",NA,NA
"Spencer","NP","Spencer",7,"name","Proper noun, singular",NA,NA
"Shek","NP","Shek",4,"name","Proper noun, singular",NA,NA
"programming","NN","programming",11,"noun","Noun, singular or mass",NA,NA
"with","IN","with",4,"preposition","Preposition or subordinating conjunction",NA,NA
"Ruby","NP","Ruby",4,"name","Proper noun, singular",NA,NA
".","SENT",".",1,"fullstop","Sentence ending punctuation",NA,NA
"Ionut","NP","<unknown>",5,"name","Proper noun, singular",NA,NA
"Maxim","NP","Maxim",5,"name","Proper noun, singular",NA,NA
"working","VVG","work",7,"verb","Verb, gerund or present participle",NA,NA
"on","IN","on",2,"preposition","Preposition or subordinating conjunction",NA,NA
"design","NN","design",6,"noun","Noun, singular or mass",NA,NA
"and","CC","and",3,"conjunction","Coordinating conjunction",NA,NA
"Madalin","NP","<unknown>",7,"name","Proper noun, singular",NA,NA
"Sandu","NP","<unknown>",5,"name","Proper noun, singular",NA,NA
"working","VVG","work",7,"verb","Verb, gerund or present participle",NA,NA
"on","IN","on",2,"preposition","Preposition or subordinating conjunction",NA,NA
"CSS","NP","CSS",3,"name","Proper noun, singular",NA,NA
"and","CC","and",3,"conjunction","Coordinating conjunction",NA,NA
"JS","NP","<unknown>",2,"name","Proper noun, singular",NA,NA
"implementations","NNS","implementation",15,"noun","Noun, plural",NA,NA
".","SENT",".",1,"fullstop","Sentence ending punctuation",NA,NA
"I","PP","I",1,"pronoun","Personal pronoun",NA,NA
"am","VBP","be",2,"verb","Verb, non-3rd person singular present of ""to be""",NA,NA
"Riel","NP","Riel",4,"name","Proper noun, singular",NA,NA
"Roussopoulos","NP","<unknown>",12,"name","Proper noun, singular",NA,NA
":","SENT",":",1,"fullstop","Sentence ending punctuation",NA,NA
