"token","tag","lemma","lttr","wclass","desc","stop","stem"
"realestate","VV","realestate",10,"verb","Verb, base form",NA,NA
"Real","NP","Real",4,"name","Proper noun, singular",NA,NA
"Estate","NP","Estate",6,"name","Proper noun, singular",NA,NA
"Project","NP","Project",7,"name","Proper noun, singular",NA,NA
"clHomes","NP","<unknown>",7,"name","Proper noun, singular",NA,NA
"Modern","NP","Modern",6,"name","Proper noun, singular",NA,NA
"Real","NP","Real",4,"name","Proper noun, singular",NA,NA
"Estate","NP","Estate",6,"name","Proper noun, singular",NA,NA
"Project","NP","Project",7,"name","Proper noun, singular",NA,NA
