"token","tag","lemma","lttr","wclass","desc","stop","stem"
"Real","NP","Real",4,"name","Proper noun, singular",NA,NA
"Estate","NP","Estate",6,"name","Proper noun, singular",NA,NA
"In","IN","in",2,"preposition","Preposition or subordinating conjunction",NA,NA
"Dubai","NP","Dubai",5,"name","Proper noun, singular",NA,NA
"Best","NP","Best",4,"name","Proper noun, singular",NA,NA
"Real","NP","Real",4,"name","Proper noun, singular",NA,NA
"Estate","NP","Estate",6,"name","Proper noun, singular",NA,NA
"In","IN","in",2,"preposition","Preposition or subordinating conjunction",NA,NA
"Duabi","NP","<unknown>",5,"name","Proper noun, singular",NA,NA
