"token","tag","lemma","lttr","wclass","desc","stop","stem"
"Real","NP","Real",4,"name","Proper noun, singular",NA,NA
"Estate","NP","Estate",6,"name","Proper noun, singular",NA,NA
"The","DT","the",3,"determiner","Determiner",NA,NA
"best","JJS","good",4,"adjective","Adjective, superlative",NA,NA
"buy","NN","buy",3,"noun","Noun, singular or mass",NA,NA
"real","JJ","real",4,"adjective","Adjective",NA,NA
"estate","NN","estate",6,"noun","Noun, singular or mass",NA,NA
"investment","NN","investment",10,"noun","Noun, singular or mass",NA,NA
