"token","tag","lemma","lttr","wclass","desc","stop","stem"
"Real","JJ","real",4,"adjective","Adjective",NA,NA
"Estate","NP","Estate",6,"name","Proper noun, singular",NA,NA
"Management","NP","Management",10,"name","Proper noun, singular",NA,NA
"Real","NP","Real",4,"name","Proper noun, singular",NA,NA
"Estate","NP","Estate",6,"name","Proper noun, singular",NA,NA
"Agency","NP","Agency",6,"name","Proper noun, singular",NA,NA
"Management","NP","Management",10,"name","Proper noun, singular",NA,NA
"using","VVG","use",5,"verb","Verb, gerund or present participle",NA,NA
"Java","NP","Java",4,"name","Proper noun, singular",NA,NA
"swing","NN","swing",5,"noun","Noun, singular or mass",NA,NA
