"token","tag","lemma","lttr","wclass","desc","stop","stem"
"Real","JJ","real",4,"adjective","Adjective",NA,NA
"Estate","NP","Estate",6,"name","Proper noun, singular",NA,NA
"website","NN","website",7,"noun","Noun, singular or mass",NA,NA
"Web","NP","Web",3,"name","Proper noun, singular",NA,NA
"template","NN","template",8,"noun","Noun, singular or mass",NA,NA
"theme","NN","theme",5,"noun","Noun, singular or mass",NA,NA
"for","IN","for",3,"preposition","Preposition or subordinating conjunction",NA,NA
"real","JJ","real",4,"adjective","Adjective",NA,NA
"estate","NN","estate",6,"noun","Noun, singular or mass",NA,NA
