"token","tag","lemma","lttr","wclass","desc","stop","stem"
"real","JJ","real",4,"adjective","Adjective",NA,NA
"estate","NN","estate",6,"noun","Noun, singular or mass",NA,NA
"finance","NN","finance",7,"noun","Noun, singular or mass",NA,NA
"tool","NN","tool",4,"noun","Noun, singular or mass",NA,NA
"Real","JJ","real",4,"adjective","Adjective",NA,NA
"estate","NN","estate",6,"noun","Noun, singular or mass",NA,NA
"revenue","NN","revenue",7,"noun","Noun, singular or mass",NA,NA
"finance","NN","finance",7,"noun","Noun, singular or mass",NA,NA
"tool","NN","tool",4,"noun","Noun, singular or mass",NA,NA
".","SENT",".",1,"fullstop","Sentence ending punctuation",NA,NA
