"token","tag","lemma","lttr","wclass","desc","stop","stem"
"real","JJ","real",4,"adjective","Adjective",NA,NA
"estate","NN","estate",6,"noun","Noun, singular or mass",NA,NA
"real","JJ","real",4,"adjective","Adjective",NA,NA
"estate","NN","estate",6,"noun","Noun, singular or mass",NA,NA
"data","NNS","datum",4,"noun","Noun, plural",NA,NA
"scraping","VVG","scrape",8,"verb","Verb, gerund or present participle",NA,NA
"and","CC","and",3,"conjunction","Coordinating conjunction",NA,NA
"analysis","NN","analysis",8,"noun","Noun, singular or mass",NA,NA
