"token","tag","lemma","lttr","wclass","desc","stop","stem"
"Real","JJ","real",4,"adjective","Adjective",NA,NA
"Estate","NP","Estate",6,"name","Proper noun, singular",NA,NA
"Kaggle","NP","<unknown>",6,"name","Proper noun, singular",NA,NA
"s","NN","S",1,"noun","Noun, singular or mass",NA,NA
"Real","NP","Real",4,"name","Proper noun, singular",NA,NA
"Estate","NP","Estate",6,"name","Proper noun, singular",NA,NA
",",",",",",1,"comma","Comma",NA,NA
"House","NP","House",5,"name","Proper noun, singular",NA,NA
"prices","NNS","price",6,"noun","Noun, plural",NA,NA
"competition","NN","competition",11,"noun","Noun, singular or mass",NA,NA
