"token","tag","lemma","lttr","wclass","desc","stop","stem"
"Real","JJ","real",4,"adjective","Adjective",NA,NA
"Estates","NP","<unknown>",7,"name","Proper noun, singular",NA,NA
"Software","NP","Software",8,"name","Proper noun, singular",NA,NA
"Software","NP","Software",8,"name","Proper noun, singular",NA,NA
"to","TO","to",2,"to","to",NA,NA
"manage","VV","manage",6,"verb","Verb, base form",NA,NA
"a","DT","a",1,"determiner","Determiner",NA,NA
"real","JJ","real",4,"adjective","Adjective",NA,NA
"estate","NN","estate",6,"noun","Noun, singular or mass",NA,NA
"office","NN","office",6,"noun","Noun, singular or mass",NA,NA
".","SENT",".",1,"fullstop","Sentence ending punctuation",NA,NA
"It","PP","it",2,"pronoun","Personal pronoun",NA,NA
"supports","VVZ","support",8,"verb","Verb, 3rd person singular present",NA,NA
"multiple","JJ","multiple",8,"adjective","Adjective",NA,NA
"offices","NNS","office",7,"noun","Noun, plural",NA,NA
"with","IN","with",4,"preposition","Preposition or subordinating conjunction",NA,NA
"multiple","JJ","multiple",8,"adjective","Adjective",NA,NA
"teams","NNS","team",5,"noun","Noun, plural",NA,NA
"separated","VVN","separate",9,"verb","Verb, past participle",NA,NA
"in","IN","in",2,"preposition","Preposition or subordinating conjunction",NA,NA
"different","JJ","different",9,"adjective","Adjective",NA,NA
"locations","NNS","location",9,"noun","Noun, plural",NA,NA
".","SENT",".",1,"fullstop","Sentence ending punctuation",NA,NA
"Strong","JJ","strong",6,"adjective","Adjective",NA,NA
"permissions","NNS","permission",11,"noun","Noun, plural",NA,NA
"checks","NNS","check",6,"noun","Noun, plural",NA,NA
"on","IN","on",2,"preposition","Preposition or subordinating conjunction",NA,NA
"each","DT","each",4,"determiner","Determiner",NA,NA
"action","NN","action",6,"noun","Noun, singular or mass",NA,NA
"in","IN","in",2,"preposition","Preposition or subordinating conjunction",NA,NA
"the","DT","the",3,"determiner","Determiner",NA,NA
"system","NN","system",6,"noun","Noun, singular or mass",NA,NA
".","SENT",".",1,"fullstop","Sentence ending punctuation",NA,NA
"Native","JJ","native",6,"adjective","Adjective",NA,NA
"language","NN","language",8,"noun","Noun, singular or mass",NA,NA
"Bulgarian","NN","Bulgarian",9,"noun","Noun, singular or mass",NA,NA
",",",",",",1,"comma","Comma",NA,NA
"translated","VVN","translate",10,"verb","Verb, past participle",NA,NA
"in","IN","in",2,"preposition","Preposition or subordinating conjunction",NA,NA
"Russian","NP","Russian",7,"name","Proper noun, singular",NA,NA
".","SENT",".",1,"fullstop","Sentence ending punctuation",NA,NA
"Install","VV","install",7,"verb","Verb, base form",NA,NA
"Tested","NP","<unknown>",6,"name","Proper noun, singular",NA,NA
"with","IN","with",4,"preposition","Preposition or subordinating conjunction",NA,NA
"ruby","NN","ruby",4,"noun","Noun, singular or mass",NA,NA
"..",":","...",2,"punctuation","Punctuation",NA,NA
".","SENT",".",1,"fullstop","Sentence ending punctuation",NA,NA
"Works","NNS","work",5,"noun","Noun, plural",NA,NA
"with","IN","with",4,"preposition","Preposition or subordinating conjunction",NA,NA
"Rails","NP","<unknown>",5,"name","Proper noun, singular",NA,NA
".","SENT",".",1,"fullstop","Sentence ending punctuation",NA,NA
"You","PP","you",3,"pronoun","Personal pronoun",NA,NA
"need","VVP","need",4,"verb","Verb, non-3rd person singular present",NA,NA
"to","TO","to",2,"to","to",NA,NA
"have","VH","have",4,"verb","Verb, base form of ""to have""",NA,NA
"rubygems","NNS","<unknown>",8,"noun","Noun, plural",NA,NA
"and","CC","and",3,"conjunction","Coordinating conjunction",NA,NA
"bundler","NN","bundler",7,"noun","Noun, singular or mass",NA,NA
".","SENT",".",1,"fullstop","Sentence ending punctuation",NA,NA
"Also","RB","also",4,"adverb","Adverb",NA,NA
"mysql","NN","<unknown>",5,"noun","Noun, singular or mass",NA,NA
"and","CC","and",3,"conjunction","Coordinating conjunction",NA,NA
"mongodb","NN","<unknown>",7,"noun","Noun, singular or mass",NA,NA
".","SENT",".",1,"fullstop","Sentence ending punctuation",NA,NA
"You","PP","you",3,"pronoun","Personal pronoun",NA,NA
"have","VHP","have",4,"verb","Verb, non-3rd person singular present of ""to have""",NA,NA
"to","TO","to",2,"to","to",NA,NA
"setup","NN","setup",5,"noun","Noun, singular or mass",NA,NA
"your","PP$","your",4,"pronoun","Possessive pronoun",NA,NA
"database","NN","database",8,"noun","Noun, singular or mass",NA,NA
"in","IN","in",2,"preposition","Preposition or subordinating conjunction",NA,NA
"config","NN","<unknown>",6,"noun","Noun, singular or mass",NA,NA
"database","NN","database",8,"noun","Noun, singular or mass",NA,NA
".","SENT",".",1,"fullstop","Sentence ending punctuation",NA,NA
"yml","NN","<unknown>",3,"noun","Noun, singular or mass",NA,NA
"check","NN","check",5,"noun","Noun, singular or mass",NA,NA
"config","NN","<unknown>",6,"noun","Noun, singular or mass",NA,NA
"mongoid","NN","<unknown>",7,"noun","Noun, singular or mass",NA,NA
".","SENT",".",1,"fullstop","Sentence ending punctuation",NA,NA
"yml","NN","<unknown>",3,"noun","Noun, singular or mass",NA,NA
"bundle","NN","bundle",6,"noun","Noun, singular or mass",NA,NA
"rake","NN","rake",4,"noun","Noun, singular or mass",NA,NA
"db","NN","<unknown>",2,"noun","Noun, singular or mass",NA,NA
":","SENT",":",1,"fullstop","Sentence ending punctuation",NA,NA
"migrate","VV","migrate",7,"verb","Verb, base form",NA,NA
"run","VVN","run",3,"verb","Verb, past participle",NA,NA
"mongodb","NN","<unknown>",7,"noun","Noun, singular or mass",NA,NA
"server","NN","server",6,"noun","Noun, singular or mass",NA,NA
"rake","NN","rake",4,"noun","Noun, singular or mass",NA,NA
"db","NN","<unknown>",2,"noun","Noun, singular or mass",NA,NA
":","SENT",":",1,"fullstop","Sentence ending punctuation",NA,NA
"seed","NN","seed",4,"noun","Noun, singular or mass",NA,NA
"rails","VVZ","rail",5,"verb","Verb, 3rd person singular present",NA,NA
"s","JJ","<unknown>",1,"adjective","Adjective",NA,NA
"Notes","NNS","note",5,"noun","Noun, plural",NA,NA
"if","IN","if",2,"preposition","Preposition or subordinating conjunction",NA,NA
"you","PP","you",3,"pronoun","Personal pronoun",NA,NA
"want","VVP","want",4,"verb","Verb, non-3rd person singular present",NA,NA
"to","TO","to",2,"to","to",NA,NA
"have","VH","have",4,"verb","Verb, base form of ""to have""",NA,NA
"universal","JJ","universal",9,"adjective","Adjective",NA,NA
"password","NN","password",8,"noun","Noun, singular or mass",NA,NA
"do","VVP","do",2,"verb","Verb, non-3rd person singular present",NA,NA
"this","DT","this",4,"determiner","Determiner",NA,NA
"before","IN","before",6,"preposition","Preposition or subordinating conjunction",NA,NA
"launching","VVG","launch",9,"verb","Verb, gerund or present participle",NA,NA
"the","DT","the",3,"determiner","Determiner",NA,NA
"server","NN","server",6,"noun","Noun, singular or mass",NA,NA
"export","NN","export",6,"noun","Noun, singular or mass",NA,NA
"universal","JJ","universal",9,"adjective","Adjective",NA,NA
"password","NN","password",8,"noun","Noun, singular or mass",NA,NA
"something","NN","something",9,"noun","Noun, singular or mass",NA,NA
"Is","VBZ","be",2,"verb","Verb, 3rd person singular present of ""to be""",NA,NA
"this","DT","this",4,"determiner","Determiner",NA,NA
"system","NN","system",6,"noun","Noun, singular or mass",NA,NA
"production","NN","production",10,"noun","Noun, singular or mass",NA,NA
"ready","JJ","ready",5,"adjective","Adjective",NA,NA
"Yes","NP","Yes",3,"name","Proper noun, singular",NA,NA
"it","PP","it",2,"pronoun","Personal pronoun",NA,NA
"is","VBZ","be",2,"verb","Verb, 3rd person singular present of ""to be""",NA,NA
".","SENT",".",1,"fullstop","Sentence ending punctuation",NA,NA
"And","CC","and",3,"conjunction","Coordinating conjunction",NA,NA
"is","VBZ","be",2,"verb","Verb, 3rd person singular present of ""to be""",NA,NA
"used","VVN","use",4,"verb","Verb, past participle",NA,NA
"in","IN","in",2,"preposition","Preposition or subordinating conjunction",NA,NA
"two","CD","two",3,"number","Cardinal number",NA,NA
"Bulgarian","JJ","Bulgarian",9,"adjective","Adjective",NA,NA
"Russian","JJ","Russian",7,"adjective","Adjective",NA,NA
"real","JJ","real",4,"adjective","Adjective",NA,NA
"estates","NNS","estate",7,"noun","Noun, plural",NA,NA
"companies","NNS","company",9,"noun","Noun, plural",NA,NA
".","SENT",".",1,"fullstop","Sentence ending punctuation",NA,NA
"What","WP","What",4,"pronoun","Wh-pronoun",NA,NA
"is","VBZ","be",2,"verb","Verb, 3rd person singular present of ""to be""",NA,NA
"good","JJ","good",4,"adjective","Adjective",NA,NA
"to","TO","to",2,"to","to",NA,NA
"be","VB","be",2,"verb","Verb, base form of ""to be""",NA,NA
"done","VVN","do",4,"verb","Verb, past participle",NA,NA
"It","PP","it",2,"pronoun","Personal pronoun",NA,NA
"is","VBZ","be",2,"verb","Verb, 3rd person singular present of ""to be""",NA,NA
"slow","JJ","slow",4,"adjective","Adjective",NA,NA
"on","IN","on",2,"preposition","Preposition or subordinating conjunction",NA,NA
"some","DT","some",4,"determiner","Determiner",NA,NA
"places","NNS","place",6,"noun","Noun, plural",NA,NA
"which","WDT","which",5,"determiner","Wh-determiner",NA,NA
"could","MD","could",5,"modal","Modal",NA,NA
"be","VB","be",2,"verb","Verb, base form of ""to be""",NA,NA
"optimized","VVN","optimize",9,"verb","Verb, past participle",NA,NA
"very","RB","very",4,"adverb","Adverb",NA,NA
"easy","JJ","easy",4,"adjective","Adjective",NA,NA
".","SENT",".",1,"fullstop","Sentence ending punctuation",NA,NA
"The","DT","the",3,"determiner","Determiner",NA,NA
"mysql","NN","<unknown>",5,"noun","Noun, singular or mass",NA,NA
"could","MD","could",5,"modal","Modal",NA,NA
"be","VB","be",2,"verb","Verb, base form of ""to be""",NA,NA
"removed","VVN","remove",7,"verb","Verb, past participle",NA,NA
"entirely","RB","entirely",8,"adverb","Adverb",NA,NA
"from","IN","from",4,"preposition","Preposition or subordinating conjunction",NA,NA
"the","DT","the",3,"determiner","Determiner",NA,NA
"system","NN","system",6,"noun","Noun, singular or mass",NA,NA
".","SENT",".",1,"fullstop","Sentence ending punctuation",NA,NA
"Implement","VV","implement",9,"verb","Verb, base form",NA,NA
"nice","JJ","nice",4,"adjective","Adjective",NA,NA
"features","NNS","feature",8,"noun","Noun, plural",NA,NA
"and","CC","and",3,"conjunction","Coordinating conjunction",NA,NA
"reports","NNS","report",7,"noun","Noun, plural",NA,NA
".","SENT",".",1,"fullstop","Sentence ending punctuation",NA,NA
"License","NP","License",7,"name","Proper noun, singular",NA,NA
"Licensed","NP","<unknown>",8,"name","Proper noun, singular",NA,NA
"under","IN","under",5,"preposition","Preposition or subordinating conjunction",NA,NA
"GNU","NP","<unknown>",3,"name","Proper noun, singular",NA,NA
"Lesser","NP","Lesser",6,"name","Proper noun, singular",NA,NA
"General","NP","General",7,"name","Proper noun, singular",NA,NA
"Public","NP","Public",6,"name","Proper noun, singular",NA,NA
"License","NP","License",7,"name","Proper noun, singular",NA,NA
