"token","tag","lemma","lttr","wclass","desc","stop","stem"
"h","NN","h",1,"noun","Noun, singular or mass",NA,NA
"README","NP","<unknown>",6,"name","Proper noun, singular",NA,NA
"h","NN","h",1,"noun","Noun, singular or mass",NA,NA
"h","NN","h",1,"noun","Noun, singular or mass",NA,NA
"Kent","NP","Kent",4,"name","Proper noun, singular",NA,NA
"Blake","NP","Blake",5,"name","Proper noun, singular",NA,NA
"Real","NP","Real",4,"name","Proper noun, singular",NA,NA
"Estate","NP","Estate",6,"name","Proper noun, singular",NA,NA
"h","NN","h",1,"noun","Noun, singular or mass",NA,NA
