"token","tag","lemma","lttr","wclass","desc","stop","stem"
"real","JJ","real",4,"adjective","Adjective",NA,NA
"estate","NN","estate",6,"noun","Noun, singular or mass",NA,NA
"api","NNS","<unknown>",3,"noun","Noun, plural",NA,NA
"frontend","VVP","<unknown>",8,"verb","Verb, non-3rd person singular present",NA,NA
"Build","NP","<unknown>",5,"name","Proper noun, singular",NA,NA
"Status","NP","<unknown>",6,"name","Proper noun, singular",NA,NA
"A","DT","a",1,"determiner","Determiner",NA,NA
"real","JJ","real",4,"adjective","Adjective",NA,NA
"estate","NN","estate",6,"noun","Noun, singular or mass",NA,NA
"office","NN","office",6,"noun","Noun, singular or mass",NA,NA
"managing","VVG","manage",8,"verb","Verb, gerund or present participle",NA,NA
"frontend","NN","<unknown>",8,"noun","Noun, singular or mass",NA,NA
