"token","tag","lemma","lttr","wclass","desc","stop","stem"
"Lob","NP","Lob",3,"name","Proper noun, singular",NA,NA
"Templates","NP","<unknown>",9,"name","Proper noun, singular",NA,NA
"HTML","NP","<unknown>",4,"name","Proper noun, singular",NA,NA
"Templates","NP","<unknown>",9,"name","Proper noun, singular",NA,NA
"for","IN","for",3,"preposition","Preposition or subordinating conjunction",NA,NA
"use","NN","use",3,"noun","Noun, singular or mass",NA,NA
"on","IN","on",2,"preposition","Preposition or subordinating conjunction",NA,NA
"Lob","NP","Lob",3,"name","Proper noun, singular",NA,NA
".","SENT",".",1,"fullstop","Sentence ending punctuation",NA,NA
"com","NN","com",3,"noun","Noun, singular or mass",NA,NA
"User","NP","User",4,"name","Proper noun, singular",NA,NA
"Acquisition","NP","Acquisition",11,"name","Proper noun, singular",NA,NA
"x","SYM","x",1,"symbol","Symbol",NA,NA
"Postcard","NP","<unknown>",8,"name","Proper noun, singular",NA,NA
"p","NN","p",1,"noun","Noun, singular or mass",NA,NA
"align","VVP","align",5,"verb","Verb, non-3rd person singular present",NA,NA
"center","NN","center",6,"noun","Noun, singular or mass",NA,NA
"img","NN","<unknown>",3,"noun","Noun, singular or mass",NA,NA
"src","NN","<unknown>",3,"noun","Noun, singular or mass",NA,NA
"img","NN","<unknown>",3,"noun","Noun, singular or mass",NA,NA
"src","NN","<unknown>",3,"noun","Noun, singular or mass",NA,NA
"p","NN","p",1,"noun","Noun, singular or mass",NA,NA
"Address","NP","<unknown>",7,"name","Proper noun, singular",NA,NA
"Verification","NP","Verification",12,"name","Proper noun, singular",NA,NA
"x","SYM","x",1,"symbol","Symbol",NA,NA
"Postcard","NP","<unknown>",8,"name","Proper noun, singular",NA,NA
"p","NN","p",1,"noun","Noun, singular or mass",NA,NA
"align","VVP","align",5,"verb","Verb, non-3rd person singular present",NA,NA
"center","NN","center",6,"noun","Noun, singular or mass",NA,NA
"img","NN","<unknown>",3,"noun","Noun, singular or mass",NA,NA
"src","NN","<unknown>",3,"noun","Noun, singular or mass",NA,NA
"img","NN","<unknown>",3,"noun","Noun, singular or mass",NA,NA
"src","NN","<unknown>",3,"noun","Noun, singular or mass",NA,NA
"p","NN","p",1,"noun","Noun, singular or mass",NA,NA
"Real","NP","Real",4,"name","Proper noun, singular",NA,NA
"Estate","NP","Estate",6,"name","Proper noun, singular",NA,NA
"Just","NP","Just",4,"name","Proper noun, singular",NA,NA
"Sold","NP","<unknown>",4,"name","Proper noun, singular",NA,NA
"x","SYM","x",1,"symbol","Symbol",NA,NA
"Postcard","NP","<unknown>",8,"name","Proper noun, singular",NA,NA
"p","NN","p",1,"noun","Noun, singular or mass",NA,NA
"align","VVP","align",5,"verb","Verb, non-3rd person singular present",NA,NA
"center","NN","center",6,"noun","Noun, singular or mass",NA,NA
"img","NN","<unknown>",3,"noun","Noun, singular or mass",NA,NA
"src","NN","<unknown>",3,"noun","Noun, singular or mass",NA,NA
"img","NN","<unknown>",3,"noun","Noun, singular or mass",NA,NA
"src","NN","<unknown>",3,"noun","Noun, singular or mass",NA,NA
"p","NN","p",1,"noun","Noun, singular or mass",NA,NA
"Customer","NP","<unknown>",8,"name","Proper noun, singular",NA,NA
"Communication","NP","Communication",13,"name","Proper noun, singular",NA,NA
"x","SYM","x",1,"symbol","Symbol",NA,NA
"Postcard","NP","<unknown>",8,"name","Proper noun, singular",NA,NA
"p","NN","p",1,"noun","Noun, singular or mass",NA,NA
"align","VVP","align",5,"verb","Verb, non-3rd person singular present",NA,NA
"center","NN","center",6,"noun","Noun, singular or mass",NA,NA
"img","NN","<unknown>",3,"noun","Noun, singular or mass",NA,NA
"src","NN","<unknown>",3,"noun","Noun, singular or mass",NA,NA
"img","NN","<unknown>",3,"noun","Noun, singular or mass",NA,NA
"src","NN","<unknown>",3,"noun","Noun, singular or mass",NA,NA
"p","NN","p",1,"noun","Noun, singular or mass",NA,NA
"Invoice","NP","<unknown>",7,"name","Proper noun, singular",NA,NA
"Letter","NP","Letter",6,"name","Proper noun, singular",NA,NA
"p","NN","p",1,"noun","Noun, singular or mass",NA,NA
"align","VVP","align",5,"verb","Verb, non-3rd person singular present",NA,NA
"center","NN","center",6,"noun","Noun, singular or mass",NA,NA
"img","NN","<unknown>",3,"noun","Noun, singular or mass",NA,NA
"src","NN","<unknown>",3,"noun","Noun, singular or mass",NA,NA
"p","NN","p",1,"noun","Noun, singular or mass",NA,NA
"Outstanding","JJ","outstanding",11,"adjective","Adjective",NA,NA
"Balance","NP","<unknown>",7,"name","Proper noun, singular",NA,NA
"Letter","NP","Letter",6,"name","Proper noun, singular",NA,NA
"p","NN","p",1,"noun","Noun, singular or mass",NA,NA
"align","VVP","align",5,"verb","Verb, non-3rd person singular present",NA,NA
"center","NN","center",6,"noun","Noun, singular or mass",NA,NA
"img","NN","<unknown>",3,"noun","Noun, singular or mass",NA,NA
"src","NN","<unknown>",3,"noun","Noun, singular or mass",NA,NA
"p","NN","p",1,"noun","Noun, singular or mass",NA,NA
