"token","tag","lemma","lttr","wclass","desc","stop","stem"
"Harvester","NN","harvester",9,"noun","Noun, singular or mass",NA,NA
"Data","NP","Data",4,"name","Proper noun, singular",NA,NA
"mining","NN","mining",6,"noun","Noun, singular or mass",NA,NA
"tool","NN","tool",4,"noun","Noun, singular or mass",NA,NA
"for","IN","for",3,"preposition","Preposition or subordinating conjunction",NA,NA
"real","JJ","real",4,"adjective","Adjective",NA,NA
"estate","NN","estate",6,"noun","Noun, singular or mass",NA,NA
"companies","NNS","company",9,"noun","Noun, plural",NA,NA
".","SENT",".",1,"fullstop","Sentence ending punctuation",NA,NA
"A","DT","a",1,"determiner","Determiner",NA,NA
"web","NN","web",3,"noun","Noun, singular or mass",NA,NA
"crawler","NN","crawler",7,"noun","Noun, singular or mass",NA,NA
"automatically","RB","automatically",13,"adverb","Adverb",NA,NA
"analyses","VVZ","analyse",8,"verb","Verb, 3rd person singular present",NA,NA
"adverts","NNS","advert",7,"noun","Noun, plural",NA,NA
"from","IN","from",4,"preposition","Preposition or subordinating conjunction",NA,NA
"advertising","NN","advertising",11,"noun","Noun, singular or mass",NA,NA
"websites","NNS","<unknown>",8,"noun","Noun, plural",NA,NA
"and","CC","and",3,"conjunction","Coordinating conjunction",NA,NA
"identifies","VVZ","identify",10,"verb","Verb, 3rd person singular present",NA,NA
"the","DT","the",3,"determiner","Determiner",NA,NA
"relevant","JJ","relevant",8,"adjective","Adjective",NA,NA
"ones","NNS","one",4,"noun","Noun, plural",NA,NA
"in","IN","in",2,"preposition","Preposition or subordinating conjunction",NA,NA
"a","DT","a",1,"determiner","Determiner",NA,NA
"few","JJ","few",3,"adjective","Adjective",NA,NA
"seconds","NNS","second",7,"noun","Noun, plural",NA,NA
".","SENT",".",1,"fullstop","Sentence ending punctuation",NA,NA
"The","DT","the",3,"determiner","Determiner",NA,NA
"system","NN","system",6,"noun","Noun, singular or mass",NA,NA
"was","VBD","be",3,"verb","Verb, past tense of ""to be""",NA,NA
"integrated","VVN","integrate",10,"verb","Verb, past participle",NA,NA
"to","TO","to",2,"to","to",NA,NA
"into","IN","into",4,"preposition","Preposition or subordinating conjunction",NA,NA
"commercial","JJ","commercial",10,"adjective","Adjective",NA,NA
"real","JJ","real",4,"adjective","Adjective",NA,NA
"estate","NN","estate",6,"noun","Noun, singular or mass",NA,NA
"information","NN","information",11,"noun","Noun, singular or mass",NA,NA
"system","NN","system",6,"noun","Noun, singular or mass",NA,NA
".","SENT",".",1,"fullstop","Sentence ending punctuation",NA,NA
"Features","NNS","feature",8,"noun","Noun, plural",NA,NA
"phone","VVP","phone",5,"verb","Verb, non-3rd person singular present",NA,NA
"number","NN","number",6,"noun","Noun, singular or mass",NA,NA
"check","NN","check",5,"noun","Noun, singular or mass",NA,NA
"is","VBZ","be",2,"verb","Verb, 3rd person singular present of ""to be""",NA,NA
"it","PP","it",2,"pronoun","Personal pronoun",NA,NA
"real","JJ","real",4,"adjective","Adjective",NA,NA
"estate","NN","estate",6,"noun","Noun, singular or mass",NA,NA
"company","NN","company",7,"noun","Noun, singular or mass",NA,NA
"remove","VV","remove",6,"verb","Verb, base form",NA,NA
"duplicate","JJ","duplicate",9,"adjective","Adjective",NA,NA
"adverts","NNS","advert",7,"noun","Noun, plural",NA,NA
"insert","VVP","insert",6,"verb","Verb, non-3rd person singular present",NA,NA
"advert","NN","advert",6,"noun","Noun, singular or mass",NA,NA
"into","IN","into",4,"preposition","Preposition or subordinating conjunction",NA,NA
"real","JJ","real",4,"adjective","Adjective",NA,NA
"estate","NN","estate",6,"noun","Noun, singular or mass",NA,NA
"company","NN","company",7,"noun","Noun, singular or mass",NA,NA
"information","NN","information",11,"noun","Noun, singular or mass",NA,NA
"system","NN","system",6,"noun","Noun, singular or mass",NA,NA
"Copyright","NP","Copyright",9,"name","Proper noun, singular",NA,NA
"David","NP","David",5,"name","Proper noun, singular",NA,NA
"Hrachovy","NP","<unknown>",8,"name","Proper noun, singular",NA,NA
