"token","tag","lemma","lttr","wclass","desc","stop","stem"
"Yclas","NP","<unknown>",5,"name","Proper noun, singular",NA,NA
"..",":","...",2,"punctuation","Punctuation",NA,NA
"Description","NP","<unknown>",11,"name","Proper noun, singular",NA,NA
"Yclas","NP","<unknown>",5,"name","Proper noun, singular",NA,NA
"self","NN","self",4,"noun","Noun, singular or mass",NA,NA
"hosted","VVN","host",6,"verb","Verb, past participle",NA,NA
"is","VBZ","be",2,"verb","Verb, 3rd person singular present of ""to be""",NA,NA
"a","DT","a",1,"determiner","Determiner",NA,NA
"powerful","JJ","powerful",8,"adjective","Adjective",NA,NA
"script","NN","script",6,"noun","Noun, singular or mass",NA,NA
"that","WDT","that",4,"determiner","Wh-determiner",NA,NA
"can","MD","can",3,"modal","Modal",NA,NA
"transform","VV","transform",9,"verb","Verb, base form",NA,NA
"any","DT","any",3,"determiner","Determiner",NA,NA
"domain","NN","domain",6,"noun","Noun, singular or mass",NA,NA
"into","IN","into",4,"preposition","Preposition or subordinating conjunction",NA,NA
"a","DT","a",1,"determiner","Determiner",NA,NA
"fully","RB","fully",5,"adverb","Adverb",NA,NA
"customizable","JJ","<unknown>",12,"adjective","Adjective",NA,NA
"classifieds","NNS","classified",11,"noun","Noun, plural",NA,NA
"site","NN","site",4,"noun","Noun, singular or mass",NA,NA
"within","IN","within",6,"preposition","Preposition or subordinating conjunction",NA,NA
"a","DT","a",1,"determiner","Determiner",NA,NA
"few","JJ","few",3,"adjective","Adjective",NA,NA
"seconds","NNS","second",7,"noun","Noun, plural",NA,NA
".","SENT",".",1,"fullstop","Sentence ending punctuation",NA,NA
"Thousands","NNS","thousand",9,"noun","Noun, plural",NA,NA
"of","IN","of",2,"preposition","Preposition or subordinating conjunction",NA,NA
"web","NN","web",3,"noun","Noun, singular or mass",NA,NA
"developers","NNS","developer",10,"noun","Noun, plural",NA,NA
"trust","VVP","trust",5,"verb","Verb, non-3rd person singular present",NA,NA
"Yclas","NP","<unknown>",5,"name","Proper noun, singular",NA,NA
"to","TO","to",2,"to","to",NA,NA
"run","VV","run",3,"verb","Verb, base form",NA,NA
"their","PP$","their",5,"pronoun","Possessive pronoun",NA,NA
"big","JJ","big",3,"adjective","Adjective",NA,NA
"classifieds","NNS","classified",11,"noun","Noun, plural",NA,NA
"website","NN","website",7,"noun","Noun, singular or mass",NA,NA
".","SENT",".",1,"fullstop","Sentence ending punctuation",NA,NA
"Yclas","NNS","<unknown>",5,"noun","Noun, plural",NA,NA
"can","MD","can",3,"modal","Modal",NA,NA
"be","VB","be",2,"verb","Verb, base form of ""to be""",NA,NA
"used","VVN","use",4,"verb","Verb, past participle",NA,NA
"to","TO","to",2,"to","to",NA,NA
"create","VV","create",6,"verb","Verb, base form",NA,NA
"car","NN","car",3,"noun","Noun, singular or mass",NA,NA
"auto","NN","auto",4,"noun","Noun, singular or mass",NA,NA
"sales","NNS","sale",5,"noun","Noun, plural",NA,NA
",",",",",",1,"comma","Comma",NA,NA
"job","NN","job",3,"noun","Noun, singular or mass",NA,NA
"search","NN","search",6,"noun","Noun, singular or mass",NA,NA
"board","NN","board",5,"noun","Noun, singular or mass",NA,NA
",",",",",",1,"comma","Comma",NA,NA
"buying","VVG","buy",6,"verb","Verb, gerund or present participle",NA,NA
"selling","VVG","sell",7,"verb","Verb, gerund or present participle",NA,NA
"real","JJ","real",4,"adjective","Adjective",NA,NA
"estate","NN","estate",6,"noun","Noun, singular or mass",NA,NA
"and","CC","and",3,"conjunction","Coordinating conjunction",NA,NA
"almost","RB","almost",6,"adverb","Adverb",NA,NA
"anything","NN","anything",8,"noun","Noun, singular or mass",NA,NA
"you","PP","you",3,"pronoun","Personal pronoun",NA,NA
"can","MD","can",3,"modal","Modal",NA,NA
"think","VV","think",5,"verb","Verb, base form",NA,NA
"of","IN","of",2,"preposition","Preposition or subordinating conjunction",NA,NA
".","SENT",".",1,"fullstop","Sentence ending punctuation",NA,NA
"And","CC","and",3,"conjunction","Coordinating conjunction",NA,NA
"when","WRB","when",4,"adverb","Wh-adverb",NA,NA
"you�","JJ","<unknown>",4,"adjective","Adjective",NA,NA
"re","NN","re",2,"noun","Noun, singular or mass",NA,NA
"ready","JJ","ready",5,"adjective","Adjective",NA,NA
"for","IN","for",3,"preposition","Preposition or subordinating conjunction",NA,NA
"more","JJR","more",4,"adjective","Adjective, comparative",NA,NA
",",",",",",1,"comma","Comma",NA,NA
"there","EX","there",5,"existential","Existential there",NA,NA
"are","VBP","be",3,"verb","Verb, non-3rd person singular present of ""to be""",NA,NA
"themes","NNS","theme",6,"noun","Noun, plural",NA,NA
"and","CC","and",3,"conjunction","Coordinating conjunction",NA,NA
"premium","NN","premium",7,"noun","Noun, singular or mass",NA,NA
"support","NN","support",7,"noun","Noun, singular or mass",NA,NA
"available","JJ","available",9,"adjective","Adjective",NA,NA
"to","TO","to",2,"to","to",NA,NA
"transform","VV","transform",9,"verb","Verb, base form",NA,NA
"your","PP$","your",4,"pronoun","Possessive pronoun",NA,NA
"site","NN","site",4,"noun","Noun, singular or mass",NA,NA
"into","IN","into",4,"preposition","Preposition or subordinating conjunction",NA,NA
"anything","NN","anything",8,"noun","Noun, singular or mass",NA,NA
"you","PP","you",3,"pronoun","Personal pronoun",NA,NA
"can","MD","can",3,"modal","Modal",NA,NA
"imagine","VV","imagine",7,"verb","Verb, base form",NA,NA
".","SENT",".",1,"fullstop","Sentence ending punctuation",NA,NA
"How","WRB","How",3,"adverb","Wh-adverb",NA,NA
"to","TO","to",2,"to","to",NA,NA
"Install","NP","<unknown>",7,"name","Proper noun, singular",NA,NA
"Please","RB","please",6,"adverb","Adverb",NA,NA
"read","VVD","read",4,"verb","Verb, past tense",NA,NA
"INSTALL","NP","<unknown>",7,"name","Proper noun, singular",NA,NA
".","SENT",".",1,"fullstop","Sentence ending punctuation",NA,NA
"md","JJ","<unknown>",2,"adjective","Adjective",NA,NA
"INSTALL","NP","<unknown>",7,"name","Proper noun, singular",NA,NA
".","SENT",".",1,"fullstop","Sentence ending punctuation",NA,NA
"md","JJ","<unknown>",2,"adjective","Adjective",NA,NA
"License","NP","License",7,"name","Proper noun, singular",NA,NA
"GPL","NP","<unknown>",3,"name","Proper noun, singular",NA,NA
"v","NN","v",1,"noun","Noun, singular or mass",NA,NA
"Please","RB","please",6,"adverb","Adverb",NA,NA
"read","VVD","read",4,"verb","Verb, past tense",NA,NA
"LICENSE","NP","License",7,"name","Proper noun, singular",NA,NA
"LICENSE","NP","License",7,"name","Proper noun, singular",NA,NA
"How","WRB","How",3,"adverb","Wh-adverb",NA,NA
"to","TO","to",2,"to","to",NA,NA
"Contribute","NNS","<unknown>",10,"noun","Noun, plural",NA,NA
"Please","RB","please",6,"adverb","Adverb",NA,NA
"read","VVP","read",4,"verb","Verb, non-3rd person singular present",NA,NA
"CONTRIBUTING","NP","<unknown>",12,"name","Proper noun, singular",NA,NA
".","SENT",".",1,"fullstop","Sentence ending punctuation",NA,NA
"md","JJ","<unknown>",2,"adjective","Adjective",NA,NA
"CONTRIBUTING","NN","<unknown>",12,"noun","Noun, singular or mass",NA,NA
".","SENT",".",1,"fullstop","Sentence ending punctuation",NA,NA
"md","JJ","<unknown>",2,"adjective","Adjective",NA,NA
"Yclas","NP","<unknown>",5,"name","Proper noun, singular",NA,NA
"works","VVZ","work",5,"verb","Verb, 3rd person singular present",NA,NA
"thanks","NNS","thank",6,"noun","Noun, plural",NA,NA
"to","TO","to",2,"to","to",NA,NA
"other","JJ","other",5,"adjective","Adjective",NA,NA
"GPL","NP","<unknown>",3,"name","Proper noun, singular",NA,NA
"software","NN","software",8,"noun","Noun, singular or mass",NA,NA
"Kohana","NP","<unknown>",6,"name","Proper noun, singular",NA,NA
"..",":","...",2,"punctuation","Punctuation",NA,NA
"KO","NP","KO",2,"name","Proper noun, singular",NA,NA
"Formmanager","NP","<unknown>",11,"name","Proper noun, singular",NA,NA
"PHP","NP","PHP",3,"name","Proper noun, singular",NA,NA
"Gettext","NP","<unknown>",7,"name","Proper noun, singular",NA,NA
"Pear","NP","Pear",4,"name","Proper noun, singular",NA,NA
"File","NP","File",4,"name","Proper noun, singular",NA,NA
"Gettext","NP","<unknown>",7,"name","Proper noun, singular",NA,NA
"POTCreator","NP","<unknown>",10,"name","Proper noun, singular",NA,NA
"PHP","NP","PHP",3,"name","Proper noun, singular",NA,NA
".","SENT",".",1,"fullstop","Sentence ending punctuation",NA,NA
"mo","NN","mo",2,"noun","Noun, singular or mass",NA,NA
"jQuery","NN","<unknown>",6,"noun","Noun, singular or mass",NA,NA
"Google","NP","<unknown>",6,"name","Proper noun, singular",NA,NA
"maps","VVZ","map",4,"verb","Verb, 3rd person singular present",NA,NA
"PHP","NP","PHP",3,"name","Proper noun, singular",NA,NA
"Mailer","NP","<unknown>",6,"name","Proper noun, singular",NA,NA
"PHP","NP","PHP",3,"name","Proper noun, singular",NA,NA
"SitemapGenerator","NP","<unknown>",16,"name","Proper noun, singular",NA,NA
"jsmin","NN","<unknown>",5,"noun","Noun, singular or mass",NA,NA
"php","NN","<unknown>",3,"noun","Noun, singular or mass",NA,NA
"Minify","NP","<unknown>",6,"name","Proper noun, singular",NA,NA
"Mobile","NP","Mobile",6,"name","Proper noun, singular",NA,NA
"Detect","NP","<unknown>",6,"name","Proper noun, singular",NA,NA
"Bootstrap","NP","<unknown>",9,"name","Proper noun, singular",NA,NA
"Bootswatch","NP","<unknown>",10,"name","Proper noun, singular",NA,NA
"Chosen","NP","Chosen",6,"name","Proper noun, singular",NA,NA
"SCEditor","NP","<unknown>",8,"name","Proper noun, singular",NA,NA
"jQuery","NN","<unknown>",6,"noun","Noun, singular or mass",NA,NA
"jQuery","NN","<unknown>",6,"noun","Noun, singular or mass",NA,NA
"Sortable","NP","<unknown>",8,"name","Proper noun, singular",NA,NA
"Bootstrap","NP","<unknown>",9,"name","Proper noun, singular",NA,NA
"Image","NP","<unknown>",5,"name","Proper noun, singular",NA,NA
"Gallery","NP","Gallery",7,"name","Proper noun, singular",NA,NA
"Blacksmith","NP","Blacksmith",10,"name","Proper noun, singular",NA,NA
"Hybrid","NP","<unknown>",6,"name","Proper noun, singular",NA,NA
"Auth","NP","Auth",4,"name","Proper noun, singular",NA,NA
"MySQLi","NP","<unknown>",6,"name","Proper noun, singular",NA,NA
"Kohana","NP","<unknown>",6,"name","Proper noun, singular",NA,NA
"JS","NP","<unknown>",2,"name","Proper noun, singular",NA,NA
"Loading","NP","<unknown>",7,"name","Proper noun, singular",NA,NA
"Bar","NP","Bar",3,"name","Proper noun, singular",NA,NA
"Slugifier","NP","<unknown>",9,"name","Proper noun, singular",NA,NA
"Bootgrid","NP","<unknown>",8,"name","Proper noun, singular",NA,NA
