"token","tag","lemma","lttr","wclass","desc","stop","stem"
"node","NN","node",4,"noun","Noun, singular or mass",NA,NA
"real","JJ","real",4,"adjective","Adjective",NA,NA
"estate","NN","estate",6,"noun","Noun, singular or mass",NA,NA
"Real","JJ","real",4,"adjective","Adjective",NA,NA
"estate","NN","estate",6,"noun","Noun, singular or mass",NA,NA
"project","NN","project",7,"noun","Noun, singular or mass",NA,NA
"to","TO","to",2,"to","to",NA,NA
"collect","VV","collect",7,"verb","Verb, base form",NA,NA
"aggregate","JJ","aggregate",9,"adjective","Adjective",NA,NA
"filter","NN","filter",6,"noun","Noun, singular or mass",NA,NA
"estates","NNS","estate",7,"noun","Noun, plural",NA,NA
