"token","tag","lemma","lttr","wclass","desc","stop","stem"
"Estate","NP","Estate",6,"name","Proper noun, singular",NA,NA
"Manager","NP","Manager",7,"name","Proper noun, singular",NA,NA
"k","NN","k",1,"noun","Noun, singular or mass",NA,NA
"Real","NP","Real",4,"name","Proper noun, singular",NA,NA
"Estate","NP","Estate",6,"name","Proper noun, singular",NA,NA
"Management","NP","Management",10,"name","Proper noun, singular",NA,NA
"Wordpress","NP","<unknown>",9,"name","Proper noun, singular",NA,NA
"Plugin","NP","<unknown>",6,"name","Proper noun, singular",NA,NA
"for","IN","for",3,"preposition","Preposition or subordinating conjunction",NA,NA
"Koreans","NPS","Koreans",7,"name","Proper noun, plural",NA,NA
