"token","tag","lemma","lttr","wclass","desc","stop","stem"
"h","NN","h",1,"noun","Noun, singular or mass",NA,NA
"JQ","NP","<unknown>",2,"name","Proper noun, singular",NA,NA
"Estate","NP","Estate",6,"name","Proper noun, singular",NA,NA
"h","NN","h",1,"noun","Noun, singular or mass",NA,NA
"h","NN","h",1,"noun","Noun, singular or mass",NA,NA
"Elite","NP","Elite",5,"name","Proper noun, singular",NA,NA
"real","JJ","real",4,"adjective","Adjective",NA,NA
"estate","NN","estate",6,"noun","Noun, singular or mass",NA,NA
"websites","NNS","<unknown>",8,"noun","Noun, plural",NA,NA
"h","NN","h",1,"noun","Noun, singular or mass",NA,NA
"h","NN","h",1,"noun","Noun, singular or mass",NA,NA
"a","DT","a",1,"determiner","Determiner",NA,NA
"href","NN","<unknown>",4,"noun","Noun, singular or mass",NA,NA
"h","NN","h",1,"noun","Noun, singular or mass",NA,NA
"a","DT","a",1,"determiner","Determiner",NA,NA
"href","NN","<unknown>",4,"noun","Noun, singular or mass",NA,NA
"p","NN","p",1,"noun","Noun, singular or mass",NA,NA
"This","DT","this",4,"determiner","Determiner",NA,NA
"two","CD","two",3,"number","Cardinal number",NA,NA
"projects","NNS","project",8,"noun","Noun, plural",NA,NA
"are","VBP","be",3,"verb","Verb, non-3rd person singular present of ""to be""",NA,NA
"linked","VVN","link",6,"verb","Verb, past participle",NA,NA
"between","IN","between",7,"preposition","Preposition or subordinating conjunction",NA,NA
"one","CD","one",3,"number","Cardinal number",NA,NA
"another","DT","another",7,"determiner","Determiner",NA,NA
".","SENT",".",1,"fullstop","Sentence ending punctuation",NA,NA
"It","PP","it",2,"pronoun","Personal pronoun",NA,NA
"was","VBD","be",3,"verb","Verb, past tense of ""to be""",NA,NA
"work","NN","work",4,"noun","Noun, singular or mass",NA,NA
"for","IN","for",3,"preposition","Preposition or subordinating conjunction",NA,NA
"real","JJ","real",4,"adjective","Adjective",NA,NA
"estate","NN","estate",6,"noun","Noun, singular or mass",NA,NA
"agency","NN","agency",6,"noun","Noun, singular or mass",NA,NA
",",",",",",1,"comma","Comma",NA,NA
"which","WDT","which",5,"determiner","Wh-determiner",NA,NA
"is","VBZ","be",2,"verb","Verb, 3rd person singular present of ""to be""",NA,NA
"one","CD","one",3,"number","Cardinal number",NA,NA
"of","IN","of",2,"preposition","Preposition or subordinating conjunction",NA,NA
"a","DT","a",1,"determiner","Determiner",NA,NA
"largest","JJS","large",7,"adjective","Adjective, superlative",NA,NA
"in","IN","in",2,"preposition","Preposition or subordinating conjunction",NA,NA
"Moscow","NP","Moscow",6,"name","Proper noun, singular",NA,NA
",",",",",",1,"comma","Comma",NA,NA
"Russia","NP","Russia",6,"name","Proper noun, singular",NA,NA
".","SENT",".",1,"fullstop","Sentence ending punctuation",NA,NA
"Costs","NNS","cost",5,"noun","Noun, plural",NA,NA
"of","IN","of",2,"preposition","Preposition or subordinating conjunction",NA,NA
"single","JJ","single",6,"adjective","Adjective",NA,NA
"object","NN","object",6,"noun","Noun, singular or mass",NA,NA
"can","MD","can",3,"modal","Modal",NA,NA
"vary","VV","vary",4,"verb","Verb, base form",NA,NA
"from","IN","from",4,"preposition","Preposition or subordinating conjunction",NA,NA
"hundreds","NNS","hundred",8,"noun","Noun, plural",NA,NA
"thousand","CD","thousand",8,"number","Cardinal number",NA,NA
"dollars","NNS","dollar",7,"noun","Noun, plural",NA,NA
"to","TO","to",2,"to","to",NA,NA
"dozens","NNS","dozen",6,"noun","Noun, plural",NA,NA
"of","IN","of",2,"preposition","Preposition or subordinating conjunction",NA,NA
"millions","NNS","million",8,"noun","Noun, plural",NA,NA
".","SENT",".",1,"fullstop","Sentence ending punctuation",NA,NA
"p","NN","p",1,"noun","Noun, singular or mass",NA,NA
"strong","JJ","strong",6,"adjective","Adjective",NA,NA
"Full","JJ","full",4,"adjective","Adjective",NA,NA
"stack","NN","stack",5,"noun","Noun, singular or mass",NA,NA
"of","IN","of",2,"preposition","Preposition or subordinating conjunction",NA,NA
"used","VVN","use",4,"verb","Verb, past participle",NA,NA
"technologies","NNS","technology",12,"noun","Noun, plural",NA,NA
":","SENT",":",1,"fullstop","Sentence ending punctuation",NA,NA
"strong","JJ","strong",6,"adjective","Adjective",NA,NA
"HTML","NP","<unknown>",4,"name","Proper noun, singular",NA,NA
"CSS","NP","CSS",3,"name","Proper noun, singular",NA,NA
"LESS","NP","Less",4,"name","Proper noun, singular",NA,NA
"JavaScript","NN","<unknown>",10,"noun","Noun, singular or mass",NA,NA
"jQuery","NN","<unknown>",6,"noun","Noun, singular or mass",NA,NA
",",",",",",1,"comma","Comma",NA,NA
"native","JJ","native",6,"adjective","Adjective",NA,NA
"js","NNS","<unknown>",2,"noun","Noun, plural",NA,NA
"Backbone","NP","<unknown>",8,"name","Proper noun, singular",NA,NA
".","SENT",".",1,"fullstop","Sentence ending punctuation",NA,NA
"js","NP","<unknown>",2,"name","Proper noun, singular",NA,NA
"Marionette","NP","<unknown>",10,"name","Proper noun, singular",NA,NA
".","SENT",".",1,"fullstop","Sentence ending punctuation",NA,NA
"js","NNS","<unknown>",2,"noun","Noun, plural",NA,NA
"Underscore","JJ","<unknown>",10,"adjective","Adjective",NA,NA
".","SENT",".",1,"fullstop","Sentence ending punctuation",NA,NA
"js","NNS","<unknown>",2,"noun","Noun, plural",NA,NA
"Require","VV","require",7,"verb","Verb, base form",NA,NA
".","SENT",".",1,"fullstop","Sentence ending punctuation",NA,NA
"js","NNS","<unknown>",2,"noun","Noun, plural",NA,NA
"Angular","JJ","angular",7,"adjective","Adjective",NA,NA
".","SENT",".",1,"fullstop","Sentence ending punctuation",NA,NA
"js","NP","<unknown>",2,"name","Proper noun, singular",NA,NA
"Python","NP","<unknown>",6,"name","Proper noun, singular",NA,NA
"Django","NP","Django",6,"name","Proper noun, singular",NA,NA
"Google","NP","<unknown>",6,"name","Proper noun, singular",NA,NA
"Maps","NP","<unknown>",4,"name","Proper noun, singular",NA,NA
"API","NP","API",3,"name","Proper noun, singular",NA,NA
