"token","tag","lemma","lttr","wclass","desc","stop","stem"
"subrion","NN","<unknown>",7,"noun","Noun, singular or mass",NA,NA
"template","NN","template",8,"noun","Noun, singular or mass",NA,NA
"houses","NNS","house",6,"noun","Noun, plural",NA,NA
"Template","VVP","<unknown>",8,"verb","Verb, non-3rd person singular present",NA,NA
"for","IN","for",3,"preposition","Preposition or subordinating conjunction",NA,NA
"Subrion","NP","<unknown>",7,"name","Proper noun, singular",NA,NA
"Real","NP","Real",4,"name","Proper noun, singular",NA,NA
"Estate","NP","Estate",6,"name","Proper noun, singular",NA,NA
"script","NN","script",6,"noun","Noun, singular or mass",NA,NA
