"token","tag","lemma","lttr","wclass","desc","stop","stem"
"acheiimoveis","NP","<unknown>",12,"name","Proper noun, singular",NA,NA
"PROJETO","NP","<unknown>",7,"name","Proper noun, singular",NA,NA
"Real","NP","Real",4,"name","Proper noun, singular",NA,NA
"Estate","NP","Estate",6,"name","Proper noun, singular",NA,NA
"Portal","NP","Portal",6,"name","Proper noun, singular",NA,NA
"Imobili�","NP","<unknown>",8,"name","Proper noun, singular",NA,NA
"rio","NP","Rio",3,"name","Proper noun, singular",NA,NA
",",",",",",1,"comma","Comma",NA,NA
"Achei","NP","<unknown>",5,"name","Proper noun, singular",NA,NA
"Im�veis","NP","<unknown>",7,"name","Proper noun, singular",NA,NA
"...",":","...",3,"punctuation","Punctuation",NA,NA
