"token","tag","lemma","lttr","wclass","desc","stop","stem"
"agency","NN","agency",6,"noun","Noun, singular or mass",NA,NA
"xml","NN","<unknown>",3,"noun","Noun, singular or mass",NA,NA
"An","DT","an",2,"determiner","Determiner",NA,NA
"XML","NP","<unknown>",3,"name","Proper noun, singular",NA,NA
"specification","NN","specification",13,"noun","Noun, singular or mass",NA,NA
"for","IN","for",3,"preposition","Preposition or subordinating conjunction",NA,NA
"automatic","JJ","automatic",9,"adjective","Adjective",NA,NA
"updating","VVG","update",8,"verb","Verb, gerund or present participle",NA,NA
"of","IN","of",2,"preposition","Preposition or subordinating conjunction",NA,NA
"Real","NP","Real",4,"name","Proper noun, singular",NA,NA
"Estate","NP","Estate",6,"name","Proper noun, singular",NA,NA
"franchise","NN","franchise",9,"noun","Noun, singular or mass",NA,NA
",",",",",",1,"comma","Comma",NA,NA
"agency","NN","agency",6,"noun","Noun, singular or mass",NA,NA
"and","CC","and",3,"conjunction","Coordinating conjunction",NA,NA
"agent","NN","agent",5,"noun","Noun, singular or mass",NA,NA
"information","NN","information",11,"noun","Noun, singular or mass",NA,NA
