"token","tag","lemma","lttr","wclass","desc","stop","stem"
"README","NP","<unknown>",6,"name","Proper noun, singular",NA,NA
"A","DT","a",1,"determiner","Determiner",NA,NA
"pure","JJ","pure",4,"adjective","Adjective",NA,NA
"clone","NN","clone",5,"noun","Noun, singular or mass",NA,NA
"of","IN","of",2,"preposition","Preposition or subordinating conjunction",NA,NA
"StreetEasy","NP","<unknown>",10,"name","Proper noun, singular",NA,NA
".","SENT",".",1,"fullstop","Sentence ending punctuation",NA,NA
"com","NN","com",3,"noun","Noun, singular or mass",NA,NA
",",",",",",1,"comma","Comma",NA,NA
"a","DT","a",1,"determiner","Determiner",NA,NA
"real","JJ","real",4,"adjective","Adjective",NA,NA
"estate","NN","estate",6,"noun","Noun, singular or mass",NA,NA
"website","NN","website",7,"noun","Noun, singular or mass",NA,NA
"focused","VVN","focus",7,"verb","Verb, past participle",NA,NA
"on","IN","on",2,"preposition","Preposition or subordinating conjunction",NA,NA
"New","NP","New",3,"name","Proper noun, singular",NA,NA
"York","NP","York",4,"name","Proper noun, singular",NA,NA
"City","NP","City",4,"name","Proper noun, singular",NA,NA
".","SENT",".",1,"fullstop","Sentence ending punctuation",NA,NA
