"token","tag","lemma","lttr","wclass","desc","stop","stem"
"Open","JJ","open",4,"adjective","Adjective",NA,NA
"Images","NNS","image",6,"noun","Noun, plural",NA,NA
"dataset","NN","<unknown>",7,"noun","Noun, singular or mass",NA,NA
"Open","NP","Open",4,"name","Proper noun, singular",NA,NA
"Images","NP","<unknown>",6,"name","Proper noun, singular",NA,NA
"is","VBZ","be",2,"verb","Verb, 3rd person singular present of ""to be""",NA,NA
"a","DT","a",1,"determiner","Determiner",NA,NA
"dataset","NN","<unknown>",7,"noun","Noun, singular or mass",NA,NA
"of","IN","of",2,"preposition","Preposition or subordinating conjunction",NA,NA
"million","CD","million",7,"number","Cardinal number",NA,NA
"URLs","NNS","<unknown>",4,"noun","Noun, plural",NA,NA
"to","TO","to",2,"to","to",NA,NA
"images","NNS","image",6,"noun","Noun, plural",NA,NA
"that","WDT","that",4,"determiner","Wh-determiner",NA,NA
"have","VHP","have",4,"verb","Verb, non-3rd person singular present of ""to have""",NA,NA
"been","VBN","be",4,"verb","Verb, past participle of ""to be""",NA,NA
"annotated","VVN","annotate",9,"verb","Verb, past participle",NA,NA
"with","IN","with",4,"preposition","Preposition or subordinating conjunction",NA,NA
"labels","NNS","label",6,"noun","Noun, plural",NA,NA
"spanning","VVG","span",8,"verb","Verb, gerund or present participle",NA,NA
"over","IN","over",4,"preposition","Preposition or subordinating conjunction",NA,NA
"categories","NNS","category",10,"noun","Noun, plural",NA,NA
".","SENT",".",1,"fullstop","Sentence ending punctuation",NA,NA
"The","DT","the",3,"determiner","Determiner",NA,NA
"annotations","NNS","annotation",11,"noun","Noun, plural",NA,NA
"are","VBP","be",3,"verb","Verb, non-3rd person singular present of ""to be""",NA,NA
"licensed","VVN","license",8,"verb","Verb, past participle",NA,NA
"by","IN","by",2,"preposition","Preposition or subordinating conjunction",NA,NA
"Google","NP","<unknown>",6,"name","Proper noun, singular",NA,NA
"Inc","NP","Inc",3,"name","Proper noun, singular",NA,NA
".","SENT",".",1,"fullstop","Sentence ending punctuation",NA,NA
"under","IN","under",5,"preposition","Preposition or subordinating conjunction",NA,NA
"CC","NP","CC",2,"name","Proper noun, singular",NA,NA
"BY","NP","By",2,"name","Proper noun, singular",NA,NA
".","SENT",".",1,"fullstop","Sentence ending punctuation",NA,NA
"The","DT","the",3,"determiner","Determiner",NA,NA
"images","NNS","image",6,"noun","Noun, plural",NA,NA
"are","VBP","be",3,"verb","Verb, non-3rd person singular present of ""to be""",NA,NA
"listed","VVN","list",6,"verb","Verb, past participle",NA,NA
"as","IN","as",2,"preposition","Preposition or subordinating conjunction",NA,NA
"having","VHG","have",6,"verb","Verb, gerund or present participle of ""to have""",NA,NA
"a","DT","a",1,"determiner","Determiner",NA,NA
"CC","NP","CC",2,"name","Proper noun, singular",NA,NA
"BY","NP","By",2,"name","Proper noun, singular",NA,NA
".","SENT",".",1,"fullstop","Sentence ending punctuation",NA,NA
"Goodies","NNS","goody",7,"noun","Noun, plural",NA,NA
"New","NP","New",3,"name","Proper noun, singular",NA,NA
"Pretrained","NP","<unknown>",10,"name","Proper noun, singular",NA,NA
"Inception","NN","inception",9,"noun","Noun, singular or mass",NA,NA
"v","NN","v",1,"noun","Noun, singular or mass",NA,NA
"model","NN","model",5,"noun","Noun, singular or mass",NA,NA
"New","NP","New",3,"name","Proper noun, singular",NA,NA
"OpenImages","NP","<unknown>",10,"name","Proper noun, singular",NA,NA
"annotations","NNS","annotation",11,"noun","Noun, plural",NA,NA
"on","IN","on",2,"preposition","Preposition or subordinating conjunction",NA,NA
"BigQuery","NP","<unknown>",8,"name","Proper noun, singular",NA,NA
"Unofficial","NP","<unknown>",10,"name","Proper noun, singular",NA,NA
"dataset","NN","<unknown>",7,"noun","Noun, singular or mass",NA,NA
"viewer","NN","viewer",6,"noun","Noun, singular or mass",NA,NA
"Download","NP","<unknown>",8,"name","Proper noun, singular",NA,NA
"the","DT","the",3,"determiner","Determiner",NA,NA
"data","NN","data",4,"noun","Noun, singular or mass",NA,NA
"Image","NP","<unknown>",5,"name","Proper noun, singular",NA,NA
"URLs","NP","<unknown>",4,"name","Proper noun, singular",NA,NA
"and","CC","and",3,"conjunction","Coordinating conjunction",NA,NA
"metadata","NP","<unknown>",8,"name","Proper noun, singular",NA,NA
"Machine","NP","Machine",7,"name","Proper noun, singular",NA,NA
"image","NN","image",5,"noun","Noun, singular or mass",NA,NA
"level","NN","level",5,"noun","Noun, singular or mass",NA,NA
"annotations","NNS","annotation",11,"noun","Noun, plural",NA,NA
"train","NN","train",5,"noun","Noun, singular or mass",NA,NA
"and","CC","and",3,"conjunction","Coordinating conjunction",NA,NA
"validation","NN","validation",10,"noun","Noun, singular or mass",NA,NA
"sets","VVZ","set",4,"verb","Verb, 3rd person singular present",NA,NA
"Human","JJ","human",5,"adjective","Adjective",NA,NA
"image","NN","image",5,"noun","Noun, singular or mass",NA,NA
"level","NN","level",5,"noun","Noun, singular or mass",NA,NA
"annotations","NNS","annotation",11,"noun","Noun, plural",NA,NA
"validation","NN","validation",10,"noun","Noun, singular or mass",NA,NA
"set","VVD","set",3,"verb","Verb, past tense",NA,NA
"See","VV","see",3,"verb","Verb, base form",NA,NA
"also","RB","also",4,"adverb","Adverb",NA,NA
"how","WRB","how",3,"adverb","Wh-adverb",NA,NA
"to","TO","to",2,"to","to",NA,NA
"import","VV","import",6,"verb","Verb, base form",NA,NA
"the","DT","the",3,"determiner","Determiner",NA,NA
"annotations","NNS","annotation",11,"noun","Noun, plural",NA,NA
"into","IN","into",4,"preposition","Preposition or subordinating conjunction",NA,NA
"PostgreSQL","NP","<unknown>",10,"name","Proper noun, singular",NA,NA
"Data","NP","Data",4,"name","Proper noun, singular",NA,NA
"organization","NN","organization",12,"noun","Noun, singular or mass",NA,NA
"Each","DT","each",4,"determiner","Determiner",NA,NA
"image","NN","image",5,"noun","Noun, singular or mass",NA,NA
"has","VHZ","have",3,"verb","Verb, 3rd person singular present of ""to have""",NA,NA
"a","DT","a",1,"determiner","Determiner",NA,NA
"unique","JJ","unique",6,"adjective","Adjective",NA,NA
"bit","NN","bit",3,"noun","Noun, singular or mass",NA,NA
"ID","NN","id",2,"noun","Noun, singular or mass",NA,NA
"assigned","VVN","assign",8,"verb","Verb, past participle",NA,NA
".","SENT",".",1,"fullstop","Sentence ending punctuation",NA,NA
"In","IN","in",2,"preposition","Preposition or subordinating conjunction",NA,NA
"the","DT","the",3,"determiner","Determiner",NA,NA
"CSV","NP","<unknown>",3,"name","Proper noun, singular",NA,NA
"files","VVZ","file",5,"verb","Verb, 3rd person singular present",NA,NA
"they","PP","they",4,"pronoun","Personal pronoun",NA,NA
"appear","VVP","appear",6,"verb","Verb, non-3rd person singular present",NA,NA
"as","RB","as",2,"adverb","Adverb",NA,NA
"zero","VV","zero",4,"verb","Verb, base form",NA,NA
"padded","VVN","pad",6,"verb","Verb, past participle",NA,NA
"hex","NN","hex",3,"noun","Noun, singular or mass",NA,NA
"integers","NNS","integer",8,"noun","Noun, plural",NA,NA
",",",",",",1,"comma","Comma",NA,NA
"such","JJ","such",4,"adjective","Adjective",NA,NA
"as","IN","as",2,"preposition","Preposition or subordinating conjunction",NA,NA
"ec","NN","<unknown>",2,"noun","Noun, singular or mass",NA,NA
".","SENT",".",1,"fullstop","Sentence ending punctuation",NA,NA
"The","DT","the",3,"determiner","Determiner",NA,NA
"dataset","NN","<unknown>",7,"noun","Noun, singular or mass",NA,NA
"is","VBZ","be",2,"verb","Verb, 3rd person singular present of ""to be""",NA,NA
"split","VVN","split",5,"verb","Verb, past participle",NA,NA
"into","IN","into",4,"preposition","Preposition or subordinating conjunction",NA,NA
"a","DT","a",1,"determiner","Determiner",NA,NA
"training","NN","training",8,"noun","Noun, singular or mass",NA,NA
"set","NN","set",3,"noun","Noun, singular or mass",NA,NA
"images","NNS","image",6,"noun","Noun, plural",NA,NA
"and","CC","and",3,"conjunction","Coordinating conjunction",NA,NA
"a","DT","a",1,"determiner","Determiner",NA,NA
"validation","NN","validation",10,"noun","Noun, singular or mass",NA,NA
"set","NN","set",3,"noun","Noun, singular or mass",NA,NA
"images","NNS","image",6,"noun","Noun, plural",NA,NA
".","SENT",".",1,"fullstop","Sentence ending punctuation",NA,NA
"Each","DT","each",4,"determiner","Determiner",NA,NA
"image","NN","image",5,"noun","Noun, singular or mass",NA,NA
"has","VHZ","have",3,"verb","Verb, 3rd person singular present of ""to have""",NA,NA
"zero","CD","zero",4,"number","Cardinal number",NA,NA
",",",",",",1,"comma","Comma",NA,NA
"one","CD","one",3,"number","Cardinal number",NA,NA
"or","CC","or",2,"conjunction","Coordinating conjunction",NA,NA
"more","JJR","more",4,"adjective","Adjective, comparative",NA,NA
"image","NN","image",5,"noun","Noun, singular or mass",NA,NA
"level","NN","level",5,"noun","Noun, singular or mass",NA,NA
"labels","NNS","label",6,"noun","Noun, plural",NA,NA
"assigned","VVN","assign",8,"verb","Verb, past participle",NA,NA
".","SENT",".",1,"fullstop","Sentence ending punctuation",NA,NA
"Both","DT","both",4,"determiner","Determiner",NA,NA
"sets","NNS","set",4,"noun","Noun, plural",NA,NA
"have","VHP","have",4,"verb","Verb, non-3rd person singular present of ""to have""",NA,NA
"machine","NN","machine",7,"noun","Noun, singular or mass",NA,NA
"populated","JJ","populated",9,"adjective","Adjective",NA,NA
"annotations","NNS","annotation",11,"noun","Noun, plural",NA,NA
",",",",",",1,"comma","Comma",NA,NA
"while","IN","while",5,"preposition","Preposition or subordinating conjunction",NA,NA
"the","DT","the",3,"determiner","Determiner",NA,NA
"validation","NN","validation",10,"noun","Noun, singular or mass",NA,NA
"set","NN","set",3,"noun","Noun, singular or mass",NA,NA
"also","RB","also",4,"adverb","Adverb",NA,NA
"has","VHZ","have",3,"verb","Verb, 3rd person singular present of ""to have""",NA,NA
"human","JJ","human",5,"adjective","Adjective",NA,NA
"annotations","NNS","annotation",11,"noun","Noun, plural",NA,NA
".","SENT",".",1,"fullstop","Sentence ending punctuation",NA,NA
"The","DT","the",3,"determiner","Determiner",NA,NA
"raters","NNS","rater",6,"noun","Noun, plural",NA,NA
"have","VHP","have",4,"verb","Verb, non-3rd person singular present of ""to have""",NA,NA
"been","VBN","be",4,"verb","Verb, past participle of ""to be""",NA,NA
"asked","VVN","ask",5,"verb","Verb, past participle",NA,NA
"to","TO","to",2,"to","to",NA,NA
"validate","VV","validate",8,"verb","Verb, base form",NA,NA
"the","DT","the",3,"determiner","Determiner",NA,NA
"machine","NN","machine",7,"noun","Noun, singular or mass",NA,NA
"annotations","NNS","annotation",11,"noun","Noun, plural",NA,NA
",",",",",",1,"comma","Comma",NA,NA
"which","WDT","which",5,"determiner","Wh-determiner",NA,NA
"allowed","VVD","allow",7,"verb","Verb, past tense",NA,NA
"to","TO","to",2,"to","to",NA,NA
"practically","RB","practically",11,"adverb","Adverb",NA,NA
"eliminate","VV","eliminate",9,"verb","Verb, base form",NA,NA
"false","JJ","false",5,"adjective","Adjective",NA,NA
"positive","NN","positive",8,"noun","Noun, singular or mass",NA,NA
"from","IN","from",4,"preposition","Preposition or subordinating conjunction",NA,NA
"the","DT","the",3,"determiner","Determiner",NA,NA
"validation","NN","validation",10,"noun","Noun, singular or mass",NA,NA
"set","NN","set",3,"noun","Noun, singular or mass",NA,NA
"but","CC","but",3,"conjunction","Coordinating conjunction",NA,NA
"not","RB","not",3,"adverb","Adverb",NA,NA
"false","JJ","false",5,"adjective","Adjective",NA,NA
"negatives","NNS","negative",9,"noun","Noun, plural",NA,NA
".","SENT",".",1,"fullstop","Sentence ending punctuation",NA,NA
"Labels","NNS","label",6,"noun","Noun, plural",NA,NA
"are","VBP","be",3,"verb","Verb, non-3rd person singular present of ""to be""",NA,NA
"so","RB","so",2,"adverb","Adverb",NA,NA
"called","VVN","call",6,"verb","Verb, past participle",NA,NA
"mids","NNS","mid",4,"noun","Noun, plural",NA,NA
"as","RB","as",2,"adverb","Adverb",NA,NA
"can","MD","can",3,"modal","Modal",NA,NA
"be","VB","be",2,"verb","Verb, base form of ""to be""",NA,NA
"found","VVN","find",5,"verb","Verb, past participle",NA,NA
"in","IN","in",2,"preposition","Preposition or subordinating conjunction",NA,NA
"Freebase","NP","<unknown>",8,"name","Proper noun, singular",NA,NA
"Each","DT","each",4,"determiner","Determiner",NA,NA
"annotation","NN","annotation",10,"noun","Noun, singular or mass",NA,NA
"has","VHZ","have",3,"verb","Verb, 3rd person singular present of ""to have""",NA,NA
"a","DT","a",1,"determiner","Determiner",NA,NA
"confidence","NN","confidence",10,"noun","Noun, singular or mass",NA,NA
"number","NN","number",6,"noun","Noun, singular or mass",NA,NA
"from","IN","from",4,"preposition","Preposition or subordinating conjunction",NA,NA
".","SENT",".",1,"fullstop","Sentence ending punctuation",NA,NA
"to","TO","to",2,"to","to",NA,NA
".","SENT",".",1,"fullstop","Sentence ending punctuation",NA,NA
"assigned","VVN","assign",8,"verb","Verb, past participle",NA,NA
".","SENT",".",1,"fullstop","Sentence ending punctuation",NA,NA
"The","DT","the",3,"determiner","Determiner",NA,NA
"human","JJ","human",5,"adjective","Adjective",NA,NA
"annotations","NNS","annotation",11,"noun","Noun, plural",NA,NA
"are","VBP","be",3,"verb","Verb, non-3rd person singular present of ""to be""",NA,NA
"definite","JJ","definite",8,"adjective","Adjective",NA,NA
"either","CC","either",6,"conjunction","Coordinating conjunction",NA,NA
"positive","JJ","positive",8,"adjective","Adjective",NA,NA
",",",",",",1,"comma","Comma",NA,NA
".","SENT",".",1,"fullstop","Sentence ending punctuation",NA,NA
"or","CC","or",2,"conjunction","Coordinating conjunction",NA,NA
"negative","JJ","negative",8,"adjective","Adjective",NA,NA
",",",",",",1,"comma","Comma",NA,NA
".","SENT",".",1,"fullstop","Sentence ending punctuation",NA,NA
",",",",",",1,"comma","Comma",NA,NA
"while","IN","while",5,"preposition","Preposition or subordinating conjunction",NA,NA
"machine","NN","machine",7,"noun","Noun, singular or mass",NA,NA
"annotations","NNS","annotation",11,"noun","Noun, plural",NA,NA
"have","VHP","have",4,"verb","Verb, non-3rd person singular present of ""to have""",NA,NA
"fractional","JJ","fractional",10,"adjective","Adjective",NA,NA
"confidences","NNS","confidence",11,"noun","Noun, plural",NA,NA
",",",",",",1,"comma","Comma",NA,NA
"generally","RB","generally",9,"adverb","Adverb",NA,NA
",",",",",",1,"comma","Comma",NA,NA
"..",":","...",2,"punctuation","Punctuation",NA,NA
"The","DT","the",3,"determiner","Determiner",NA,NA
"higher","JJR","high",6,"adjective","Adjective, comparative",NA,NA
"confidence","NN","confidence",10,"noun","Noun, singular or mass",NA,NA
",",",",",",1,"comma","Comma",NA,NA
"the","DT","the",3,"determiner","Determiner",NA,NA
"smaller","JJR","small",7,"adjective","Adjective, comparative",NA,NA
"chance","NN","chance",6,"noun","Noun, singular or mass",NA,NA
"for","IN","for",3,"preposition","Preposition or subordinating conjunction",NA,NA
"the","DT","the",3,"determiner","Determiner",NA,NA
"label","NN","label",5,"noun","Noun, singular or mass",NA,NA
"to","TO","to",2,"to","to",NA,NA
"be","VB","be",2,"verb","Verb, base form of ""to be""",NA,NA
"a","DT","a",1,"determiner","Determiner",NA,NA
"false","JJ","false",5,"adjective","Adjective",NA,NA
"positive","NN","positive",8,"noun","Noun, singular or mass",NA,NA
".","SENT",".",1,"fullstop","Sentence ending punctuation",NA,NA
"The","DT","the",3,"determiner","Determiner",NA,NA
"data","NNS","datum",4,"noun","Noun, plural",NA,NA
"tarballs","NNS","<unknown>",8,"noun","Noun, plural",NA,NA
"contain","VVP","contain",7,"verb","Verb, non-3rd person singular present",NA,NA
"CSV","NP","<unknown>",3,"name","Proper noun, singular",NA,NA
"files","NNS","file",5,"noun","Noun, plural",NA,NA
"of","IN","of",2,"preposition","Preposition or subordinating conjunction",NA,NA
"two","CD","two",3,"number","Cardinal number",NA,NA
"types","NNS","type",5,"noun","Noun, plural",NA,NA
":","SENT",":",1,"fullstop","Sentence ending punctuation",NA,NA
"images","NNS","image",6,"noun","Noun, plural",NA,NA
".","SENT",".",1,"fullstop","Sentence ending punctuation",NA,NA
"csv","NP","<unknown>",3,"name","Proper noun, singular",NA,NA
"There","RB","there",5,"adverb","Adverb",NA,NA
"s","VVZ","<unknown>",1,"verb","Verb, 3rd person singular present",NA,NA
"one","CD","one",3,"number","Cardinal number",NA,NA
"such","JJ","such",4,"adjective","Adjective",NA,NA
"file","NN","file",4,"noun","Noun, singular or mass",NA,NA
"for","IN","for",3,"preposition","Preposition or subordinating conjunction",NA,NA
"each","DT","each",4,"determiner","Determiner",NA,NA
"subset","NN","subset",6,"noun","Noun, singular or mass",NA,NA
"inside","IN","inside",6,"preposition","Preposition or subordinating conjunction",NA,NA
"train","NN","train",5,"noun","Noun, singular or mass",NA,NA
"and","CC","and",3,"conjunction","Coordinating conjunction",NA,NA
"validation","NN","validation",10,"noun","Noun, singular or mass",NA,NA
"subdirectories","NNS","<unknown>",14,"noun","Noun, plural",NA,NA
".","SENT",".",1,"fullstop","Sentence ending punctuation",NA,NA
"It","PP","it",2,"pronoun","Personal pronoun",NA,NA
"has","VHZ","have",3,"verb","Verb, 3rd person singular present of ""to have""",NA,NA
"image","NN","image",5,"noun","Noun, singular or mass",NA,NA
"URLs","NNS","<unknown>",4,"noun","Noun, plural",NA,NA
",",",",",",1,"comma","Comma",NA,NA
"their","PP$","their",5,"pronoun","Possessive pronoun",NA,NA
"OpenImages","NP","<unknown>",10,"name","Proper noun, singular",NA,NA
"IDs","NNS","id",3,"noun","Noun, plural",NA,NA
",",",",",",1,"comma","Comma",NA,NA
"titles","NNS","title",6,"noun","Noun, plural",NA,NA
",",",",",",1,"comma","Comma",NA,NA
"authors","NNS","author",7,"noun","Noun, plural",NA,NA
"and","CC","and",3,"conjunction","Coordinating conjunction",NA,NA
"license","NN","license",7,"noun","Noun, singular or mass",NA,NA
"information","NN","information",11,"noun","Noun, singular or mass",NA,NA
":","SENT",":",1,"fullstop","Sentence ending punctuation",NA,NA
"ImageID","NP","<unknown>",7,"name","Proper noun, singular",NA,NA
",",",",",",1,"comma","Comma",NA,NA
"Subset","NP","<unknown>",6,"name","Proper noun, singular",NA,NA
",",",",",",1,"comma","Comma",NA,NA
"OriginalURL","NN","<unknown>",11,"noun","Noun, singular or mass",NA,NA
",",",",",",1,"comma","Comma",NA,NA
"OriginalLandingURL","NN","<unknown>",18,"noun","Noun, singular or mass",NA,NA
",",",",",",1,"comma","Comma",NA,NA
"License","NP","License",7,"name","Proper noun, singular",NA,NA
",",",",",",1,"comma","Comma",NA,NA
"AuthorProfileURL","NP","<unknown>",16,"name","Proper noun, singular",NA,NA
",",",",",",1,"comma","Comma",NA,NA
"Author","NP","<unknown>",6,"name","Proper noun, singular",NA,NA
",",",",",",1,"comma","Comma",NA,NA
"Title","NP","Title",5,"name","Proper noun, singular",NA,NA
",",",",",",1,"comma","Comma",NA,NA
"OriginalSize","NN","<unknown>",12,"noun","Noun, singular or mass",NA,NA
",",",",",",1,"comma","Comma",NA,NA
"OriginalMD","NN","<unknown>",10,"noun","Noun, singular or mass",NA,NA
",",",",",",1,"comma","Comma",NA,NA
"ThumbnailKURL","NP","<unknown>",13,"name","Proper noun, singular",NA,NA
"...",":","...",3,"punctuation","Punctuation",NA,NA
"ec","NP","<unknown>",2,"name","Proper noun, singular",NA,NA
",",",",",",1,"comma","Comma",NA,NA
"train","NN","train",5,"noun","Noun, singular or mass",NA,NA
",",",",",",1,"comma","Comma",NA,NA
",",",",",",1,"comma","Comma",NA,NA
"Sad","NP","Sad",3,"name","Proper noun, singular",NA,NA
"xMjttXMUmeEJA","NP","<unknown>",13,"name","Proper noun, singular",NA,NA
",",",",",",1,"comma","Comma",NA,NA
"The","DT","the",3,"determiner","Determiner",NA,NA
"data","NN","data",4,"noun","Noun, singular or mass",NA,NA
"is","VBZ","be",2,"verb","Verb, 3rd person singular present of ""to be""",NA,NA
"as","IN","as",2,"preposition","Preposition or subordinating conjunction",NA,NA
"it","PP","it",2,"pronoun","Personal pronoun",NA,NA
"appears","VVZ","appear",7,"verb","Verb, 3rd person singular present",NA,NA
"on","IN","on",2,"preposition","Preposition or subordinating conjunction",NA,NA
"the","DT","the",3,"determiner","Determiner",NA,NA
"destination","NN","destination",11,"noun","Noun, singular or mass",NA,NA
"websites","NNS","<unknown>",8,"noun","Noun, plural",NA,NA
".","SENT",".",1,"fullstop","Sentence ending punctuation",NA,NA
"OriginalSize","NN","<unknown>",12,"noun","Noun, singular or mass",NA,NA
"is","VBZ","be",2,"verb","Verb, 3rd person singular present of ""to be""",NA,NA
"the","DT","the",3,"determiner","Determiner",NA,NA
"download","NN","<unknown>",8,"noun","Noun, singular or mass",NA,NA
"size","NN","size",4,"noun","Noun, singular or mass",NA,NA
"of","IN","of",2,"preposition","Preposition or subordinating conjunction",NA,NA
"the","DT","the",3,"determiner","Determiner",NA,NA
"original","JJ","original",8,"adjective","Adjective",NA,NA
"image","NN","image",5,"noun","Noun, singular or mass",NA,NA
".","SENT",".",1,"fullstop","Sentence ending punctuation",NA,NA
"OriginalMD","NN","<unknown>",10,"noun","Noun, singular or mass",NA,NA
"is","VBZ","be",2,"verb","Verb, 3rd person singular present of ""to be""",NA,NA
"base","NN","base",4,"noun","Noun, singular or mass",NA,NA
"encoded","VVN","encode",7,"verb","Verb, past participle",NA,NA
"binary","JJ","binary",6,"adjective","Adjective",NA,NA
"MD","NN","<unknown>",2,"noun","Noun, singular or mass",NA,NA
",",",",",",1,"comma","Comma",NA,NA
"as","RB","as",2,"adverb","Adverb",NA,NA
"described","VVD","describe",9,"verb","Verb, past tense",NA,NA
"here","RB","here",4,"adverb","Adverb",NA,NA
"ThumbnailKURL","NP","<unknown>",13,"name","Proper noun, singular",NA,NA
"is","VBZ","be",2,"verb","Verb, 3rd person singular present of ""to be""",NA,NA
"an","DT","an",2,"determiner","Determiner",NA,NA
"optional","JJ","optional",8,"adjective","Adjective",NA,NA
"URL","NN","<unknown>",3,"noun","Noun, singular or mass",NA,NA
"to","TO","to",2,"to","to",NA,NA
"a","DT","a",1,"determiner","Determiner",NA,NA
"thumbnail","NN","thumbnail",9,"noun","Noun, singular or mass",NA,NA
"with","IN","with",4,"preposition","Preposition or subordinating conjunction",NA,NA
"K","NP","K",1,"name","Proper noun, singular",NA,NA
"pixels","NNS","pixel",6,"noun","Noun, plural",NA,NA
"x","NN","x",1,"noun","Noun, singular or mass",NA,NA
".","SENT",".",1,"fullstop","Sentence ending punctuation",NA,NA
"It","PP","it",2,"pronoun","Personal pronoun",NA,NA
"s","RB","<unknown>",1,"adverb","Adverb",NA,NA
"provided","VVD","provide",8,"verb","Verb, past tense",NA,NA
"for","IN","for",3,"preposition","Preposition or subordinating conjunction",NA,NA
"the","DT","the",3,"determiner","Determiner",NA,NA
"convenience","NN","convenience",11,"noun","Noun, singular or mass",NA,NA
"of","IN","of",2,"preposition","Preposition or subordinating conjunction",NA,NA
"downloading","VVG","<unknown>",11,"verb","Verb, gerund or present participle",NA,NA
"the","DT","the",3,"determiner","Determiner",NA,NA
"data","NNS","datum",4,"noun","Noun, plural",NA,NA
"in","IN","in",2,"preposition","Preposition or subordinating conjunction",NA,NA
"the","DT","the",3,"determiner","Determiner",NA,NA
"absence","NN","absence",7,"noun","Noun, singular or mass",NA,NA
"of","IN","of",2,"preposition","Preposition or subordinating conjunction",NA,NA
"more","JJR","more",4,"adjective","Adjective, comparative",NA,NA
"convenient","JJ","convenient",10,"adjective","Adjective",NA,NA
"ways","NNS","way",4,"noun","Noun, plural",NA,NA
"to","TO","to",2,"to","to",NA,NA
"get","VV","get",3,"verb","Verb, base form",NA,NA
"the","DT","the",3,"determiner","Determiner",NA,NA
"images","NNS","image",6,"noun","Noun, plural",NA,NA
".","SENT",".",1,"fullstop","Sentence ending punctuation",NA,NA
"If","IN","if",2,"preposition","Preposition or subordinating conjunction",NA,NA
"missing","VVG","miss",7,"verb","Verb, gerund or present participle",NA,NA
",",",",",",1,"comma","Comma",NA,NA
"the","DT","the",3,"determiner","Determiner",NA,NA
"OriginalURL","NN","<unknown>",11,"noun","Noun, singular or mass",NA,NA
"must","MD","must",4,"modal","Modal",NA,NA
"be","VB","be",2,"verb","Verb, base form of ""to be""",NA,NA
"used","VVN","use",4,"verb","Verb, past participle",NA,NA
"and","CC","and",3,"conjunction","Coordinating conjunction",NA,NA
"then","RB","then",4,"adverb","Adverb",NA,NA
"resized","VVN","resize",7,"verb","Verb, past participle",NA,NA
"to","TO","to",2,"to","to",NA,NA
"the","DT","the",3,"determiner","Determiner",NA,NA
"same","JJ","same",4,"adjective","Adjective",NA,NA
"size","NN","size",4,"noun","Noun, singular or mass",NA,NA
",",",",",",1,"comma","Comma",NA,NA
"if","IN","if",2,"preposition","Preposition or subordinating conjunction",NA,NA
"needed","VVN","need",6,"verb","Verb, past participle",NA,NA
".","SENT",".",1,"fullstop","Sentence ending punctuation",NA,NA
"Beware","VV","beware",6,"verb","Verb, base form",NA,NA
":","SENT",":",1,"fullstop","Sentence ending punctuation",NA,NA
"these","DT","these",5,"determiner","Determiner",NA,NA
"thumbnails","NNS","thumbnail",10,"noun","Noun, plural",NA,NA
"are","VBP","be",3,"verb","Verb, non-3rd person singular present of ""to be""",NA,NA
"generated","VVN","generate",9,"verb","Verb, past participle",NA,NA
"on","IN","on",2,"preposition","Preposition or subordinating conjunction",NA,NA
"the","DT","the",3,"determiner","Determiner",NA,NA
"fly","NN","fly",3,"noun","Noun, singular or mass",NA,NA
"and","CC","and",3,"conjunction","Coordinating conjunction",NA,NA
"their","PP$","their",5,"pronoun","Possessive pronoun",NA,NA
"contents","NNS","content",8,"noun","Noun, plural",NA,NA
"and","CC","and",3,"conjunction","Coordinating conjunction",NA,NA
"even","RB","even",4,"adverb","Adverb",NA,NA
"resolution","NN","resolution",10,"noun","Noun, singular or mass",NA,NA
"might","MD","might",5,"modal","Modal",NA,NA
"be","VB","be",2,"verb","Verb, base form of ""to be""",NA,NA
"different","JJ","different",9,"adjective","Adjective",NA,NA
"every","DT","every",5,"determiner","Determiner",NA,NA
"day","NN","day",3,"noun","Noun, singular or mass",NA,NA
".","SENT",".",1,"fullstop","Sentence ending punctuation",NA,NA
"labels","NNS","label",6,"noun","Noun, plural",NA,NA
".","SENT",".",1,"fullstop","Sentence ending punctuation",NA,NA
"csv","NP","<unknown>",3,"name","Proper noun, singular",NA,NA
"The","NP","The",3,"name","Proper noun, singular",NA,NA
"CSVs","NP","<unknown>",4,"name","Proper noun, singular",NA,NA
"of","IN","of",2,"preposition","Preposition or subordinating conjunction",NA,NA
"this","DT","this",4,"determiner","Determiner",NA,NA
"type","NN","type",4,"noun","Noun, singular or mass",NA,NA
"attach","VV","attach",6,"verb","Verb, base form",NA,NA
"labels","NNS","label",6,"noun","Noun, plural",NA,NA
"to","TO","to",2,"to","to",NA,NA
"image","NN","image",5,"noun","Noun, singular or mass",NA,NA
"IDs","NNS","id",3,"noun","Noun, plural",NA,NA
":","SENT",":",1,"fullstop","Sentence ending punctuation",NA,NA
"ImageID","NP","<unknown>",7,"name","Proper noun, singular",NA,NA
",",",",",",1,"comma","Comma",NA,NA
"Source","NN","source",6,"noun","Noun, singular or mass",NA,NA
",",",",",",1,"comma","Comma",NA,NA
"LabelName","NP","<unknown>",9,"name","Proper noun, singular",NA,NA
",",",",",",1,"comma","Comma",NA,NA
"Confidence","NP","Confidence",10,"name","Proper noun, singular",NA,NA
"...",":","...",3,"punctuation","Punctuation",NA,NA
"ec","NP","<unknown>",2,"name","Proper noun, singular",NA,NA
",",",",",",1,"comma","Comma",NA,NA
"machine","NN","machine",7,"noun","Noun, singular or mass",NA,NA
",",",",",",1,"comma","Comma",NA,NA
"m","NN","m",1,"noun","Noun, singular or mass",NA,NA
"ht","NNS","<unknown>",2,"noun","Noun, plural",NA,NA
",",",",",",1,"comma","Comma",NA,NA
".","SENT",".",1,"fullstop","Sentence ending punctuation",NA,NA
"ec","NP","<unknown>",2,"name","Proper noun, singular",NA,NA
",",",",",",1,"comma","Comma",NA,NA
"machine","NN","machine",7,"noun","Noun, singular or mass",NA,NA
",",",",",",1,"comma","Comma",NA,NA
"m","NN","m",1,"noun","Noun, singular or mass",NA,NA
"wrt","NN","<unknown>",3,"noun","Noun, singular or mass",NA,NA
",",",",",",1,"comma","Comma",NA,NA
".","SENT",".",1,"fullstop","Sentence ending punctuation",NA,NA
"ec","NP","<unknown>",2,"name","Proper noun, singular",NA,NA
",",",",",",1,"comma","Comma",NA,NA
"machine","NN","machine",7,"noun","Noun, singular or mass",NA,NA
",",",",",",1,"comma","Comma",NA,NA
"m","NN","m",1,"noun","Noun, singular or mass",NA,NA
"lmw","NNS","<unknown>",3,"noun","Noun, plural",NA,NA
",",",",",",1,"comma","Comma",NA,NA
".","SENT",".",1,"fullstop","Sentence ending punctuation",NA,NA
"ec","NP","<unknown>",2,"name","Proper noun, singular",NA,NA
",",",",",",1,"comma","Comma",NA,NA
"machine","NN","machine",7,"noun","Noun, singular or mass",NA,NA
",",",",",",1,"comma","Comma",NA,NA
"m","NN","m",1,"noun","Noun, singular or mass",NA,NA
"dwd","NNS","<unknown>",3,"noun","Noun, plural",NA,NA
",",",",",",1,"comma","Comma",NA,NA
".","SENT",".",1,"fullstop","Sentence ending punctuation",NA,NA
"ec","NP","<unknown>",2,"name","Proper noun, singular",NA,NA
",",",",",",1,"comma","Comma",NA,NA
"machine","NN","machine",7,"noun","Noun, singular or mass",NA,NA
",",",",",",1,"comma","Comma",NA,NA
"m","NN","m",1,"noun","Noun, singular or mass",NA,NA
"nxtz","NN","<unknown>",4,"noun","Noun, singular or mass",NA,NA
",",",",",",1,"comma","Comma",NA,NA
".","SENT",".",1,"fullstop","Sentence ending punctuation",NA,NA
"ec","NP","<unknown>",2,"name","Proper noun, singular",NA,NA
",",",",",",1,"comma","Comma",NA,NA
"machine","NN","machine",7,"noun","Noun, singular or mass",NA,NA
",",",",",",1,"comma","Comma",NA,NA
"m","NN","m",1,"noun","Noun, singular or mass",NA,NA
"r","NN","r",1,"noun","Noun, singular or mass",NA,NA
",",",",",",1,"comma","Comma",NA,NA
".","SENT",".",1,"fullstop","Sentence ending punctuation",NA,NA
"ec","NP","<unknown>",2,"name","Proper noun, singular",NA,NA
",",",",",",1,"comma","Comma",NA,NA
"machine","NN","machine",7,"noun","Noun, singular or mass",NA,NA
",",",",",",1,"comma","Comma",NA,NA
"m","NN","m",1,"noun","Noun, singular or mass",NA,NA
"g","NN","g",1,"noun","Noun, singular or mass",NA,NA
",",",",",",1,"comma","Comma",NA,NA
".","SENT",".",1,"fullstop","Sentence ending punctuation",NA,NA
"ec","NP","<unknown>",2,"name","Proper noun, singular",NA,NA
",",",",",",1,"comma","Comma",NA,NA
"machine","NN","machine",7,"noun","Noun, singular or mass",NA,NA
",",",",",",1,"comma","Comma",NA,NA
"m","NN","m",1,"noun","Noun, singular or mass",NA,NA
"l","NN","l",1,"noun","Noun, singular or mass",NA,NA
",",",",",",1,"comma","Comma",NA,NA
".","SENT",".",1,"fullstop","Sentence ending punctuation",NA,NA
"ec","NP","<unknown>",2,"name","Proper noun, singular",NA,NA
",",",",",",1,"comma","Comma",NA,NA
"machine","NN","machine",7,"noun","Noun, singular or mass",NA,NA
",",",",",",1,"comma","Comma",NA,NA
"m","NN","m",1,"noun","Noun, singular or mass",NA,NA
"rfdq","NNS","<unknown>",4,"noun","Noun, plural",NA,NA
",",",",",",1,"comma","Comma",NA,NA
".","SENT",".",1,"fullstop","Sentence ending punctuation",NA,NA
"ec","NP","<unknown>",2,"name","Proper noun, singular",NA,NA
",",",",",",1,"comma","Comma",NA,NA
"machine","NN","machine",7,"noun","Noun, singular or mass",NA,NA
",",",",",",1,"comma","Comma",NA,NA
"m","NN","m",1,"noun","Noun, singular or mass",NA,NA
"t","NN","t",1,"noun","Noun, singular or mass",NA,NA
",",",",",",1,"comma","Comma",NA,NA
".","SENT",".",1,"fullstop","Sentence ending punctuation",NA,NA
"ec","NP","<unknown>",2,"name","Proper noun, singular",NA,NA
",",",",",",1,"comma","Comma",NA,NA
"machine","NN","machine",7,"noun","Noun, singular or mass",NA,NA
",",",",",",1,"comma","Comma",NA,NA
"m","NN","m",1,"noun","Noun, singular or mass",NA,NA
"ftq","NNS","<unknown>",3,"noun","Noun, plural",NA,NA
",",",",",",1,"comma","Comma",NA,NA
".","SENT",".",1,"fullstop","Sentence ending punctuation",NA,NA
"ec","NP","<unknown>",2,"name","Proper noun, singular",NA,NA
",",",",",",1,"comma","Comma",NA,NA
"machine","NN","machine",7,"noun","Noun, singular or mass",NA,NA
",",",",",",1,"comma","Comma",NA,NA
"m","NN","m",1,"noun","Noun, singular or mass",NA,NA
"s","NNS","<unknown>",1,"noun","Noun, plural",NA,NA
",",",",",",1,"comma","Comma",NA,NA
".","SENT",".",1,"fullstop","Sentence ending punctuation",NA,NA
"ec","NP","<unknown>",2,"name","Proper noun, singular",NA,NA
",",",",",",1,"comma","Comma",NA,NA
"machine","NN","machine",7,"noun","Noun, singular or mass",NA,NA
",",",",",",1,"comma","Comma",NA,NA
"m","NN","m",1,"noun","Noun, singular or mass",NA,NA
"nblt","NN","<unknown>",4,"noun","Noun, singular or mass",NA,NA
",",",",",",1,"comma","Comma",NA,NA
".","SENT",".",1,"fullstop","Sentence ending punctuation",NA,NA
"...",":","...",3,"punctuation","Punctuation",NA,NA
"These","DT","these",5,"determiner","Determiner",NA,NA
"can","MD","can",3,"modal","Modal",NA,NA
"be","VB","be",2,"verb","Verb, base form of ""to be""",NA,NA
"converted","VVN","convert",9,"verb","Verb, past participle",NA,NA
"to","TO","to",2,"to","to",NA,NA
"their","PP$","their",5,"pronoun","Possessive pronoun",NA,NA
"short","JJ","short",5,"adjective","Adjective",NA,NA
"descriptions","NNS","description",12,"noun","Noun, plural",NA,NA
"by","IN","by",2,"preposition","Preposition or subordinating conjunction",NA,NA
"looking","VVG","look",7,"verb","Verb, gerund or present participle",NA,NA
"into","IN","into",4,"preposition","Preposition or subordinating conjunction",NA,NA
"dict","NN","<unknown>",4,"noun","Noun, singular or mass",NA,NA
".","SENT",".",1,"fullstop","Sentence ending punctuation",NA,NA
"csv","NN","<unknown>",3,"noun","Noun, singular or mass",NA,NA
":","SENT",":",1,"fullstop","Sentence ending punctuation",NA,NA
"m","NN","m",1,"noun","Noun, singular or mass",NA,NA
"wrt","NN","<unknown>",3,"noun","Noun, singular or mass",NA,NA
",",",",",",1,"comma","Comma",NA,NA
"property","NN","property",8,"noun","Noun, singular or mass",NA,NA
"m","NN","m",1,"noun","Noun, singular or mass",NA,NA
"ht","NNS","<unknown>",2,"noun","Noun, plural",NA,NA
",",",",",",1,"comma","Comma",NA,NA
"room","NN","room",4,"noun","Noun, singular or mass",NA,NA
"m","NN","m",1,"noun","Noun, singular or mass",NA,NA
"lmw","NNS","<unknown>",3,"noun","Noun, plural",NA,NA
",",",",",",1,"comma","Comma",NA,NA
"home","NN","home",4,"noun","Noun, singular or mass",NA,NA
"m","NN","m",1,"noun","Noun, singular or mass",NA,NA
"dwd","NNS","<unknown>",3,"noun","Noun, plural",NA,NA
",",",",",",1,"comma","Comma",NA,NA
"dining","VVG","dine",6,"verb","Verb, gerund or present participle",NA,NA
"room","NN","room",4,"noun","Noun, singular or mass",NA,NA
"m","NN","m",1,"noun","Noun, singular or mass",NA,NA
"nxtz","NN","<unknown>",4,"noun","Noun, singular or mass",NA,NA
",",",",",",1,"comma","Comma",NA,NA
"cottage","NN","cottage",7,"noun","Noun, singular or mass",NA,NA
"m","NN","m",1,"noun","Noun, singular or mass",NA,NA
"g","NN","g",1,"noun","Noun, singular or mass",NA,NA
",",",",",",1,"comma","Comma",NA,NA
"hardwood","NN","hardwood",8,"noun","Noun, singular or mass",NA,NA
"m","NN","m",1,"noun","Noun, singular or mass",NA,NA
"r","NN","r",1,"noun","Noun, singular or mass",NA,NA
",",",",",",1,"comma","Comma",NA,NA
"real","JJ","real",4,"adjective","Adjective",NA,NA
"estate","NN","estate",6,"noun","Noun, singular or mass",NA,NA
"m","NN","m",1,"noun","Noun, singular or mass",NA,NA
"t","NN","t",1,"noun","Noun, singular or mass",NA,NA
",",",",",",1,"comma","Comma",NA,NA
"estate","NN","estate",6,"noun","Noun, singular or mass",NA,NA
"m","NN","m",1,"noun","Noun, singular or mass",NA,NA
"ftq","NP","<unknown>",3,"name","Proper noun, singular",NA,NA
",",",",",",1,"comma","Comma",NA,NA
"living","VVG","live",6,"verb","Verb, gerund or present participle",NA,NA
"room","NN","room",4,"noun","Noun, singular or mass",NA,NA
"m","NN","m",1,"noun","Noun, singular or mass",NA,NA
"l","NN","l",1,"noun","Noun, singular or mass",NA,NA
",",",",",",1,"comma","Comma",NA,NA
"floor","NN","floor",5,"noun","Noun, singular or mass",NA,NA
"m","NN","m",1,"noun","Noun, singular or mass",NA,NA
"nblt","NN","<unknown>",4,"noun","Noun, singular or mass",NA,NA
",",",",",",1,"comma","Comma",NA,NA
"apartment","NN","apartment",9,"noun","Noun, singular or mass",NA,NA
"m","NN","m",1,"noun","Noun, singular or mass",NA,NA
"s","NNS","<unknown>",1,"noun","Noun, plural",NA,NA
",",",",",",1,"comma","Comma",NA,NA
"cabinetry","NN","cabinetry",9,"noun","Noun, singular or mass",NA,NA
"Stats","NNS","Stat",5,"noun","Noun, plural",NA,NA
"and","CC","and",3,"conjunction","Coordinating conjunction",NA,NA
"data","NNS","datum",4,"noun","Noun, plural",NA,NA
"quality","NN","quality",7,"noun","Noun, singular or mass",NA,NA
"The","DT","the",3,"determiner","Determiner",NA,NA
"distribution","NN","distribution",12,"noun","Noun, singular or mass",NA,NA
"of","IN","of",2,"preposition","Preposition or subordinating conjunction",NA,NA
"labels","NNS","label",6,"noun","Noun, plural",NA,NA
"across","IN","across",6,"preposition","Preposition or subordinating conjunction",NA,NA
"the","DT","the",3,"determiner","Determiner",NA,NA
"images","NNS","image",6,"noun","Noun, plural",NA,NA
"is","VBZ","be",2,"verb","Verb, 3rd person singular present of ""to be""",NA,NA
"highly","RB","highly",6,"adverb","Adverb",NA,NA
"uneven","JJ","uneven",6,"adjective","Adjective",NA,NA
"with","IN","with",4,"preposition","Preposition or subordinating conjunction",NA,NA
"some","DT","some",4,"determiner","Determiner",NA,NA
"labels","NNS","label",6,"noun","Noun, plural",NA,NA
"attached","VVN","attach",8,"verb","Verb, past participle",NA,NA
"to","TO","to",2,"to","to",NA,NA
"more","JJR","more",4,"adjective","Adjective, comparative",NA,NA
"than","IN","than",4,"preposition","Preposition or subordinating conjunction",NA,NA
"a","DT","a",1,"determiner","Determiner",NA,NA
"million","CD","million",7,"number","Cardinal number",NA,NA
"images","NNS","image",6,"noun","Noun, plural",NA,NA
",",",",",",1,"comma","Comma",NA,NA
"while","IN","while",5,"preposition","Preposition or subordinating conjunction",NA,NA
"others","NNS","other",6,"noun","Noun, plural",NA,NA
"to","TO","to",2,"to","to",NA,NA
"less","JJR","less",4,"adjective","Adjective, comparative",NA,NA
"than","IN","than",4,"preposition","Preposition or subordinating conjunction",NA,NA
":","SENT",":",1,"fullstop","Sentence ending punctuation",NA,NA
"Label","NN","label",5,"noun","Noun, singular or mass",NA,NA
"frequencies","NNS","frequency",11,"noun","Noun, plural",NA,NA
"Total","JJ","total",5,"adjective","Adjective",NA,NA
"assets","NNS","asset",6,"noun","Noun, plural",NA,NA
"label","VVP","label",5,"verb","Verb, non-3rd person singular present",NA,NA
"frequencies","NNS","frequency",11,"noun","Noun, plural",NA,NA
"total","JJ","total",5,"adjective","Adjective",NA,NA
".","SENT",".",1,"fullstop","Sentence ending punctuation",NA,NA
"png","NP","Png",3,"name","Proper noun, singular",NA,NA
"Label","NP","<unknown>",5,"name","Proper noun, singular",NA,NA
"frequencies","NNS","frequency",11,"noun","Noun, plural",NA,NA
"Training","NP","Training",8,"name","Proper noun, singular",NA,NA
"set","VVD","set",3,"verb","Verb, past tense",NA,NA
"assets","NNS","asset",6,"noun","Noun, plural",NA,NA
"label","VV","label",5,"verb","Verb, base form",NA,NA
"frequencies","NNS","frequency",11,"noun","Noun, plural",NA,NA
"training","NN","training",8,"noun","Noun, singular or mass",NA,NA
"set","VVD","set",3,"verb","Verb, past tense",NA,NA
".","SENT",".",1,"fullstop","Sentence ending punctuation",NA,NA
"png","NN","<unknown>",3,"noun","Noun, singular or mass",NA,NA
"While","IN","while",5,"preposition","Preposition or subordinating conjunction",NA,NA
"the","DT","the",3,"determiner","Determiner",NA,NA
"machine","NN","machine",7,"noun","Noun, singular or mass",NA,NA
"annotations","NNS","annotation",11,"noun","Noun, plural",NA,NA
"are","VBP","be",3,"verb","Verb, non-3rd person singular present of ""to be""",NA,NA
"somewhat","RB","somewhat",8,"adverb","Adverb",NA,NA
"noisy","JJ","noisy",5,"adjective","Adjective",NA,NA
",",",",",",1,"comma","Comma",NA,NA
"in","IN","in",2,"preposition","Preposition or subordinating conjunction",NA,NA
"general","NN","general",7,"noun","Noun, singular or mass",NA,NA
",",",",",",1,"comma","Comma",NA,NA
"the","DT","the",3,"determiner","Determiner",NA,NA
"labels","NNS","label",6,"noun","Noun, plural",NA,NA
"with","IN","with",4,"preposition","Preposition or subordinating conjunction",NA,NA
"more","JJR","more",4,"adjective","Adjective, comparative",NA,NA
"images","NNS","image",6,"noun","Noun, plural",NA,NA
"are","VBP","be",3,"verb","Verb, non-3rd person singular present of ""to be""",NA,NA
"more","RBR","more",4,"adverb","Adverb, comparative",NA,NA
"accurate","JJ","accurate",8,"adjective","Adjective",NA,NA
":","SENT",":",1,"fullstop","Sentence ending punctuation",NA,NA
"Share","NN","share",5,"noun","Noun, singular or mass",NA,NA
"of","IN","of",2,"preposition","Preposition or subordinating conjunction",NA,NA
"correct","JJ","correct",7,"adjective","Adjective",NA,NA
"annotations","NNS","annotation",11,"noun","Noun, plural",NA,NA
"vs","NP","vs",2,"name","Proper noun, singular",NA,NA
"frequency","NN","frequency",9,"noun","Noun, singular or mass",NA,NA
"assets","NNS","asset",6,"noun","Noun, plural",NA,NA
"share","NN","share",5,"noun","Noun, singular or mass",NA,NA
"of","IN","of",2,"preposition","Preposition or subordinating conjunction",NA,NA
"correct","JJ","correct",7,"adjective","Adjective",NA,NA
"annotations","NNS","annotation",11,"noun","Noun, plural",NA,NA
"vs","NP","vs",2,"name","Proper noun, singular",NA,NA
"frequency","NN","frequency",9,"noun","Noun, singular or mass",NA,NA
".","SENT",".",1,"fullstop","Sentence ending punctuation",NA,NA
"png","NN","<unknown>",3,"noun","Noun, singular or mass",NA,NA
"We","PP","we",2,"pronoun","Personal pronoun",NA,NA
"have","VHP","have",4,"verb","Verb, non-3rd person singular present of ""to have""",NA,NA
"trained","VVN","train",7,"verb","Verb, past participle",NA,NA
"an","DT","an",2,"determiner","Determiner",NA,NA
"Inception","NN","inception",9,"noun","Noun, singular or mass",NA,NA
"v","NN","v",1,"noun","Noun, singular or mass",NA,NA
"model","NN","model",5,"noun","Noun, singular or mass",NA,NA
"based","VVN","base",5,"verb","Verb, past participle",NA,NA
"on","IN","on",2,"preposition","Preposition or subordinating conjunction",NA,NA
"Open","JJ","open",4,"adjective","Adjective",NA,NA
"Images","NNS","image",6,"noun","Noun, plural",NA,NA
"annotations","NNS","annotation",11,"noun","Noun, plural",NA,NA
"alone","RB","alone",5,"adverb","Adverb",NA,NA
",",",",",",1,"comma","Comma",NA,NA
"and","CC","and",3,"conjunction","Coordinating conjunction",NA,NA
"the","DT","the",3,"determiner","Determiner",NA,NA
"model","NN","model",5,"noun","Noun, singular or mass",NA,NA
"is","VBZ","be",2,"verb","Verb, 3rd person singular present of ""to be""",NA,NA
"good","JJ","good",4,"adjective","Adjective",NA,NA
"enough","RB","enough",6,"adverb","Adverb",NA,NA
"to","TO","to",2,"to","to",NA,NA
"be","VB","be",2,"verb","Verb, base form of ""to be""",NA,NA
"used","VVN","use",4,"verb","Verb, past participle",NA,NA
"for","IN","for",3,"preposition","Preposition or subordinating conjunction",NA,NA
"fine","JJ","fine",4,"adjective","Adjective",NA,NA
"tuning","VVG","tune",6,"verb","Verb, gerund or present participle",NA,NA
"applications","NNS","application",12,"noun","Noun, plural",NA,NA
"as","IN","as",2,"preposition","Preposition or subordinating conjunction",NA,NA
"well","RB","well",4,"adverb","Adverb",NA,NA
"as","RB","as",2,"adverb","Adverb",NA,NA
"for","IN","for",3,"preposition","Preposition or subordinating conjunction",NA,NA
"other","JJ","other",5,"adjective","Adjective",NA,NA
"things","NNS","thing",6,"noun","Noun, plural",NA,NA
",",",",",",1,"comma","Comma",NA,NA
"like","IN","like",4,"preposition","Preposition or subordinating conjunction",NA,NA
"DeepDream","NP","<unknown>",9,"name","Proper noun, singular",NA,NA
"Citations","NNS","citation",9,"noun","Noun, plural",NA,NA
"If","IN","if",2,"preposition","Preposition or subordinating conjunction",NA,NA
"you","PP","you",3,"pronoun","Personal pronoun",NA,NA
"use","VVP","use",3,"verb","Verb, non-3rd person singular present",NA,NA
"the","DT","the",3,"determiner","Determiner",NA,NA
"OpenImages","NP","<unknown>",10,"name","Proper noun, singular",NA,NA
"dataset","NN","<unknown>",7,"noun","Noun, singular or mass",NA,NA
"in","IN","in",2,"preposition","Preposition or subordinating conjunction",NA,NA
"your","PP$","your",4,"pronoun","Possessive pronoun",NA,NA
"work","NN","work",4,"noun","Noun, singular or mass",NA,NA
",",",",",",1,"comma","Comma",NA,NA
"please","VV","please",6,"verb","Verb, base form",NA,NA
"cite","VV","cite",4,"verb","Verb, base form",NA,NA
"it","PP","it",2,"pronoun","Personal pronoun",NA,NA
"as","RB","as",2,"adverb","Adverb",NA,NA
":","SENT",":",1,"fullstop","Sentence ending punctuation",NA,NA
"APA","NP","APA",3,"name","Proper noun, singular",NA,NA
"style","NN","style",5,"noun","Noun, singular or mass",NA,NA
"citation","NN","citation",8,"noun","Noun, singular or mass",NA,NA
":","SENT",":",1,"fullstop","Sentence ending punctuation",NA,NA
"Krasin","NP","<unknown>",6,"name","Proper noun, singular",NA,NA
"I.","NP","I.",2,"name","Proper noun, singular",NA,NA
",",",",",",1,"comma","Comma",NA,NA
"Duerig","NP","Duerig",6,"name","Proper noun, singular",NA,NA
"T.","NP","T.",2,"name","Proper noun, singular",NA,NA
",",",",",",1,"comma","Comma",NA,NA
"Alldrin","NP","<unknown>",7,"name","Proper noun, singular",NA,NA
"N.","NP","N.",2,"name","Proper noun, singular",NA,NA
",",",",",",1,"comma","Comma",NA,NA
"Veit","NP","Veit",4,"name","Proper noun, singular",NA,NA
"A.","NP","A.",2,"name","Proper noun, singular",NA,NA
",",",",",",1,"comma","Comma",NA,NA
"Abu","NP","Abu",3,"name","Proper noun, singular",NA,NA
"El","NP","El",2,"name","Proper noun, singular",NA,NA
"Haija","NP","<unknown>",5,"name","Proper noun, singular",NA,NA
"S.","NP","S.",2,"name","Proper noun, singular",NA,NA
",",",",",",1,"comma","Comma",NA,NA
"Belongie","NP","<unknown>",8,"name","Proper noun, singular",NA,NA
"S.","NP","S.",2,"name","Proper noun, singular",NA,NA
",",",",",",1,"comma","Comma",NA,NA
"Cai","NP","Cai",3,"name","Proper noun, singular",NA,NA
"D.","NP","D.",2,"name","Proper noun, singular",NA,NA
",",",",",",1,"comma","Comma",NA,NA
"Feng","NP","Feng",4,"name","Proper noun, singular",NA,NA
"Z.","NP","Z.",2,"name","Proper noun, singular",NA,NA
",",",",",",1,"comma","Comma",NA,NA
"Ferrari","NP","Ferrari",7,"name","Proper noun, singular",NA,NA
"V.","NP","V.",2,"name","Proper noun, singular",NA,NA
",",",",",",1,"comma","Comma",NA,NA
"Gomes","NP","Gomes",5,"name","Proper noun, singular",NA,NA
"V.","NP","V.",2,"name","Proper noun, singular",NA,NA
",",",",",",1,"comma","Comma",NA,NA
"Gupta","NP","Gupta",5,"name","Proper noun, singular",NA,NA
"A.","NP","A.",2,"name","Proper noun, singular",NA,NA
",",",",",",1,"comma","Comma",NA,NA
"Narayanan","NP","Narayanan",9,"name","Proper noun, singular",NA,NA
"D.","NP","D.",2,"name","Proper noun, singular",NA,NA
",",",",",",1,"comma","Comma",NA,NA
"Sun","NP","Sun",3,"name","Proper noun, singular",NA,NA
"C.","NP","C.",2,"name","Proper noun, singular",NA,NA
",",",",",",1,"comma","Comma",NA,NA
"Chechik","NP","<unknown>",7,"name","Proper noun, singular",NA,NA
"G","NP","G",1,"name","Proper noun, singular",NA,NA
",",",",",",1,"comma","Comma",NA,NA
"Murphy","NP","Murphy",6,"name","Proper noun, singular",NA,NA
"K.","NP","K.",2,"name","Proper noun, singular",NA,NA
"OpenImages","NP","<unknown>",10,"name","Proper noun, singular",NA,NA
":","SENT",":",1,"fullstop","Sentence ending punctuation",NA,NA
"A","DT","a",1,"determiner","Determiner",NA,NA
"public","JJ","public",6,"adjective","Adjective",NA,NA
"dataset","NN","<unknown>",7,"noun","Noun, singular or mass",NA,NA
"for","IN","for",3,"preposition","Preposition or subordinating conjunction",NA,NA
"large","JJ","large",5,"adjective","Adjective",NA,NA
"scale","NN","scale",5,"noun","Noun, singular or mass",NA,NA
"multi","NN","<unknown>",5,"noun","Noun, singular or mass",NA,NA
"label","NN","label",5,"noun","Noun, singular or mass",NA,NA
"and","CC","and",3,"conjunction","Coordinating conjunction",NA,NA
"multi","NN","<unknown>",5,"noun","Noun, singular or mass",NA,NA
"class","NN","class",5,"noun","Noun, singular or mass",NA,NA
"image","NN","image",5,"noun","Noun, singular or mass",NA,NA
"classification","NN","classification",14,"noun","Noun, singular or mass",NA,NA
",",",",",",1,"comma","Comma",NA,NA
".","SENT",".",1,"fullstop","Sentence ending punctuation",NA,NA
"Available","JJ","available",9,"adjective","Adjective",NA,NA
"from","IN","from",4,"preposition","Preposition or subordinating conjunction",NA,NA
"BibTeX","NP","<unknown>",6,"name","Proper noun, singular",NA,NA
"article","NN","article",7,"noun","Noun, singular or mass",NA,NA
"openimages","NNS","<unknown>",10,"noun","Noun, plural",NA,NA
",",",",",",1,"comma","Comma",NA,NA
"title","NN","title",5,"noun","Noun, singular or mass",NA,NA
"OpenImages","NNS","<unknown>",10,"noun","Noun, plural",NA,NA
":","SENT",":",1,"fullstop","Sentence ending punctuation",NA,NA
"A","DT","a",1,"determiner","Determiner",NA,NA
"public","JJ","public",6,"adjective","Adjective",NA,NA
"dataset","NN","<unknown>",7,"noun","Noun, singular or mass",NA,NA
"for","IN","for",3,"preposition","Preposition or subordinating conjunction",NA,NA
"large","JJ","large",5,"adjective","Adjective",NA,NA
"scale","NN","scale",5,"noun","Noun, singular or mass",NA,NA
"multi","NN","<unknown>",5,"noun","Noun, singular or mass",NA,NA
"label","NN","label",5,"noun","Noun, singular or mass",NA,NA
"and","CC","and",3,"conjunction","Coordinating conjunction",NA,NA
"multi","NN","<unknown>",5,"noun","Noun, singular or mass",NA,NA
"class","NN","class",5,"noun","Noun, singular or mass",NA,NA
"image","NN","image",5,"noun","Noun, singular or mass",NA,NA
"classification","NN","classification",14,"noun","Noun, singular or mass",NA,NA
".","SENT",".",1,"fullstop","Sentence ending punctuation",NA,NA
",",",",",",1,"comma","Comma",NA,NA
"author","NN","author",6,"noun","Noun, singular or mass",NA,NA
"Krasin","NP","<unknown>",6,"name","Proper noun, singular",NA,NA
",",",",",",1,"comma","Comma",NA,NA
"Ivan","NP","Ivan",4,"name","Proper noun, singular",NA,NA
"and","CC","and",3,"conjunction","Coordinating conjunction",NA,NA
"Duerig","NP","Duerig",6,"name","Proper noun, singular",NA,NA
",",",",",",1,"comma","Comma",NA,NA
"Tom","NP","Tom",3,"name","Proper noun, singular",NA,NA
"and","CC","and",3,"conjunction","Coordinating conjunction",NA,NA
"Alldrin","NP","<unknown>",7,"name","Proper noun, singular",NA,NA
",",",",",",1,"comma","Comma",NA,NA
"Neil","NP","Neil",4,"name","Proper noun, singular",NA,NA
"and","CC","and",3,"conjunction","Coordinating conjunction",NA,NA
"Veit","NP","Veit",4,"name","Proper noun, singular",NA,NA
",",",",",",1,"comma","Comma",NA,NA
"Andreas","NP","Andreas",7,"name","Proper noun, singular",NA,NA
"and","CC","and",3,"conjunction","Coordinating conjunction",NA,NA
"Abu","NP","Abu",3,"name","Proper noun, singular",NA,NA
"El","NP","El",2,"name","Proper noun, singular",NA,NA
"Haija","NP","<unknown>",5,"name","Proper noun, singular",NA,NA
",",",",",",1,"comma","Comma",NA,NA
"Sami","NP","Sami",4,"name","Proper noun, singular",NA,NA
"and","CC","and",3,"conjunction","Coordinating conjunction",NA,NA
"Belongie","NP","<unknown>",8,"name","Proper noun, singular",NA,NA
",",",",",",1,"comma","Comma",NA,NA
"Serge","NP","Serge",5,"name","Proper noun, singular",NA,NA
"and","CC","and",3,"conjunction","Coordinating conjunction",NA,NA
"Cai","NP","Cai",3,"name","Proper noun, singular",NA,NA
",",",",",",1,"comma","Comma",NA,NA
"David","NP","David",5,"name","Proper noun, singular",NA,NA
"and","CC","and",3,"conjunction","Coordinating conjunction",NA,NA
"Feng","NP","Feng",4,"name","Proper noun, singular",NA,NA
",",",",",",1,"comma","Comma",NA,NA
"Zheyun","NP","<unknown>",6,"name","Proper noun, singular",NA,NA
"and","CC","and",3,"conjunction","Coordinating conjunction",NA,NA
"Ferrari","NP","Ferrari",7,"name","Proper noun, singular",NA,NA
",",",",",",1,"comma","Comma",NA,NA
"Vittorio","NP","Vittorio",8,"name","Proper noun, singular",NA,NA
"and","CC","and",3,"conjunction","Coordinating conjunction",NA,NA
"Gomes","NP","Gomes",5,"name","Proper noun, singular",NA,NA
",",",",",",1,"comma","Comma",NA,NA
"Victor","NP","Victor",6,"name","Proper noun, singular",NA,NA
"and","CC","and",3,"conjunction","Coordinating conjunction",NA,NA
"Gupta","NP","Gupta",5,"name","Proper noun, singular",NA,NA
",",",",",",1,"comma","Comma",NA,NA
"Abhinav","NP","<unknown>",7,"name","Proper noun, singular",NA,NA
"and","CC","and",3,"conjunction","Coordinating conjunction",NA,NA
"Narayanan","NP","Narayanan",9,"name","Proper noun, singular",NA,NA
",",",",",",1,"comma","Comma",NA,NA
"Dhyanesh","NP","<unknown>",8,"name","Proper noun, singular",NA,NA
"and","CC","and",3,"conjunction","Coordinating conjunction",NA,NA
"Sun","NP","Sun",3,"name","Proper noun, singular",NA,NA
",",",",",",1,"comma","Comma",NA,NA
"Chen","NP","Chen",4,"name","Proper noun, singular",NA,NA
"and","CC","and",3,"conjunction","Coordinating conjunction",NA,NA
"Chechik","NP","<unknown>",7,"name","Proper noun, singular",NA,NA
",",",",",",1,"comma","Comma",NA,NA
"Gal","NP","Gal",3,"name","Proper noun, singular",NA,NA
"and","CC","and",3,"conjunction","Coordinating conjunction",NA,NA
"Murphy","NP","Murphy",6,"name","Proper noun, singular",NA,NA
",",",",",",1,"comma","Comma",NA,NA
"Kevin","NP","Kevin",5,"name","Proper noun, singular",NA,NA
",",",",",",1,"comma","Comma",NA,NA
"journal","NN","journal",7,"noun","Noun, singular or mass",NA,NA
"Dataset","NN","<unknown>",7,"noun","Noun, singular or mass",NA,NA
"available","JJ","available",9,"adjective","Adjective",NA,NA
"from","IN","from",4,"preposition","Preposition or subordinating conjunction",NA,NA
"year","NN","year",4,"noun","Noun, singular or mass",NA,NA
