"token","tag","lemma","lttr","wclass","desc","stop","stem"
"A","DT","a",1,"determiner","Determiner",NA,NA
"Real","NP","Real",4,"name","Proper noun, singular",NA,NA
"Estate","NP","Estate",6,"name","Proper noun, singular",NA,NA
"application","NN","application",11,"noun","Noun, singular or mass",NA,NA
"build","VVN","build",5,"verb","Verb, past participle",NA,NA
"with","IN","with",4,"preposition","Preposition or subordinating conjunction",NA,NA
"Ruby","NP","Ruby",4,"name","Proper noun, singular",NA,NA
"on","IN","on",2,"preposition","Preposition or subordinating conjunction",NA,NA
"Rails","NP","<unknown>",5,"name","Proper noun, singular",NA,NA
"Build","NP","<unknown>",5,"name","Proper noun, singular",NA,NA
"Status","NP","<unknown>",6,"name","Proper noun, singular",NA,NA
"Dependency","NP","Dependency",10,"name","Proper noun, singular",NA,NA
"Status","NP","<unknown>",6,"name","Proper noun, singular",NA,NA
"Code","NP","Code",4,"name","Proper noun, singular",NA,NA
"Climate","NN","climate",7,"noun","Noun, singular or mass",NA,NA
"Coverage","NP","Coverage",8,"name","Proper noun, singular",NA,NA
"Status","NP","<unknown>",6,"name","Proper noun, singular",NA,NA
