"token","tag","lemma","lttr","wclass","desc","stop","stem"
"NTB","NP","<unknown>",3,"name","Proper noun, singular",NA,NA
"Servlet","NP","<unknown>",7,"name","Proper noun, singular",NA,NA
"h","NN","h",1,"noun","Noun, singular or mass",NA,NA
"Online","NP","<unknown>",6,"name","Proper noun, singular",NA,NA
"Real","NP","Real",4,"name","Proper noun, singular",NA,NA
"Estate","NP","Estate",6,"name","Proper noun, singular",NA,NA
"Application","NP","Application",11,"name","Proper noun, singular",NA,NA
"h","NN","h",1,"noun","Noun, singular or mass",NA,NA
