"token","tag","lemma","lttr","wclass","desc","stop","stem"
"realestate","VV","realestate",10,"verb","Verb, base form",NA,NA
"Indian","NP","Indian",6,"name","Proper noun, singular",NA,NA
"Real","NP","Real",4,"name","Proper noun, singular",NA,NA
"Estate","NP","Estate",6,"name","Proper noun, singular",NA,NA
"Data","NP","Data",4,"name","Proper noun, singular",NA,NA
"Collection","NP","Collection",10,"name","Proper noun, singular",NA,NA
"Plugin","NP","<unknown>",6,"name","Proper noun, singular",NA,NA
