"token","tag","lemma","lttr","wclass","desc","stop","stem"
"realestate","NN","realestate",10,"noun","Noun, singular or mass",NA,NA
"site","NN","site",4,"noun","Noun, singular or mass",NA,NA
"Retail","NP","Retail",6,"name","Proper noun, singular",NA,NA
"and","CC","and",3,"conjunction","Coordinating conjunction",NA,NA
"Real","NP","Real",4,"name","Proper noun, singular",NA,NA
"Estate","NP","Estate",6,"name","Proper noun, singular",NA,NA
"CMS","NP","CMS",3,"name","Proper noun, singular",NA,NA
