"token","tag","lemma","lttr","wclass","desc","stop","stem"
"re","IN","re",2,"preposition","Preposition or subordinating conjunction",NA,NA
"avm","NN","<unknown>",3,"noun","Noun, singular or mass",NA,NA
"real","JJ","real",4,"adjective","Adjective",NA,NA
"estate","NN","estate",6,"noun","Noun, singular or mass",NA,NA
"automated","JJ","automated",9,"adjective","Adjective",NA,NA
"valuation","NN","valuation",9,"noun","Noun, singular or mass",NA,NA
"model","NN","model",5,"noun","Noun, singular or mass",NA,NA
