"token","tag","lemma","lttr","wclass","desc","stop","stem"
"TD","NP","TD",2,"name","Proper noun, singular",NA,NA
"Real","NP","Real",4,"name","Proper noun, singular",NA,NA
"Estate","NP","Estate",6,"name","Proper noun, singular",NA,NA
"Business","NP","Business",8,"name","Proper noun, singular",NA,NA
"Website","NP","<unknown>",7,"name","Proper noun, singular",NA,NA
"Technology","NP","Technology",10,"name","Proper noun, singular",NA,NA
"JEE","NP","Jee",3,"name","Proper noun, singular",NA,NA
