"token","tag","lemma","lttr","wclass","desc","stop","stem"
"akhilgroupinfra","NN","<unknown>",15,"noun","Noun, singular or mass",NA,NA
"A","DT","a",1,"determiner","Determiner",NA,NA
"real","JJ","real",4,"adjective","Adjective",NA,NA
"estate","NN","estate",6,"noun","Noun, singular or mass",NA,NA
"compani","NNS","<unknown>",7,"noun","Noun, plural",NA,NA
"in","IN","in",2,"preposition","Preposition or subordinating conjunction",NA,NA
"lucknow","NN","<unknown>",7,"noun","Noun, singular or mass",NA,NA
