"token","tag","lemma","lttr","wclass","desc","stop","stem"
"hello","NN","hello",5,"noun","Noun, singular or mass",NA,NA
"world","NN","world",5,"noun","Noun, singular or mass",NA,NA
"Project","NP","Project",7,"name","Proper noun, singular",NA,NA
":","SENT",":",1,"fullstop","Sentence ending punctuation",NA,NA
"Hamilton","NP","Hamilton",8,"name","Proper noun, singular",NA,NA
"s","NN","S",1,"noun","Noun, singular or mass",NA,NA
"Real","NP","Real",4,"name","Proper noun, singular",NA,NA
"Estate","NP","Estate",6,"name","Proper noun, singular",NA,NA
