"token","tag","lemma","lttr","wclass","desc","stop","stem"
"WP","NP","WP",2,"name","Proper noun, singular",NA,NA
"RealEstate","NP","<unknown>",10,"name","Proper noun, singular",NA,NA
"Real","NP","Real",4,"name","Proper noun, singular",NA,NA
"Estate","NP","Estate",6,"name","Proper noun, singular",NA,NA
"plugin","NN","<unknown>",6,"noun","Noun, singular or mass",NA,NA
"for","IN","for",3,"preposition","Preposition or subordinating conjunction",NA,NA
"WordPress","NP","<unknown>",9,"name","Proper noun, singular",NA,NA
