"token","tag","lemma","lttr","wclass","desc","stop","stem"
"Adagi","NP","<unknown>",5,"name","Proper noun, singular",NA,NA
"Open","NP","Open",4,"name","Proper noun, singular",NA,NA
"source","NN","source",6,"noun","Noun, singular or mass",NA,NA
",",",",",",1,"comma","Comma",NA,NA
"real","JJ","real",4,"adjective","Adjective",NA,NA
"estate","NN","estate",6,"noun","Noun, singular or mass",NA,NA
"management","NN","management",10,"noun","Noun, singular or mass",NA,NA
"network","NN","network",7,"noun","Noun, singular or mass",NA,NA
".","SENT",".",1,"fullstop","Sentence ending punctuation",NA,NA
