"token","tag","lemma","lttr","wclass","desc","stop","stem"
"estate","NN","estate",6,"noun","Noun, singular or mass",NA,NA
"scraper","NN","scraper",7,"noun","Noun, singular or mass",NA,NA
"Real","JJ","real",4,"adjective","Adjective",NA,NA
"estate","NN","estate",6,"noun","Noun, singular or mass",NA,NA
"scraper","NN","scraper",7,"noun","Noun, singular or mass",NA,NA
"from","IN","from",4,"preposition","Preposition or subordinating conjunction",NA,NA
"Facebook","NN","<unknown>",8,"noun","Noun, singular or mass",NA,NA
"groups","NNS","group",6,"noun","Noun, plural",NA,NA
".","SENT",".",1,"fullstop","Sentence ending punctuation",NA,NA
