"token","tag","lemma","lttr","wclass","desc","stop","stem"
"AdvertApplication","NP","<unknown>",17,"name","Proper noun, singular",NA,NA
"Web","NP","Web",3,"name","Proper noun, singular",NA,NA
"application","NN","application",11,"noun","Noun, singular or mass",NA,NA
"for","IN","for",3,"preposition","Preposition or subordinating conjunction",NA,NA
"serching","VVG","<unknown>",8,"verb","Verb, gerund or present participle",NA,NA
"real","JJ","real",4,"adjective","Adjective",NA,NA
"estate","NN","estate",6,"noun","Noun, singular or mass",NA,NA
