"token","tag","lemma","lttr","wclass","desc","stop","stem"
"RealEstate","VV","realestate",10,"verb","Verb, base form",NA,NA
"Real","JJ","real",4,"adjective","Adjective",NA,NA
"estate","NN","estate",6,"noun","Noun, singular or mass",NA,NA
"management","NN","management",10,"noun","Noun, singular or mass",NA,NA
"build","VVN","build",5,"verb","Verb, past participle",NA,NA
"on","IN","on",2,"preposition","Preposition or subordinating conjunction",NA,NA
"Codeigniter","NP","<unknown>",11,"name","Proper noun, singular",NA,NA
