"token","tag","lemma","lttr","wclass","desc","stop","stem"
"blue","JJ","blue",4,"adjective","Adjective",NA,NA
"ribbon","NN","ribbon",6,"noun","Noun, singular or mass",NA,NA
".","SENT",".",1,"fullstop","Sentence ending punctuation",NA,NA
"github","NN","<unknown>",6,"noun","Noun, singular or mass",NA,NA
".","SENT",".",1,"fullstop","Sentence ending punctuation",NA,NA
"io","NP","Io",2,"name","Proper noun, singular",NA,NA
"real","JJ","real",4,"adjective","Adjective",NA,NA
"estate","NN","estate",6,"noun","Noun, singular or mass",NA,NA
"firm","NN","firm",4,"noun","Noun, singular or mass",NA,NA
