"token","tag","lemma","lttr","wclass","desc","stop","stem"
"Ruthless","JJ","ruthless",8,"adjective","Adjective",NA,NA
"Ruthless","NP","<unknown>",8,"name","Proper noun, singular",NA,NA
"Real","NP","Real",4,"name","Proper noun, singular",NA,NA
"Estate","NP","Estate",6,"name","Proper noun, singular",NA,NA
"Web","NP","Web",3,"name","Proper noun, singular",NA,NA
"Management","NP","Management",10,"name","Proper noun, singular",NA,NA
"Interface","NP","Interface",9,"name","Proper noun, singular",NA,NA
