"token","tag","lemma","lttr","wclass","desc","stop","stem"
"SiteMyBiz","NP","<unknown>",9,"name","Proper noun, singular",NA,NA
"is","VBZ","be",2,"verb","Verb, 3rd person singular present of ""to be""",NA,NA
"an","DT","an",2,"determiner","Determiner",NA,NA
"app","NN","<unknown>",3,"noun","Noun, singular or mass",NA,NA
"that","WDT","that",4,"determiner","Wh-determiner",NA,NA
"displays","VVZ","display",8,"verb","Verb, 3rd person singular present",NA,NA
"available","JJ","available",9,"adjective","Adjective",NA,NA
"commercial","JJ","commercial",10,"adjective","Adjective",NA,NA
"real","JJ","real",4,"adjective","Adjective",NA,NA
"estate","NN","estate",6,"noun","Noun, singular or mass",NA,NA
"in","IN","in",2,"preposition","Preposition or subordinating conjunction",NA,NA
"the","DT","the",3,"determiner","Determiner",NA,NA
"city","NN","city",4,"noun","Noun, singular or mass",NA,NA
"of","IN","of",2,"preposition","Preposition or subordinating conjunction",NA,NA
"Santa","NP","Santa",5,"name","Proper noun, singular",NA,NA
"Cruz","NP","Cruz",4,"name","Proper noun, singular",NA,NA
".","SENT",".",1,"fullstop","Sentence ending punctuation",NA,NA
"The","DT","the",3,"determiner","Determiner",NA,NA
"app","NP","App",3,"name","Proper noun, singular",NA,NA
"correlates","VVZ","correlate",10,"verb","Verb, 3rd person singular present",NA,NA
"every","DT","every",5,"determiner","Determiner",NA,NA
"parcel","NN","parcel",6,"noun","Noun, singular or mass",NA,NA
"of","IN","of",2,"preposition","Preposition or subordinating conjunction",NA,NA
"land","NN","land",4,"noun","Noun, singular or mass",NA,NA
"in","IN","in",2,"preposition","Preposition or subordinating conjunction",NA,NA
"Santa","NP","Santa",5,"name","Proper noun, singular",NA,NA
"Cruz","NP","Cruz",4,"name","Proper noun, singular",NA,NA
"with","IN","with",4,"preposition","Preposition or subordinating conjunction",NA,NA
"a","DT","a",1,"determiner","Determiner",NA,NA
"dump","NN","dump",4,"noun","Noun, singular or mass",NA,NA
"from","IN","from",4,"preposition","Preposition or subordinating conjunction",NA,NA
"the","DT","the",3,"determiner","Determiner",NA,NA
"city","NN","city",4,"noun","Noun, singular or mass",NA,NA
"s","NN","S",1,"noun","Noun, singular or mass",NA,NA
"GIS","NP","<unknown>",3,"name","Proper noun, singular",NA,NA
"of","IN","of",2,"preposition","Preposition or subordinating conjunction",NA,NA
"every","DT","every",5,"determiner","Determiner",NA,NA
"piece","NN","piece",5,"noun","Noun, singular or mass",NA,NA
"of","IN","of",2,"preposition","Preposition or subordinating conjunction",NA,NA
"commercial","JJ","commercial",10,"adjective","Adjective",NA,NA
"real","JJ","real",4,"adjective","Adjective",NA,NA
"estate","NN","estate",6,"noun","Noun, singular or mass",NA,NA
"available","JJ","available",9,"adjective","Adjective",NA,NA
"in","IN","in",2,"preposition","Preposition or subordinating conjunction",NA,NA
"the","DT","the",3,"determiner","Determiner",NA,NA
"past","JJ","past",4,"adjective","Adjective",NA,NA
"years","NNS","year",5,"noun","Noun, plural",NA,NA
".","SENT",".",1,"fullstop","Sentence ending punctuation",NA,NA
"See","VV","see",3,"verb","Verb, base form",NA,NA
"gh","NN","<unknown>",2,"noun","Noun, singular or mass",NA,NA
"pages","NNS","page",5,"noun","Noun, plural",NA,NA
"branch","NN","branch",6,"noun","Noun, singular or mass",NA,NA
"for","IN","for",3,"preposition","Preposition or subordinating conjunction",NA,NA
"application","NN","application",11,"noun","Noun, singular or mass",NA,NA
"code","NN","code",4,"noun","Noun, singular or mass",NA,NA
".","SENT",".",1,"fullstop","Sentence ending punctuation",NA,NA
