"token","tag","lemma","lttr","wclass","desc","stop","stem"
"RealEstateAgency","NN","<unknown>",16,"noun","Noun, singular or mass",NA,NA
".","SENT",".",1,"fullstop","Sentence ending punctuation",NA,NA
"github","NN","<unknown>",6,"noun","Noun, singular or mass",NA,NA
".","SENT",".",1,"fullstop","Sentence ending punctuation",NA,NA
"io","NP","Io",2,"name","Proper noun, singular",NA,NA
"Online","NP","<unknown>",6,"name","Proper noun, singular",NA,NA
"Real","NP","Real",4,"name","Proper noun, singular",NA,NA
"Estate","NP","Estate",6,"name","Proper noun, singular",NA,NA
"Agency","NP","Agency",6,"name","Proper noun, singular",NA,NA
