"token","tag","lemma","lttr","wclass","desc","stop","stem"
"webCrawler","NP","<unknown>",10,"name","Proper noun, singular",NA,NA
"Web","NP","Web",3,"name","Proper noun, singular",NA,NA
"crawler","NN","crawler",7,"noun","Noun, singular or mass",NA,NA
"for","IN","for",3,"preposition","Preposition or subordinating conjunction",NA,NA
"real","JJ","real",4,"adjective","Adjective",NA,NA
"estate","NN","estate",6,"noun","Noun, singular or mass",NA,NA
".","SENT",".",1,"fullstop","Sentence ending punctuation",NA,NA
