"token","tag","lemma","lttr","wclass","desc","stop","stem"
"cheryl","NN","<unknown>",6,"noun","Noun, singular or mass",NA,NA
"timmins","NNS","<unknown>",7,"noun","Noun, plural",NA,NA
"CHeryl","NP","Cheryl",6,"name","Proper noun, singular",NA,NA
"Timmins","NP","Timmins",7,"name","Proper noun, singular",NA,NA
"Real","NP","Real",4,"name","Proper noun, singular",NA,NA
"Estate","NP","Estate",6,"name","Proper noun, singular",NA,NA
"Website","NP","<unknown>",7,"name","Proper noun, singular",NA,NA
