"token","tag","lemma","lttr","wclass","desc","stop","stem"
"eyehawk","NN","<unknown>",7,"noun","Noun, singular or mass",NA,NA
".","SENT",".",1,"fullstop","Sentence ending punctuation",NA,NA
"io","NP","Io",2,"name","Proper noun, singular",NA,NA
"GIS","NP","<unknown>",3,"name","Proper noun, singular",NA,NA
"Map","NP","<unknown>",3,"name","Proper noun, singular",NA,NA
"for","IN","for",3,"preposition","Preposition or subordinating conjunction",NA,NA
"Real","NP","Real",4,"name","Proper noun, singular",NA,NA
"Estate","NP","Estate",6,"name","Proper noun, singular",NA,NA
