"token","tag","lemma","lttr","wclass","desc","stop","stem"
"homalytics","NP","<unknown>",10,"name","Proper noun, singular",NA,NA
"Real","NP","Real",4,"name","Proper noun, singular",NA,NA
"Estate","NP","Estate",6,"name","Proper noun, singular",NA,NA
"Market","NP","Market",6,"name","Proper noun, singular",NA,NA
"Forecasting","NP","Forecasting",11,"name","Proper noun, singular",NA,NA
"and","CC","and",3,"conjunction","Coordinating conjunction",NA,NA
"Analytics","NP","<unknown>",9,"name","Proper noun, singular",NA,NA
