"token","tag","lemma","lttr","wclass","desc","stop","stem"
"rere","NN","<unknown>",4,"noun","Noun, singular or mass",NA,NA
"project","NN","project",7,"noun","Noun, singular or mass",NA,NA
"Regarding","VVG","regard",9,"verb","Verb, gerund or present participle",NA,NA
"Real","NP","Real",4,"name","Proper noun, singular",NA,NA
"Estate","NP","Estate",6,"name","Proper noun, singular",NA,NA
"project","NN","project",7,"noun","Noun, singular or mass",NA,NA
"developments","NNS","development",12,"noun","Noun, plural",NA,NA
