"token","tag","lemma","lttr","wclass","desc","stop","stem"
"BlockBid","NP","<unknown>",8,"name","Proper noun, singular",NA,NA
"Real","NP","Real",4,"name","Proper noun, singular",NA,NA
"Estate","NP","Estate",6,"name","Proper noun, singular",NA,NA
"Auction","NP","<unknown>",7,"name","Proper noun, singular",NA,NA
"Implementation","NP","Implementation",14,"name","Proper noun, singular",NA,NA
"in","IN","in",2,"preposition","Preposition or subordinating conjunction",NA,NA
"Solidity","NP","<unknown>",8,"name","Proper noun, singular",NA,NA
