"token","tag","lemma","lttr","wclass","desc","stop","stem"
"REIAsite","NP","<unknown>",8,"name","Proper noun, singular",NA,NA
"Real","NP","Real",4,"name","Proper noun, singular",NA,NA
"Estate","NP","Estate",6,"name","Proper noun, singular",NA,NA
"Intelligence","NP","Intelligence",12,"name","Proper noun, singular",NA,NA
"Agency","NP","Agency",6,"name","Proper noun, singular",NA,NA
"new","JJ","new",3,"adjective","Adjective",NA,NA
"site","NN","site",4,"noun","Noun, singular or mass",NA,NA
".","SENT",".",1,"fullstop","Sentence ending punctuation",NA,NA
