"token","tag","lemma","lttr","wclass","desc","stop","stem"
"RealEstateCrm","NP","<unknown>",13,"name","Proper noun, singular",NA,NA
"Simple","NP","<unknown>",6,"name","Proper noun, singular",NA,NA
"Real","NP","Real",4,"name","Proper noun, singular",NA,NA
"Estate","NP","Estate",6,"name","Proper noun, singular",NA,NA
"Crm","NP","<unknown>",3,"name","Proper noun, singular",NA,NA
"on","IN","on",2,"preposition","Preposition or subordinating conjunction",NA,NA
"ASP","NP","Asp",3,"name","Proper noun, singular",NA,NA
".","SENT",".",1,"fullstop","Sentence ending punctuation",NA,NA
"NET","JJ","net",3,"adjective","Adjective",NA,NA
"Core","NP","Core",4,"name","Proper noun, singular",NA,NA
".","SENT",".",1,"fullstop","Sentence ending punctuation",NA,NA
