"token","tag","lemma","lttr","wclass","desc","stop","stem"
"Estatio","NN","<unknown>",7,"noun","Noun, singular or mass",NA,NA
":","SENT",":",1,"fullstop","Sentence ending punctuation",NA,NA
"an","DT","an",2,"determiner","Determiner",NA,NA
"open","JJ","open",4,"adjective","Adjective",NA,NA
"source","NN","source",6,"noun","Noun, singular or mass",NA,NA
"estate","NN","estate",6,"noun","Noun, singular or mass",NA,NA
"management","NN","management",10,"noun","Noun, singular or mass",NA,NA
"system","NN","system",6,"noun","Noun, singular or mass",NA,NA
".","SENT",".",1,"fullstop","Sentence ending punctuation",NA,NA
"Estatio","NP","<unknown>",7,"name","Proper noun, singular",NA,NA
"is","VBZ","be",2,"verb","Verb, 3rd person singular present of ""to be""",NA,NA
"modern","JJ","modern",6,"adjective","Adjective",NA,NA
"and","CC","and",3,"conjunction","Coordinating conjunction",NA,NA
"flexible","JJ","flexible",8,"adjective","Adjective",NA,NA
"property","NN","property",8,"noun","Noun, singular or mass",NA,NA
"management","NN","management",10,"noun","Noun, singular or mass",NA,NA
"software","NN","software",8,"noun","Noun, singular or mass",NA,NA
".","SENT",".",1,"fullstop","Sentence ending punctuation",NA,NA
"It","PP","it",2,"pronoun","Personal pronoun",NA,NA
"offers","VVZ","offer",6,"verb","Verb, 3rd person singular present",NA,NA
"real","JJ","real",4,"adjective","Adjective",NA,NA
"estate","NN","estate",6,"noun","Noun, singular or mass",NA,NA
"professionals","NNS","professional",13,"noun","Noun, plural",NA,NA
"and","CC","and",3,"conjunction","Coordinating conjunction",NA,NA
"service","NN","service",7,"noun","Noun, singular or mass",NA,NA
"providers","NNS","provider",9,"noun","Noun, plural",NA,NA
"the","DT","the",3,"determiner","Determiner",NA,NA
"power","NN","power",5,"noun","Noun, singular or mass",NA,NA
"and","CC","and",3,"conjunction","Coordinating conjunction",NA,NA
"flexibility","NN","flexibility",11,"noun","Noun, singular or mass",NA,NA
"to","TO","to",2,"to","to",NA,NA
"manage","VV","manage",6,"verb","Verb, base form",NA,NA
"their","PP$","their",5,"pronoun","Possessive pronoun",NA,NA
"business","NN","business",8,"noun","Noun, singular or mass",NA,NA
"in","IN","in",2,"preposition","Preposition or subordinating conjunction",NA,NA
"a","DT","a",1,"determiner","Determiner",NA,NA
"superior","JJ","superior",8,"adjective","Adjective",NA,NA
",",",",",",1,"comma","Comma",NA,NA
"flexible","JJ","flexible",8,"adjective","Adjective",NA,NA
"and","CC","and",3,"conjunction","Coordinating conjunction",NA,NA
"cost","VV","cost",4,"verb","Verb, base form",NA,NA
"effective","JJ","effective",9,"adjective","Adjective",NA,NA
"manner","NN","manner",6,"noun","Noun, singular or mass",NA,NA
".","SENT",".",1,"fullstop","Sentence ending punctuation",NA,NA
"Screenshots","NP","<unknown>",11,"name","Proper noun, singular",NA,NA
"The","DT","the",3,"determiner","Determiner",NA,NA
"following","VVG","follow",9,"verb","Verb, gerund or present participle",NA,NA
"screenshots","NNS","<unknown>",11,"noun","Noun, plural",NA,NA
"taken","VVN","take",5,"verb","Verb, past participle",NA,NA
"december","NN","December",8,"noun","Noun, singular or mass",NA,NA
"correspond","VV","correspond",10,"verb","Verb, base form",NA,NA
"to","TO","to",2,"to","to",NA,NA
"the","DT","the",3,"determiner","Determiner",NA,NA
"business","NN","business",8,"noun","Noun, singular or mass",NA,NA
"logic","NN","logic",5,"noun","Noun, singular or mass",NA,NA
"in","IN","in",2,"preposition","Preposition or subordinating conjunction",NA,NA
"Estatio","NP","<unknown>",7,"name","Proper noun, singular",NA,NA
"s","NN","S",1,"noun","Noun, singular or mass",NA,NA
"link","NN","link",4,"noun","Noun, singular or mass",NA,NA
":","SENT",":",1,"fullstop","Sentence ending punctuation",NA,NA
"All","DT","all",3,"determiner","Determiner",NA,NA
"properties","NNS","property",10,"noun","Noun, plural",NA,NA
"image","NN","image",5,"noun","Noun, singular or mass",NA,NA
":","SENT",":",1,"fullstop","Sentence ending punctuation",NA,NA
":","SENT",":",1,"fullstop","Sentence ending punctuation",NA,NA
"image","NN","image",5,"noun","Noun, singular or mass",NA,NA
":","SENT",":",1,"fullstop","Sentence ending punctuation",NA,NA
":","SENT",":",1,"fullstop","Sentence ending punctuation",NA,NA
"Lease","VV","lease",5,"verb","Verb, base form",NA,NA
"image","NN","image",5,"noun","Noun, singular or mass",NA,NA
":","SENT",":",1,"fullstop","Sentence ending punctuation",NA,NA
":","SENT",":",1,"fullstop","Sentence ending punctuation",NA,NA
"LeaseItem","NN","<unknown>",9,"noun","Noun, singular or mass",NA,NA
"image","NN","image",5,"noun","Noun, singular or mass",NA,NA
":","SENT",":",1,"fullstop","Sentence ending punctuation",NA,NA
":","SENT",":",1,"fullstop","Sentence ending punctuation",NA,NA
"Invoice","NN","invoice",7,"noun","Noun, singular or mass",NA,NA
"image","NN","image",5,"noun","Noun, singular or mass",NA,NA
":","SENT",":",1,"fullstop","Sentence ending punctuation",NA,NA
":","SENT",":",1,"fullstop","Sentence ending punctuation",NA,NA
"Trying","VVG","try",6,"verb","Verb, gerund or present participle",NA,NA
"out","RP","out",3,"particle"," Particle",NA,NA
"Estatio","NP","<unknown>",7,"name","Proper noun, singular",NA,NA
"Building","NP","Building",8,"name","Proper noun, singular",NA,NA
"Estatio","NP","<unknown>",7,"name","Proper noun, singular",NA,NA
"Prereqs","NP","<unknown>",7,"name","Proper noun, singular",NA,NA
"Estatio","NP","<unknown>",7,"name","Proper noun, singular",NA,NA
"runs","VVZ","run",4,"verb","Verb, 3rd person singular present",NA,NA
"on","IN","on",2,"preposition","Preposition or subordinating conjunction",NA,NA
"Java","NP","Java",4,"name","Proper noun, singular",NA,NA
"and","CC","and",3,"conjunction","Coordinating conjunction",NA,NA
"is","VBZ","be",2,"verb","Verb, 3rd person singular present of ""to be""",NA,NA
"built","VVN","build",5,"verb","Verb, past participle",NA,NA
"with","IN","with",4,"preposition","Preposition or subordinating conjunction",NA,NA
"The","DT","the",3,"determiner","Determiner",NA,NA
"source","NN","source",6,"noun","Noun, singular or mass",NA,NA
"code","NN","code",4,"noun","Noun, singular or mass",NA,NA
"is","VBZ","be",2,"verb","Verb, 3rd person singular present of ""to be""",NA,NA
"managed","VVN","manage",7,"verb","Verb, past participle",NA,NA
"using","VVG","use",5,"verb","Verb, gerund or present participle",NA,NA
"If","IN","if",2,"preposition","Preposition or subordinating conjunction",NA,NA
"you","PP","you",3,"pronoun","Personal pronoun",NA,NA
"don","VVP","don",3,"verb","Verb, non-3rd person singular present",NA,NA
"t","NN","t",1,"noun","Noun, singular or mass",NA,NA
"already","RB","already",7,"adverb","Adverb",NA,NA
"have","VHP","have",4,"verb","Verb, non-3rd person singular present of ""to have""",NA,NA
"them","PP","them",4,"pronoun","Personal pronoun",NA,NA
"installed","VVN","install",9,"verb","Verb, past participle",NA,NA
",",",",",",1,"comma","Comma",NA,NA
"install","VV","install",7,"verb","Verb, base form",NA,NA
"Java","NP","Java",4,"name","Proper noun, singular",NA,NA
"JDK","NP","<unknown>",3,"name","Proper noun, singular",NA,NA
"or","CC","or",2,"conjunction","Coordinating conjunction",NA,NA
"later","RBR","later",5,"adverb","Adverb, comparative",NA,NA
",",",",",",1,"comma","Comma",NA,NA
"Maven","NP","<unknown>",5,"name","Proper noun, singular",NA,NA
"..",":","...",2,"punctuation","Punctuation",NA,NA
"or","CC","or",2,"conjunction","Coordinating conjunction",NA,NA
"later","RBR","later",5,"adverb","Adverb, comparative",NA,NA
",",",",",",1,"comma","Comma",NA,NA
"and","CC","and",3,"conjunction","Coordinating conjunction",NA,NA
"git","NN","git",3,"noun","Noun, singular or mass",NA,NA
".","SENT",".",1,"fullstop","Sentence ending punctuation",NA,NA
"After","IN","after",5,"preposition","Preposition or subordinating conjunction",NA,NA
"that","DT","that",4,"determiner","Determiner",NA,NA
",",",",",",1,"comma","Comma",NA,NA
"you","PP","you",3,"pronoun","Personal pronoun",NA,NA
"ll","RB","<unknown>",2,"adverb","Adverb",NA,NA
"need","VVP","need",4,"verb","Verb, non-3rd person singular present",NA,NA
"to","TO","to",2,"to","to",NA,NA
"manually","RB","manually",8,"adverb","Adverb",NA,NA
"build","VV","build",5,"verb","Verb, base form",NA,NA
"and","CC","and",3,"conjunction","Coordinating conjunction",NA,NA
"install","VV","install",7,"verb","Verb, base form",NA,NA
"the","DT","the",3,"determiner","Determiner",NA,NA
"source","NN","source",6,"noun","Noun, singular or mass",NA,NA
"git","NN","git",3,"noun","Noun, singular or mass",NA,NA
"clone","NN","clone",5,"noun","Noun, singular or mass",NA,NA
"cd","NN","<unknown>",2,"noun","Noun, singular or mass",NA,NA
"google","NN","<unknown>",6,"noun","Noun, singular or mass",NA,NA
"rfc","NN","<unknown>",3,"noun","Noun, singular or mass",NA,NA
"git","NN","git",3,"noun","Noun, singular or mass",NA,NA
"checkout","NN","checkout",8,"noun","Noun, singular or mass",NA,NA
"mavenized","VVD","<unknown>",9,"verb","Verb, past tense",NA,NA
"mvn","NNS","<unknown>",3,"noun","Noun, plural",NA,NA
"clean","VV","clean",5,"verb","Verb, base form",NA,NA
"install","VV","install",7,"verb","Verb, base form",NA,NA
"DskipTests","NP","<unknown>",10,"name","Proper noun, singular",NA,NA
"Download","NP","<unknown>",8,"name","Proper noun, singular",NA,NA
"and","CC","and",3,"conjunction","Coordinating conjunction",NA,NA
"build","VV","build",5,"verb","Verb, base form",NA,NA
"Estatio","NP","<unknown>",7,"name","Proper noun, singular",NA,NA
"Download","NP","<unknown>",8,"name","Proper noun, singular",NA,NA
"using","VVG","use",5,"verb","Verb, gerund or present participle",NA,NA
"git","NN","git",3,"noun","Noun, singular or mass",NA,NA
":","SENT",":",1,"fullstop","Sentence ending punctuation",NA,NA
"source","NN","source",6,"noun","Noun, singular or mass",NA,NA
"git","NN","git",3,"noun","Noun, singular or mass",NA,NA
"clone","NN","clone",5,"noun","Noun, singular or mass",NA,NA
"cd","NN","<unknown>",2,"noun","Noun, singular or mass",NA,NA
"estatio","NN","<unknown>",7,"noun","Noun, singular or mass",NA,NA
"and","CC","and",3,"conjunction","Coordinating conjunction",NA,NA
"build","VV","build",5,"verb","Verb, base form",NA,NA
"using","VVG","use",5,"verb","Verb, gerund or present participle",NA,NA
"maven","NN","maven",5,"noun","Noun, singular or mass",NA,NA
":","SENT",":",1,"fullstop","Sentence ending punctuation",NA,NA
"source","NN","source",6,"noun","Noun, singular or mass",NA,NA
"mvn","NNS","<unknown>",3,"noun","Noun, plural",NA,NA
"clean","VV","clean",5,"verb","Verb, base form",NA,NA
"install","VV","install",7,"verb","Verb, base form",NA,NA
"Pjetty","NP","<unknown>",6,"name","Proper noun, singular",NA,NA
"console","VV","console",7,"verb","Verb, base form",NA,NA
"The","DT","the",3,"determiner","Determiner",NA,NA
"clone","NN","clone",5,"noun","Noun, singular or mass",NA,NA
"is","VBZ","be",2,"verb","Verb, 3rd person singular present of ""to be""",NA,NA
"approx","JJ","<unknown>",6,"adjective","Adjective",NA,NA
"Mb","NN","Mb",2,"noun","Noun, singular or mass",NA,NA
",",",",",",1,"comma","Comma",NA,NA
"and","CC","and",3,"conjunction","Coordinating conjunction",NA,NA
"takes","VVZ","take",5,"verb","Verb, 3rd person singular present",NA,NA
"approximately","RB","approximately",13,"adverb","Adverb",NA,NA
"minutes","NNS","minute",7,"noun","Noun, plural",NA,NA
"to","TO","to",2,"to","to",NA,NA
"build","VV","build",5,"verb","Verb, base form",NA,NA
".","SENT",".",1,"fullstop","Sentence ending punctuation",NA,NA
"Configure","VV","configure",9,"verb","Verb, base form",NA,NA
"Estatio","NP","<unknown>",7,"name","Proper noun, singular",NA,NA
"JDBC","NP","<unknown>",4,"name","Proper noun, singular",NA,NA
"URL","NP","<unknown>",3,"name","Proper noun, singular",NA,NA
"Before","IN","before",6,"preposition","Preposition or subordinating conjunction",NA,NA
"Estatio","NP","<unknown>",7,"name","Proper noun, singular",NA,NA
"can","MD","can",3,"modal","Modal",NA,NA
"be","VB","be",2,"verb","Verb, base form of ""to be""",NA,NA
"run","VVN","run",3,"verb","Verb, past participle",NA,NA
",",",",",",1,"comma","Comma",NA,NA
"you","PP","you",3,"pronoun","Personal pronoun",NA,NA
"must","MD","must",4,"modal","Modal",NA,NA
"configure","VV","configure",9,"verb","Verb, base form",NA,NA
"its","PP$","its",3,"pronoun","Possessive pronoun",NA,NA
"JDBC","NP","<unknown>",4,"name","Proper noun, singular",NA,NA
"URL","NP","<unknown>",3,"name","Proper noun, singular",NA,NA
"typically","RB","typically",9,"adverb","Adverb",NA,NA
"this","DT","this",4,"determiner","Determiner",NA,NA
"lives","NNS","life",5,"noun","Noun, plural",NA,NA
"in","IN","in",2,"preposition","Preposition or subordinating conjunction",NA,NA
"the","DT","the",3,"determiner","Determiner",NA,NA
"webapp","NP","<unknown>",6,"name","Proper noun, singular",NA,NA
"src","NN","<unknown>",3,"noun","Noun, singular or mass",NA,NA
"main","JJ","main",4,"adjective","Adjective",NA,NA
"webapp","NP","<unknown>",6,"name","Proper noun, singular",NA,NA
"WEB","NP","Web",3,"name","Proper noun, singular",NA,NA
"INF","NP","INF",3,"name","Proper noun, singular",NA,NA
"persistor","NN","<unknown>",9,"noun","Noun, singular or mass",NA,NA
".","SENT",".",1,"fullstop","Sentence ending punctuation",NA,NA
"properties","NNS","property",10,"noun","Noun, plural",NA,NA
"properties","NNS","property",10,"noun","Noun, plural",NA,NA
"file","VVP","file",4,"verb","Verb, non-3rd person singular present",NA,NA
".","SENT",".",1,"fullstop","Sentence ending punctuation",NA,NA
"You","PP","you",3,"pronoun","Personal pronoun",NA,NA
"can","MD","can",3,"modal","Modal",NA,NA
"do","VV","do",2,"verb","Verb, base form",NA,NA
"this","DT","this",4,"determiner","Determiner",NA,NA
"most","RBS","most",4,"adverb","Adverb, superlative",NA,NA
"easily","RB","easily",6,"adverb","Adverb",NA,NA
"by","IN","by",2,"preposition","Preposition or subordinating conjunction",NA,NA
"copying","VVG","copy",7,"verb","Verb, gerund or present participle",NA,NA
"a","DT","a",1,"determiner","Determiner",NA,NA
"set","NN","set",3,"noun","Noun, singular or mass",NA,NA
"of","IN","of",2,"preposition","Preposition or subordinating conjunction",NA,NA
"property","NN","property",8,"noun","Noun, singular or mass",NA,NA
"entries","NNS","entry",7,"noun","Noun, plural",NA,NA
"from","IN","from",4,"preposition","Preposition or subordinating conjunction",NA,NA
"webapp","NP","<unknown>",6,"name","Proper noun, singular",NA,NA
"src","NP","Src",3,"name","Proper noun, singular",NA,NA
"main","JJ","main",4,"adjective","Adjective",NA,NA
"webapp","NP","<unknown>",6,"name","Proper noun, singular",NA,NA
"WEB","NP","Web",3,"name","Proper noun, singular",NA,NA
"INF","NP","INF",3,"name","Proper noun, singular",NA,NA
"persistor","NN","<unknown>",9,"noun","Noun, singular or mass",NA,NA
"SAMPLE","NP","Sample",6,"name","Proper noun, singular",NA,NA
".","SENT",".",1,"fullstop","Sentence ending punctuation",NA,NA
"properties","NNS","property",10,"noun","Noun, plural",NA,NA
".","SENT",".",1,"fullstop","Sentence ending punctuation",NA,NA
"For","IN","for",3,"preposition","Preposition or subordinating conjunction",NA,NA
"example","NN","example",7,"noun","Noun, singular or mass",NA,NA
",",",",",",1,"comma","Comma",NA,NA
"to","TO","to",2,"to","to",NA,NA
"run","VV","run",3,"verb","Verb, base form",NA,NA
"against","IN","against",7,"preposition","Preposition or subordinating conjunction",NA,NA
"an","DT","an",2,"determiner","Determiner",NA,NA
"in","IN","in",2,"preposition","Preposition or subordinating conjunction",NA,NA
"memory","NN","memory",6,"noun","Noun, singular or mass",NA,NA
"HSQLDB","NP","<unknown>",6,"name","Proper noun, singular",NA,NA
",",",",",",1,"comma","Comma",NA,NA
"the","DT","the",3,"determiner","Determiner",NA,NA
"persistor","NN","<unknown>",9,"noun","Noun, singular or mass",NA,NA
".","SENT",".",1,"fullstop","Sentence ending punctuation",NA,NA
"properties","NNS","property",10,"noun","Noun, plural",NA,NA
"file","VVP","file",4,"verb","Verb, non-3rd person singular present",NA,NA
"should","MD","should",6,"modal","Modal",NA,NA
"consist","VV","consist",7,"verb","Verb, base form",NA,NA
"of","IN","of",2,"preposition","Preposition or subordinating conjunction",NA,NA
":","SENT",":",1,"fullstop","Sentence ending punctuation",NA,NA
"source","NN","source",6,"noun","Noun, singular or mass",NA,NA
"isis","NN","<unknown>",4,"noun","Noun, singular or mass",NA,NA
".","SENT",".",1,"fullstop","Sentence ending punctuation",NA,NA
"persistor","NN","<unknown>",9,"noun","Noun, singular or mass",NA,NA
".","SENT",".",1,"fullstop","Sentence ending punctuation",NA,NA
"datanucleus","NN","<unknown>",11,"noun","Noun, singular or mass",NA,NA
".","SENT",".",1,"fullstop","Sentence ending punctuation",NA,NA
"impl","NN","<unknown>",4,"noun","Noun, singular or mass",NA,NA
".","SENT",".",1,"fullstop","Sentence ending punctuation",NA,NA
"javax","NN","<unknown>",5,"noun","Noun, singular or mass",NA,NA
".","SENT",".",1,"fullstop","Sentence ending punctuation",NA,NA
"jdo","NN","<unknown>",3,"noun","Noun, singular or mass",NA,NA
".","SENT",".",1,"fullstop","Sentence ending punctuation",NA,NA
"option","NN","option",6,"noun","Noun, singular or mass",NA,NA
".","SENT",".",1,"fullstop","Sentence ending punctuation",NA,NA
"ConnectionDriverName","NP","<unknown>",20,"name","Proper noun, singular",NA,NA
"org","NP","<unknown>",3,"name","Proper noun, singular",NA,NA
".","SENT",".",1,"fullstop","Sentence ending punctuation",NA,NA
"hsqldb","NN","<unknown>",6,"noun","Noun, singular or mass",NA,NA
".","SENT",".",1,"fullstop","Sentence ending punctuation",NA,NA
"jdbcDriver","NN","<unknown>",10,"noun","Noun, singular or mass",NA,NA
"isis","NN","<unknown>",4,"noun","Noun, singular or mass",NA,NA
".","SENT",".",1,"fullstop","Sentence ending punctuation",NA,NA
"persistor","NN","<unknown>",9,"noun","Noun, singular or mass",NA,NA
".","SENT",".",1,"fullstop","Sentence ending punctuation",NA,NA
"datanucleus","NN","<unknown>",11,"noun","Noun, singular or mass",NA,NA
".","SENT",".",1,"fullstop","Sentence ending punctuation",NA,NA
"impl","NN","<unknown>",4,"noun","Noun, singular or mass",NA,NA
".","SENT",".",1,"fullstop","Sentence ending punctuation",NA,NA
"javax","NN","<unknown>",5,"noun","Noun, singular or mass",NA,NA
".","SENT",".",1,"fullstop","Sentence ending punctuation",NA,NA
"jdo","NN","<unknown>",3,"noun","Noun, singular or mass",NA,NA
".","SENT",".",1,"fullstop","Sentence ending punctuation",NA,NA
"option","NN","option",6,"noun","Noun, singular or mass",NA,NA
".","SENT",".",1,"fullstop","Sentence ending punctuation",NA,NA
"ConnectionURL","NN","<unknown>",13,"noun","Noun, singular or mass",NA,NA
"jdbc","NN","<unknown>",4,"noun","Noun, singular or mass",NA,NA
":","SENT",":",1,"fullstop","Sentence ending punctuation",NA,NA
"hsqldb","NN","<unknown>",6,"noun","Noun, singular or mass",NA,NA
":","SENT",":",1,"fullstop","Sentence ending punctuation",NA,NA
"mem","NN","mem",3,"noun","Noun, singular or mass",NA,NA
":","SENT",":",1,"fullstop","Sentence ending punctuation",NA,NA
"test","NN","test",4,"noun","Noun, singular or mass",NA,NA
"isis","NN","<unknown>",4,"noun","Noun, singular or mass",NA,NA
".","SENT",".",1,"fullstop","Sentence ending punctuation",NA,NA
"persistor","NN","<unknown>",9,"noun","Noun, singular or mass",NA,NA
".","SENT",".",1,"fullstop","Sentence ending punctuation",NA,NA
"datanucleus","NN","<unknown>",11,"noun","Noun, singular or mass",NA,NA
".","SENT",".",1,"fullstop","Sentence ending punctuation",NA,NA
"impl","NN","<unknown>",4,"noun","Noun, singular or mass",NA,NA
".","SENT",".",1,"fullstop","Sentence ending punctuation",NA,NA
"javax","NN","<unknown>",5,"noun","Noun, singular or mass",NA,NA
".","SENT",".",1,"fullstop","Sentence ending punctuation",NA,NA
"jdo","NN","<unknown>",3,"noun","Noun, singular or mass",NA,NA
".","SENT",".",1,"fullstop","Sentence ending punctuation",NA,NA
"option","NN","option",6,"noun","Noun, singular or mass",NA,NA
".","SENT",".",1,"fullstop","Sentence ending punctuation",NA,NA
"ConnectionUserName","JJ","<unknown>",18,"adjective","Adjective",NA,NA
"sa","NN","<unknown>",2,"noun","Noun, singular or mass",NA,NA
"isis","NN","<unknown>",4,"noun","Noun, singular or mass",NA,NA
".","SENT",".",1,"fullstop","Sentence ending punctuation",NA,NA
"persistor","NN","<unknown>",9,"noun","Noun, singular or mass",NA,NA
".","SENT",".",1,"fullstop","Sentence ending punctuation",NA,NA
"datanucleus","NN","<unknown>",11,"noun","Noun, singular or mass",NA,NA
".","SENT",".",1,"fullstop","Sentence ending punctuation",NA,NA
"impl","NN","<unknown>",4,"noun","Noun, singular or mass",NA,NA
".","SENT",".",1,"fullstop","Sentence ending punctuation",NA,NA
"javax","NN","<unknown>",5,"noun","Noun, singular or mass",NA,NA
".","SENT",".",1,"fullstop","Sentence ending punctuation",NA,NA
"jdo","NN","<unknown>",3,"noun","Noun, singular or mass",NA,NA
".","SENT",".",1,"fullstop","Sentence ending punctuation",NA,NA
"option","NN","option",6,"noun","Noun, singular or mass",NA,NA
".","SENT",".",1,"fullstop","Sentence ending punctuation",NA,NA
"ConnectionPassword","NP","<unknown>",18,"name","Proper noun, singular",NA,NA
"The","NP","The",3,"name","Proper noun, singular",NA,NA
"JDBC","NP","<unknown>",4,"name","Proper noun, singular",NA,NA
"driver","NN","driver",6,"noun","Noun, singular or mass",NA,NA
"for","IN","for",3,"preposition","Preposition or subordinating conjunction",NA,NA
"HSQLDB","NP","<unknown>",6,"name","Proper noun, singular",NA,NA
"is","VBZ","be",2,"verb","Verb, 3rd person singular present of ""to be""",NA,NA
"on","IN","on",2,"preposition","Preposition or subordinating conjunction",NA,NA
"the","DT","the",3,"determiner","Determiner",NA,NA
"classpath","NN","<unknown>",9,"noun","Noun, singular or mass",NA,NA
".","SENT",".",1,"fullstop","Sentence ending punctuation",NA,NA
"If","IN","if",2,"preposition","Preposition or subordinating conjunction",NA,NA
"you","PP","you",3,"pronoun","Personal pronoun",NA,NA
"want","VVP","want",4,"verb","Verb, non-3rd person singular present",NA,NA
"to","TO","to",2,"to","to",NA,NA
"connect","VV","connect",7,"verb","Verb, base form",NA,NA
"to","TO","to",2,"to","to",NA,NA
"some","DT","some",4,"determiner","Determiner",NA,NA
"other","JJ","other",5,"adjective","Adjective",NA,NA
"database","NN","database",8,"noun","Noun, singular or mass",NA,NA
",",",",",",1,"comma","Comma",NA,NA
"be","VB","be",2,"verb","Verb, base form of ""to be""",NA,NA
"sure","JJ","sure",4,"adjective","Adjective",NA,NA
"to","TO","to",2,"to","to",NA,NA
"update","VV","update",6,"verb","Verb, base form",NA,NA
"the","DT","the",3,"determiner","Determiner",NA,NA
"pom","NN","pom",3,"noun","Noun, singular or mass",NA,NA
".","SENT",".",1,"fullstop","Sentence ending punctuation",NA,NA
"xml","NN","<unknown>",3,"noun","Noun, singular or mass",NA,NA
"to","TO","to",2,"to","to",NA,NA
"add","VV","add",3,"verb","Verb, base form",NA,NA
"the","DT","the",3,"determiner","Determiner",NA,NA
"driver","NN","driver",6,"noun","Noun, singular or mass",NA,NA
"as","IN","as",2,"preposition","Preposition or subordinating conjunction",NA,NA
"a","DT","a",1,"determiner","Determiner",NA,NA
"dependency","NN","dependency",10,"noun","Noun, singular or mass",NA,NA
".","SENT",".",1,"fullstop","Sentence ending punctuation",NA,NA
"Run","VV","run",3,"verb","Verb, base form",NA,NA
"Estatio","NP","<unknown>",7,"name","Proper noun, singular",NA,NA
"You","PP","you",3,"pronoun","Personal pronoun",NA,NA
"can","MD","can",3,"modal","Modal",NA,NA
"run","VV","run",3,"verb","Verb, base form",NA,NA
"Estatio","NP","<unknown>",7,"name","Proper noun, singular",NA,NA
"either","CC","either",6,"conjunction","Coordinating conjunction",NA,NA
"using","VVG","use",5,"verb","Verb, gerund or present participle",NA,NA
"the","DT","the",3,"determiner","Determiner",NA,NA
"standalone","JJ","standalone",10,"adjective","Adjective",NA,NA
"self","NN","self",4,"noun","Noun, singular or mass",NA,NA
"hosting","VVG","host",7,"verb","Verb, gerund or present participle",NA,NA
"version","NN","version",7,"noun","Noun, singular or mass",NA,NA
"of","IN","of",2,"preposition","Preposition or subordinating conjunction",NA,NA
"the","DT","the",3,"determiner","Determiner",NA,NA
"WAR","NN","war",3,"noun","Noun, singular or mass",NA,NA
",",",",",",1,"comma","Comma",NA,NA
"or","CC","or",2,"conjunction","Coordinating conjunction",NA,NA
"using","VVG","use",5,"verb","Verb, gerund or present participle",NA,NA
"mvn","NN","<unknown>",3,"noun","Noun, singular or mass",NA,NA
"jetty","NN","jetty",5,"noun","Noun, singular or mass",NA,NA
"plugin","NN","<unknown>",6,"noun","Noun, singular or mass",NA,NA
".","SENT",".",1,"fullstop","Sentence ending punctuation",NA,NA
"Running","VVG","run",7,"verb","Verb, gerund or present participle",NA,NA
"as","IN","as",2,"preposition","Preposition or subordinating conjunction",NA,NA
"a","DT","a",1,"determiner","Determiner",NA,NA
"self","NN","self",4,"noun","Noun, singular or mass",NA,NA
"hosting","VVG","host",7,"verb","Verb, gerund or present participle",NA,NA
"JAR","NP","<unknown>",3,"name","Proper noun, singular",NA,NA
"Run","NP","<unknown>",3,"name","Proper noun, singular",NA,NA
"using","VVG","use",5,"verb","Verb, gerund or present participle",NA,NA
":","SENT",":",1,"fullstop","Sentence ending punctuation",NA,NA
"source","NN","source",6,"noun","Noun, singular or mass",NA,NA
"java","NN","<unknown>",4,"noun","Noun, singular or mass",NA,NA
"jar","NN","jar",3,"noun","Noun, singular or mass",NA,NA
"estatioapp","NP","<unknown>",10,"name","Proper noun, singular",NA,NA
"webapp","NP","<unknown>",6,"name","Proper noun, singular",NA,NA
"target","NN","target",6,"noun","Noun, singular or mass",NA,NA
"estatio","NP","<unknown>",7,"name","Proper noun, singular",NA,NA
"webapp","NP","<unknown>",6,"name","Proper noun, singular",NA,NA
"x.y.z","NP","<unknown>",5,"name","Proper noun, singular",NA,NA
"SNAPSHOT","NP","<unknown>",8,"name","Proper noun, singular",NA,NA
"jetty","NN","jetty",5,"noun","Noun, singular or mass",NA,NA
"console","NN","console",7,"noun","Noun, singular or mass",NA,NA
".","SENT",".",1,"fullstop","Sentence ending punctuation",NA,NA
"war","VV","war",3,"verb","Verb, base form",NA,NA
"where","WRB","where",5,"adverb","Wh-adverb",NA,NA
"x.y.z","NP","<unknown>",5,"name","Proper noun, singular",NA,NA
"is","VBZ","be",2,"verb","Verb, 3rd person singular present of ""to be""",NA,NA
"the","DT","the",3,"determiner","Determiner",NA,NA
"current","JJ","current",7,"adjective","Adjective",NA,NA
"version","NN","version",7,"noun","Noun, singular or mass",NA,NA
",",",",",",1,"comma","Comma",NA,NA
"and","CC","and",3,"conjunction","Coordinating conjunction",NA,NA
"press","VV","press",5,"verb","Verb, base form",NA,NA
"the","DT","the",3,"determiner","Determiner",NA,NA
"start","NN","start",5,"noun","Noun, singular or mass",NA,NA
"button","NN","button",6,"noun","Noun, singular or mass",NA,NA
".","SENT",".",1,"fullstop","Sentence ending punctuation",NA,NA
"Running","VVG","run",7,"verb","Verb, gerund or present participle",NA,NA
"through","IN","through",7,"preposition","Preposition or subordinating conjunction",NA,NA
"Maven","NP","<unknown>",5,"name","Proper noun, singular",NA,NA
"Run","NP","<unknown>",3,"name","Proper noun, singular",NA,NA
"using","VVG","use",5,"verb","Verb, gerund or present participle",NA,NA
":","SENT",":",1,"fullstop","Sentence ending punctuation",NA,NA
"source","NN","source",6,"noun","Noun, singular or mass",NA,NA
"cd","NN","<unknown>",2,"noun","Noun, singular or mass",NA,NA
"estatioapp","NP","<unknown>",10,"name","Proper noun, singular",NA,NA
"webapp","NP","<unknown>",6,"name","Proper noun, singular",NA,NA
"mvn","NN","<unknown>",3,"noun","Noun, singular or mass",NA,NA
"jetty","NN","jetty",5,"noun","Noun, singular or mass",NA,NA
":","SENT",":",1,"fullstop","Sentence ending punctuation",NA,NA
"run","VVN","run",3,"verb","Verb, past participle",NA,NA
"Once","IN","once",4,"preposition","Preposition or subordinating conjunction",NA,NA
"the","DT","the",3,"determiner","Determiner",NA,NA
"app","NP","App",3,"name","Proper noun, singular",NA,NA
"has","VHZ","have",3,"verb","Verb, 3rd person singular present of ""to have""",NA,NA
"started","VVN","start",7,"verb","Verb, past participle",NA,NA
",",",",",",1,"comma","Comma",NA,NA
"browse","VVP","browse",6,"verb","Verb, non-3rd person singular present",NA,NA
"to","TO","to",2,"to","to",NA,NA
":","SENT",":",1,"fullstop","Sentence ending punctuation",NA,NA
"source","NN","source",6,"noun","Noun, singular or mass",NA,NA
"Using","VVG","use",5,"verb","Verb, gerund or present participle",NA,NA
"Estatio","NP","<unknown>",7,"name","Proper noun, singular",NA,NA
"Login","NP","<unknown>",5,"name","Proper noun, singular",NA,NA
"using","VVG","use",5,"verb","Verb, gerund or present participle",NA,NA
"estatio","NN","<unknown>",7,"noun","Noun, singular or mass",NA,NA
"admin","NN","admin",5,"noun","Noun, singular or mass",NA,NA
"pass","NN","pass",4,"noun","Noun, singular or mass",NA,NA
"or","CC","or",2,"conjunction","Coordinating conjunction",NA,NA
"estatio","NN","<unknown>",7,"noun","Noun, singular or mass",NA,NA
"user","NN","user",4,"noun","Noun, singular or mass",NA,NA
"pass","NN","pass",4,"noun","Noun, singular or mass",NA,NA
".","SENT",".",1,"fullstop","Sentence ending punctuation",NA,NA
"Install","VV","install",7,"verb","Verb, base form",NA,NA
"some","DT","some",4,"determiner","Determiner",NA,NA
"demo","NN","demo",4,"noun","Noun, singular or mass",NA,NA
"fixtures","NNS","fixture",8,"noun","Noun, plural",NA,NA
"as","IN","as",2,"preposition","Preposition or subordinating conjunction",NA,NA
"estatio","NN","<unknown>",7,"noun","Noun, singular or mass",NA,NA
"admin","NN","admin",5,"noun","Noun, singular or mass",NA,NA
":","SENT",":",1,"fullstop","Sentence ending punctuation",NA,NA
"Prototyping","NP","Prototyping",11,"name","Proper noun, singular",NA,NA
"Run","NP","<unknown>",3,"name","Proper noun, singular",NA,NA
"Fixture","NN","fixture",7,"noun","Noun, singular or mass",NA,NA
"Script","NN","script",6,"noun","Noun, singular or mass",NA,NA
"Run","NN","run",3,"noun","Noun, singular or mass",NA,NA
"script","NN","script",6,"noun","Noun, singular or mass",NA,NA
":","SENT",":",1,"fullstop","Sentence ending punctuation",NA,NA
"Estatio","NP","<unknown>",7,"name","Proper noun, singular",NA,NA
"Demo","NP","Demo",4,"name","Proper noun, singular",NA,NA
"Fixture","NN","fixture",7,"noun","Noun, singular or mass",NA,NA
"Run","NN","run",3,"noun","Noun, singular or mass",NA,NA
"a","DT","a",1,"determiner","Determiner",NA,NA
"script","NN","script",6,"noun","Noun, singular or mass",NA,NA
"to","TO","to",2,"to","to",NA,NA
"setup","NN","setup",5,"noun","Noun, singular or mass",NA,NA
"invoices","NNS","invoice",8,"noun","Noun, plural",NA,NA
":","SENT",":",1,"fullstop","Sentence ending punctuation",NA,NA
"Prototyping","NP","Prototyping",11,"name","Proper noun, singular",NA,NA
"Run","NP","<unknown>",3,"name","Proper noun, singular",NA,NA
"Fixture","NN","fixture",7,"noun","Noun, singular or mass",NA,NA
"Script","NN","script",6,"noun","Noun, singular or mass",NA,NA
"Run","NN","run",3,"noun","Noun, singular or mass",NA,NA
"script","NN","script",6,"noun","Noun, singular or mass",NA,NA
":","SENT",":",1,"fullstop","Sentence ending punctuation",NA,NA
"Generate","VV","generate",8,"verb","Verb, base form",NA,NA
"Top","JJ","top",3,"adjective","Adjective",NA,NA
"Model","NP","Model",5,"name","Proper noun, singular",NA,NA
"Invoice","NP","<unknown>",7,"name","Proper noun, singular",NA,NA
"And","CC","and",3,"conjunction","Coordinating conjunction",NA,NA
"take","VV","take",4,"verb","Verb, base form",NA,NA
"a","DT","a",1,"determiner","Determiner",NA,NA
"look","NN","look",4,"noun","Noun, singular or mass",NA,NA
"around","RB","around",6,"adverb","Adverb",NA,NA
":","SENT",":",1,"fullstop","Sentence ending punctuation",NA,NA
"If","IN","if",2,"preposition","Preposition or subordinating conjunction",NA,NA
"you","PP","you",3,"pronoun","Personal pronoun",NA,NA
"encounter","VVP","encounter",9,"verb","Verb, non-3rd person singular present",NA,NA
"any","DT","any",3,"determiner","Determiner",NA,NA
"bugs","NNS","bug",4,"noun","Noun, plural",NA,NA
",",",",",",1,"comma","Comma",NA,NA
"do","VVP","do",2,"verb","Verb, non-3rd person singular present",NA,NA
"Developers","NP","Developers",10,"name","Proper noun, singular",NA,NA
"Guide","NP","Guide",5,"name","Proper noun, singular",NA,NA
"A","DT","a",1,"determiner","Determiner",NA,NA
"developers","NNS","developer",10,"noun","Noun, plural",NA,NA
"guide","NN","guide",5,"noun","Noun, singular or mass",NA,NA
"can","MD","can",3,"modal","Modal",NA,NA
"be","VB","be",2,"verb","Verb, base form of ""to be""",NA,NA
"found","VVN","find",5,"verb","Verb, past participle",NA,NA
"Thanks","NNS","Thank",6,"noun","Noun, plural",NA,NA
"Thanks","NNS","Thank",6,"noun","Noun, plural",NA,NA
"to","TO","to",2,"to","to",NA,NA
":","SENT",":",1,"fullstop","Sentence ending punctuation",NA,NA
"image","NN","image",5,"noun","Noun, singular or mass",NA,NA
":","SENT",":",1,"fullstop","Sentence ending punctuation",NA,NA
"link","NN","link",4,"noun","Noun, singular or mass",NA,NA
":","SENT",":",1,"fullstop","Sentence ending punctuation",NA,NA
"Support","VV","support",7,"verb","Verb, base form",NA,NA
"You","PP","you",3,"pronoun","Personal pronoun",NA,NA
"are","VBP","be",3,"verb","Verb, non-3rd person singular present of ""to be""",NA,NA
"free","JJ","free",4,"adjective","Adjective",NA,NA
"to","TO","to",2,"to","to",NA,NA
"adapt","VV","adapt",5,"verb","Verb, base form",NA,NA
"or","CC","or",2,"conjunction","Coordinating conjunction",NA,NA
"extend","VV","extend",6,"verb","Verb, base form",NA,NA
"Estatio","NP","<unknown>",7,"name","Proper noun, singular",NA,NA
"to","TO","to",2,"to","to",NA,NA
"your","PP$","your",4,"pronoun","Possessive pronoun",NA,NA
"needs","NNS","need",5,"noun","Noun, plural",NA,NA
".","SENT",".",1,"fullstop","Sentence ending punctuation",NA,NA
"If","IN","if",2,"preposition","Preposition or subordinating conjunction",NA,NA
"you","PP","you",3,"pronoun","Personal pronoun",NA,NA
"would","MD","would",5,"modal","Modal",NA,NA
"like","VV","like",4,"verb","Verb, base form",NA,NA
"assistance","NN","assistance",10,"noun","Noun, singular or mass",NA,NA
"in","IN","in",2,"preposition","Preposition or subordinating conjunction",NA,NA
"doing","VVG","do",5,"verb","Verb, gerund or present participle",NA,NA
"so","RB","so",2,"adverb","Adverb",NA,NA
",",",",",",1,"comma","Comma",NA,NA
"go","VVP","go",2,"verb","Verb, non-3rd person singular present",NA,NA
"to","TO","to",2,"to","to",NA,NA
"You","PP","you",3,"pronoun","Personal pronoun",NA,NA
"can","MD","can",3,"modal","Modal",NA,NA
"find","VV","find",4,"verb","Verb, base form",NA,NA
"plenty","NN","plenty",6,"noun","Noun, singular or mass",NA,NA
"of","IN","of",2,"preposition","Preposition or subordinating conjunction",NA,NA
"help","NN","help",4,"noun","Noun, singular or mass",NA,NA
"on","IN","on",2,"preposition","Preposition or subordinating conjunction",NA,NA
"using","VVG","use",5,"verb","Verb, gerund or present participle",NA,NA
"Apache","NP","Apache",6,"name","Proper noun, singular",NA,NA
"Isis","NP","Isis",4,"name","Proper noun, singular",NA,NA
"at","IN","at",2,"preposition","Preposition or subordinating conjunction",NA,NA
"the","DT","the",3,"determiner","Determiner",NA,NA
"There","RB","there",5,"adverb","Adverb",NA,NA
"is","VBZ","be",2,"verb","Verb, 3rd person singular present of ""to be""",NA,NA
"also","RB","also",4,"adverb","Adverb",NA,NA
"extensive","JJ","extensive",9,"adjective","Adjective",NA,NA
"Legal","NP","Legal",5,"name","Proper noun, singular",NA,NA
"Stuff","NP","<unknown>",5,"name","Proper noun, singular",NA,NA
"Copyright","NP","Copyright",9,"name","Proper noun, singular",NA,NA
"date","NN","date",4,"noun","Noun, singular or mass",NA,NA
"Licensed","NP","<unknown>",8,"name","Proper noun, singular",NA,NA
"under","IN","under",5,"preposition","Preposition or subordinating conjunction",NA,NA
