"token","tag","lemma","lttr","wclass","desc","stop","stem"
"mlabueva","NN","<unknown>",8,"noun","Noun, singular or mass",NA,NA
"realestate","NN","realestate",10,"noun","Noun, singular or mass",NA,NA
"michelle","NN","Michelle",8,"noun","Noun, singular or mass",NA,NA
"abueva","NN","<unknown>",6,"noun","Noun, singular or mass",NA,NA
"s","NN","S",1,"noun","Noun, singular or mass",NA,NA
"real","JJ","real",4,"adjective","Adjective",NA,NA
"estate","NN","estate",6,"noun","Noun, singular or mass",NA,NA
