"token","tag","lemma","lttr","wclass","desc","stop","stem"
"WP","NP","WP",2,"name","Proper noun, singular",NA,NA
"Property","NP","Property",8,"name","Proper noun, singular",NA,NA
"Plugin","NP","<unknown>",6,"name","Proper noun, singular",NA,NA
"WP","NP","WP",2,"name","Proper noun, singular",NA,NA
"Property","NP","Property",8,"name","Proper noun, singular",NA,NA
"is","VBZ","be",2,"verb","Verb, 3rd person singular present of ""to be""",NA,NA
"the","DT","the",3,"determiner","Determiner",NA,NA
"leading","VVG","lead",7,"verb","Verb, gerund or present participle",NA,NA
"WordPress","NN","<unknown>",9,"noun","Noun, singular or mass",NA,NA
"plugin","NN","<unknown>",6,"noun","Noun, singular or mass",NA,NA
"for","IN","for",3,"preposition","Preposition or subordinating conjunction",NA,NA
"creating","VVG","create",8,"verb","Verb, gerund or present participle",NA,NA
"and","CC","and",3,"conjunction","Coordinating conjunction",NA,NA
"managing","VVG","manage",8,"verb","Verb, gerund or present participle",NA,NA
"highly","RB","highly",6,"adverb","Adverb",NA,NA
"customizable","JJ","<unknown>",12,"adjective","Adjective",NA,NA
"real","JJ","real",4,"adjective","Adjective",NA,NA
"estate","NN","estate",6,"noun","Noun, singular or mass",NA,NA
",",",",",",1,"comma","Comma",NA,NA
"property","NN","property",8,"noun","Noun, singular or mass",NA,NA
"management","NN","management",10,"noun","Noun, singular or mass",NA,NA
",",",",",",1,"comma","Comma",NA,NA
"and","CC","and",3,"conjunction","Coordinating conjunction",NA,NA
"completely","RB","completely",10,"adverb","Adverb",NA,NA
"custom","JJ","custom",6,"adjective","Adjective",NA,NA
"listing","VVG","list",7,"verb","Verb, gerund or present participle",NA,NA
"showcase","NN","showcase",8,"noun","Noun, singular or mass",NA,NA
"websites","NNS","<unknown>",8,"noun","Noun, plural",NA,NA
".","SENT",".",1,"fullstop","Sentence ending punctuation",NA,NA
"Packed","VVN","pack",6,"verb","Verb, past participle",NA,NA
"full","JJ","full",4,"adjective","Adjective",NA,NA
"of","IN","of",2,"preposition","Preposition or subordinating conjunction",NA,NA
"features","NNS","feature",8,"noun","Noun, plural",NA,NA
",",",",",",1,"comma","Comma",NA,NA
"it","PP","it",2,"pronoun","Personal pronoun",NA,NA
"gives","VVZ","give",5,"verb","Verb, 3rd person singular present",NA,NA
"you","PP","you",3,"pronoun","Personal pronoun",NA,NA
"possibilities","NNS","possibility",13,"noun","Noun, plural",NA,NA
"that","IN/that","that",4,"preposition","Preposition or subordinating conjunction",NA,NA
"no","DT","no",2,"determiner","Determiner",NA,NA
"other","JJ","other",5,"adjective","Adjective",NA,NA
"real","JJ","real",4,"adjective","Adjective",NA,NA
"estate","NN","estate",6,"noun","Noun, singular or mass",NA,NA
"system","NN","system",6,"noun","Noun, singular or mass",NA,NA
"for","IN","for",3,"preposition","Preposition or subordinating conjunction",NA,NA
"WordPress","NP","<unknown>",9,"name","Proper noun, singular",NA,NA
"does","VVZ","do",4,"verb","Verb, 3rd person singular present",NA,NA
".","SENT",".",1,"fullstop","Sentence ending punctuation",NA,NA
"Try","VV","try",3,"verb","Verb, base form",NA,NA
"it","PP","it",2,"pronoun","Personal pronoun",NA,NA
"out","RP","out",3,"particle"," Particle",NA,NA
",",",",",",1,"comma","Comma",NA,NA
"you","PP","you",3,"pronoun","Personal pronoun",NA,NA
"will","MD","will",4,"modal","Modal",NA,NA
"be","VB","be",2,"verb","Verb, base form of ""to be""",NA,NA
"impressed","VVN","impress",9,"verb","Verb, past participle",NA,NA
".","SENT",".",1,"fullstop","Sentence ending punctuation",NA,NA
"Issues","NP","Issues",6,"name","Proper noun, singular",NA,NA
"Bug","NP","<unknown>",3,"name","Proper noun, singular",NA,NA
"Issues","NPS","Issues",6,"name","Proper noun, plural",NA,NA
"Backlog","NP","<unknown>",7,"name","Proper noun, singular",NA,NA
"Issues","NPS","Issues",6,"name","Proper noun, plural",NA,NA
"Active","NP","<unknown>",6,"name","Proper noun, singular",NA,NA
"Dependency","NP","Dependency",10,"name","Proper noun, singular",NA,NA
"Status","NP","<unknown>",6,"name","Proper noun, singular",NA,NA
"Scrutinizer","NP","<unknown>",11,"name","Proper noun, singular",NA,NA
"Quality","NP","Quality",7,"name","Proper noun, singular",NA,NA
"Scrutinizer","NP","<unknown>",11,"name","Proper noun, singular",NA,NA
"Coverage","NP","Coverage",8,"name","Proper noun, singular",NA,NA
"CircleCI","NP","<unknown>",8,"name","Proper noun, singular",NA,NA
"Look","VV","look",4,"verb","Verb, base form",NA,NA
"the","DT","the",3,"determiner","Determiner",NA,NA
"plugin","NN","<unknown>",6,"noun","Noun, singular or mass",NA,NA
"on","IN","on",2,"preposition","Preposition or subordinating conjunction",NA,NA
"WordPress","NP","<unknown>",9,"name","Proper noun, singular",NA,NA
".","SENT",".",1,"fullstop","Sentence ending punctuation",NA,NA
"org","NP","<unknown>",3,"name","Proper noun, singular",NA,NA
"Although","IN","although",8,"preposition","Preposition or subordinating conjunction",NA,NA
"WP","NP","WP",2,"name","Proper noun, singular",NA,NA
"Property","NP","Property",8,"name","Proper noun, singular",NA,NA
"is","VBZ","be",2,"verb","Verb, 3rd person singular present of ""to be""",NA,NA
"the","DT","the",3,"determiner","Determiner",NA,NA
"highest","RBS","highest",7,"adverb","Adverb, superlative",NA,NA
"rated","VVN","rate",5,"verb","Verb, past participle",NA,NA
"and","CC","and",3,"conjunction","Coordinating conjunction",NA,NA
"most","RBS","most",4,"adverb","Adverb, superlative",NA,NA
"downloaded","JJ","<unknown>",10,"adjective","Adjective",NA,NA
"WordPress","NP","<unknown>",9,"name","Proper noun, singular",NA,NA
"real","JJ","real",4,"adjective","Adjective",NA,NA
"estate","NN","estate",6,"noun","Noun, singular or mass",NA,NA
"plugin","NN","<unknown>",6,"noun","Noun, singular or mass",NA,NA
",",",",",",1,"comma","Comma",NA,NA
"it","PP","it",2,"pronoun","Personal pronoun",NA,NA
"can","MD","can",3,"modal","Modal",NA,NA
"handle","VV","handle",6,"verb","Verb, base form",NA,NA
"so","RB","so",2,"adverb","Adverb",NA,NA
"much","RB","much",4,"adverb","Adverb",NA,NA
"more","RBR","more",4,"adverb","Adverb, comparative",NA,NA
"than","IN","than",4,"preposition","Preposition or subordinating conjunction",NA,NA
"real","JJ","real",4,"adjective","Adjective",NA,NA
"estate","NN","estate",6,"noun","Noun, singular or mass",NA,NA
".","SENT",".",1,"fullstop","Sentence ending punctuation",NA,NA
"Showcase","VV","showcase",8,"verb","Verb, base form",NA,NA
"any","DT","any",3,"determiner","Determiner",NA,NA
"kind","NN","kind",4,"noun","Noun, singular or mass",NA,NA
"of","IN","of",2,"preposition","Preposition or subordinating conjunction",NA,NA
"entity","NN","entity",6,"noun","Noun, singular or mass",NA,NA
"you","PP","you",3,"pronoun","Personal pronoun",NA,NA
"want","VVP","want",4,"verb","Verb, non-3rd person singular present",NA,NA
",",",",",",1,"comma","Comma",NA,NA
"from","IN","from",4,"preposition","Preposition or subordinating conjunction",NA,NA
"livestock","NN","livestock",9,"noun","Noun, singular or mass",NA,NA
",",",",",",1,"comma","Comma",NA,NA
"golf","NN","golf",4,"noun","Noun, singular or mass",NA,NA
"carts","NNS","cart",5,"noun","Noun, plural",NA,NA
",",",",",",1,"comma","Comma",NA,NA
"to","TO","to",2,"to","to",NA,NA
"properties","NNS","property",10,"noun","Noun, plural",NA,NA
"and","CC","and",3,"conjunction","Coordinating conjunction",NA,NA
"products","NNS","product",8,"noun","Noun, plural",NA,NA
",",",",",",1,"comma","Comma",NA,NA
"experiencing","VVG","experience",12,"verb","Verb, gerund or present participle",NA,NA
"unparalleled","JJ","unparalleled",12,"adjective","Adjective",NA,NA
"ease","NN","ease",4,"noun","Noun, singular or mass",NA,NA
"of","IN","of",2,"preposition","Preposition or subordinating conjunction",NA,NA
"use","NN","use",3,"noun","Noun, singular or mass",NA,NA
"and","CC","and",3,"conjunction","Coordinating conjunction",NA,NA
"flexibility","NN","flexibility",11,"noun","Noun, singular or mass",NA,NA
"on","IN","on",2,"preposition","Preposition or subordinating conjunction",NA,NA
"the","DT","the",3,"determiner","Determiner",NA,NA
"way","NN","way",3,"noun","Noun, singular or mass",NA,NA
".","SENT",".",1,"fullstop","Sentence ending punctuation",NA,NA
"Do","VVP","do",2,"verb","Verb, non-3rd person singular present",NA,NA
"you","PP","you",3,"pronoun","Personal pronoun",NA,NA
"want","VVP","want",4,"verb","Verb, non-3rd person singular present",NA,NA
"to","TO","to",2,"to","to",NA,NA
"see","VV","see",3,"verb","Verb, base form",NA,NA
"the","DT","the",3,"determiner","Determiner",NA,NA
"plugin","NN","<unknown>",6,"noun","Noun, singular or mass",NA,NA
"in","IN","in",2,"preposition","Preposition or subordinating conjunction",NA,NA
"action","NN","action",6,"noun","Noun, singular or mass",NA,NA
"Just","RB","just",4,"adverb","Adverb",NA,NA
"proceed","VV","proceed",7,"verb","Verb, base form",NA,NA
"to","TO","to",2,"to","to",NA,NA
"our","PP$","our",3,"pronoun","Possessive pronoun",NA,NA
"Madison","NP","Madison",7,"name","Proper noun, singular",NA,NA
":","SENT",":",1,"fullstop","Sentence ending punctuation",NA,NA
"madison","NN","<unknown>",7,"noun","Noun, singular or mass",NA,NA
".","SENT",".",1,"fullstop","Sentence ending punctuation",NA,NA
"ci","NNS","<unknown>",2,"noun","Noun, plural",NA,NA
".","SENT",".",1,"fullstop","Sentence ending punctuation",NA,NA
"usabilitydynamics","NNS","<unknown>",17,"noun","Noun, plural",NA,NA
".","SENT",".",1,"fullstop","Sentence ending punctuation",NA,NA
"com","NN","com",3,"noun","Noun, singular or mass",NA,NA
"and","CC","and",3,"conjunction","Coordinating conjunction",NA,NA
"Denali","NP","Denali",6,"name","Proper noun, singular",NA,NA
"Dynamic","NP","<unknown>",7,"name","Proper noun, singular",NA,NA
"Property","NP","Property",8,"name","Proper noun, singular",NA,NA
"Listings","NP","<unknown>",8,"name","Proper noun, singular",NA,NA
"No","NP","No",2,"name","Proper noun, singular",NA,NA
"Coding","NP","<unknown>",6,"name","Proper noun, singular",NA,NA
"Required","NP","<unknown>",8,"name","Proper noun, singular",NA,NA
"WP","NP","WP",2,"name","Proper noun, singular",NA,NA
"Property","NP","Property",8,"name","Proper noun, singular",NA,NA
"seamlessly","RB","seamlessly",10,"adverb","Adverb",NA,NA
"integrates","VVZ","integrate",10,"verb","Verb, 3rd person singular present",NA,NA
"with","IN","with",4,"preposition","Preposition or subordinating conjunction",NA,NA
"WordPress","NN","<unknown>",9,"noun","Noun, singular or mass",NA,NA
"websites","NNS","<unknown>",8,"noun","Noun, plural",NA,NA
",",",",",",1,"comma","Comma",NA,NA
"no","RB","no",2,"adverb","Adverb",NA,NA
"coding","VVG","code",6,"verb","Verb, gerund or present participle",NA,NA
"required","JJ","required",8,"adjective","Adjective",NA,NA
"Specify","NP","<unknown>",7,"name","Proper noun, singular",NA,NA
"search","NN","search",6,"noun","Noun, singular or mass",NA,NA
"criteria","NNS","criterion",8,"noun","Noun, plural",NA,NA
"and","CC","and",3,"conjunction","Coordinating conjunction",NA,NA
"quickly","RB","quickly",7,"adverb","Adverb",NA,NA
"sort","VV","sort",4,"verb","Verb, base form",NA,NA
"results","NNS","result",7,"noun","Noun, plural",NA,NA
"with","IN","with",4,"preposition","Preposition or subordinating conjunction",NA,NA
"a","DT","a",1,"determiner","Determiner",NA,NA
"single","JJ","single",6,"adjective","Adjective",NA,NA
"click","NN","click",5,"noun","Noun, singular or mass",NA,NA
".","SENT",".",1,"fullstop","Sentence ending punctuation",NA,NA
"Any","DT","any",3,"determiner","Determiner",NA,NA
"custom","NN","custom",6,"noun","Noun, singular or mass",NA,NA
"attributes","VVZ","attribute",10,"verb","Verb, 3rd person singular present",NA,NA
"at","IN","at",2,"preposition","Preposition or subordinating conjunction",NA,NA
"your","PP$","your",4,"pronoun","Possessive pronoun",NA,NA
"fingertips","NNS","fingertip",10,"noun","Noun, plural",NA,NA
".","SENT",".",1,"fullstop","Sentence ending punctuation",NA,NA
"Fully","RB","fully",5,"adverb","Adverb",NA,NA
"customizable","JJ","<unknown>",12,"adjective","Adjective",NA,NA
"dynamic","NN","dynamic",7,"noun","Noun, singular or mass",NA,NA
"filtering","VVG","filter",9,"verb","Verb, gerund or present participle",NA,NA
".","SENT",".",1,"fullstop","Sentence ending punctuation",NA,NA
"Unparalleled","JJ","unparalleled",12,"adjective","Adjective",NA,NA
"Flexibility","NN","flexibility",11,"noun","Noun, singular or mass",NA,NA
"�","NN","<unknown>",1,"noun","Noun, singular or mass",NA,NA
"List","NP","List",4,"name","Proper noun, singular",NA,NA
"ANY","NP","Any",3,"name","Proper noun, singular",NA,NA
"Product","NP","Product",7,"name","Proper noun, singular",NA,NA
"or","CC","or",2,"conjunction","Coordinating conjunction",NA,NA
"Service","NP","Service",7,"name","Proper noun, singular",NA,NA
"Built","VVN","build",5,"verb","Verb, past participle",NA,NA
"for","IN","for",3,"preposition","Preposition or subordinating conjunction",NA,NA
"real","JJ","real",4,"adjective","Adjective",NA,NA
"estate","NN","estate",6,"noun","Noun, singular or mass",NA,NA
",",",",",",1,"comma","Comma",NA,NA
"useful","JJ","useful",6,"adjective","Adjective",NA,NA
"for","IN","for",3,"preposition","Preposition or subordinating conjunction",NA,NA
"everything","NN","everything",10,"noun","Noun, singular or mass",NA,NA
".","SENT",".",1,"fullstop","Sentence ending punctuation",NA,NA
"Extremely","RB","extremely",9,"adverb","Adverb",NA,NA
"flexible","JJ","flexible",8,"adjective","Adjective",NA,NA
"interface","NN","interface",9,"noun","Noun, singular or mass",NA,NA
"which","WDT","which",5,"determiner","Wh-determiner",NA,NA
"lets","VVZ","let",4,"verb","Verb, 3rd person singular present",NA,NA
"you","PP","you",3,"pronoun","Personal pronoun",NA,NA
"list","NN","list",4,"noun","Noun, singular or mass",NA,NA
"products","NNS","product",8,"noun","Noun, plural",NA,NA
"of","IN","of",2,"preposition","Preposition or subordinating conjunction",NA,NA
"any","DT","any",3,"determiner","Determiner",NA,NA
"kind","NN","kind",4,"noun","Noun, singular or mass",NA,NA
".","SENT",".",1,"fullstop","Sentence ending punctuation",NA,NA
"List","NN","list",4,"noun","Noun, singular or mass",NA,NA
"vehicles","NNS","vehicle",8,"noun","Noun, plural",NA,NA
",",",",",",1,"comma","Comma",NA,NA
"hotel","NN","hotel",5,"noun","Noun, singular or mass",NA,NA
"reservations","NNS","reservation",12,"noun","Noun, plural",NA,NA
",",",",",",1,"comma","Comma",NA,NA
"farm","NN","farm",4,"noun","Noun, singular or mass",NA,NA
"animals","NNS","animal",7,"noun","Noun, plural",NA,NA
"and","CC","and",3,"conjunction","Coordinating conjunction",NA,NA
"much","RB","much",4,"adverb","Adverb",NA,NA
"more","RBR","more",4,"adverb","Adverb, comparative",NA,NA
".","SENT",".",1,"fullstop","Sentence ending punctuation",NA,NA
"Versatile","JJ","versatile",9,"adjective","Adjective",NA,NA
"application","NN","application",11,"noun","Noun, singular or mass",NA,NA
",",",",",",1,"comma","Comma",NA,NA
"limited","VVN","limit",7,"verb","Verb, past participle",NA,NA
"only","RB","only",4,"adverb","Adverb",NA,NA
"by","IN","by",2,"preposition","Preposition or subordinating conjunction",NA,NA
"your","PP$","your",4,"pronoun","Possessive pronoun",NA,NA
"imagination","NN","imagination",11,"noun","Noun, singular or mass",NA,NA
"More","RBR","more",4,"adverb","Adverb, comparative",NA,NA
"than","IN","than",4,"preposition","Preposition or subordinating conjunction",NA,NA
"a","DT","a",1,"determiner","Determiner",NA,NA
"Plugin","NP","<unknown>",6,"name","Proper noun, singular",NA,NA
"A","NP","A",1,"name","Proper noun, singular",NA,NA
"Real","NP","Real",4,"name","Proper noun, singular",NA,NA
"Estate","NP","Estate",6,"name","Proper noun, singular",NA,NA
"Management","NP","Management",10,"name","Proper noun, singular",NA,NA
"System","NP","System",6,"name","Proper noun, singular",NA,NA
"Not","RB","not",3,"adverb","Adverb",NA,NA
"just","RB","just",4,"adverb","Adverb",NA,NA
"a","DT","a",1,"determiner","Determiner",NA,NA
"mere","JJ","mere",4,"adjective","Adjective",NA,NA
"plugin","NN","<unknown>",6,"noun","Noun, singular or mass",NA,NA
",",",",",",1,"comma","Comma",NA,NA
"but","CC","but",3,"conjunction","Coordinating conjunction",NA,NA
"a","DT","a",1,"determiner","Determiner",NA,NA
"whole","JJ","whole",5,"adjective","Adjective",NA,NA
"real","JJ","real",4,"adjective","Adjective",NA,NA
"estate","NN","estate",6,"noun","Noun, singular or mass",NA,NA
"management","NN","management",10,"noun","Noun, singular or mass",NA,NA
"system","NN","system",6,"noun","Noun, singular or mass",NA,NA
"at","IN","at",2,"preposition","Preposition or subordinating conjunction",NA,NA
"your","PP$","your",4,"pronoun","Possessive pronoun",NA,NA
"fingertips","NNS","fingertip",10,"noun","Noun, plural",NA,NA
"Smooth","NN","smooth",6,"noun","Noun, singular or mass",NA,NA
"operation","NN","operation",9,"noun","Noun, singular or mass",NA,NA
",",",",",",1,"comma","Comma",NA,NA
"user","NN","user",4,"noun","Noun, singular or mass",NA,NA
"friendly","JJ","friendly",8,"adjective","Adjective",NA,NA
"interface","NN","interface",9,"noun","Noun, singular or mass",NA,NA
",",",",",",1,"comma","Comma",NA,NA
"comes","VVZ","come",5,"verb","Verb, 3rd person singular present",NA,NA
"with","IN","with",4,"preposition","Preposition or subordinating conjunction",NA,NA
"its","PP$","its",3,"pronoun","Possessive pronoun",NA,NA
"own","JJ","own",3,"adjective","Adjective",NA,NA
"vast","JJ","vast",4,"adjective","Adjective",NA,NA
"collection","NN","collection",10,"noun","Noun, singular or mass",NA,NA
"of","IN","of",2,"preposition","Preposition or subordinating conjunction",NA,NA
"property","NN","property",8,"noun","Noun, singular or mass",NA,NA
"listing","NN","listing",7,"noun","Noun, singular or mass",NA,NA
"functionality","NN","functionality",13,"noun","Noun, singular or mass",NA,NA
"and","CC","and",3,"conjunction","Coordinating conjunction",NA,NA
"compatible","JJ","compatible",10,"adjective","Adjective",NA,NA
"premium","NN","premium",7,"noun","Noun, singular or mass",NA,NA
"features","NNS","feature",8,"noun","Noun, plural",NA,NA
".","SENT",".",1,"fullstop","Sentence ending punctuation",NA,NA
"Expandable","JJ","expandable",10,"adjective","Adjective",NA,NA
",",",",",",1,"comma","Comma",NA,NA
"customizable","JJ","<unknown>",12,"adjective","Adjective",NA,NA
"and","CC","and",3,"conjunction","Coordinating conjunction",NA,NA
"fully","RB","fully",5,"adverb","Adverb",NA,NA
"supported","VVN","support",9,"verb","Verb, past participle",NA,NA
"by","IN","by",2,"preposition","Preposition or subordinating conjunction",NA,NA
"us","PP","us",2,"pronoun","Personal pronoun",NA,NA
"Features","NP","<unknown>",8,"name","Proper noun, singular",NA,NA
"Flexible","NP","Flexible",8,"name","Proper noun, singular",NA,NA
"Extendable","NP","<unknown>",10,"name","Proper noun, singular",NA,NA
"Filter","NP","Filter",6,"name","Proper noun, singular",NA,NA
"on","IN","on",2,"preposition","Preposition or subordinating conjunction",NA,NA
"All","DT","all",3,"determiner","Determiner",NA,NA
"Properties","NP","Properties",10,"name","Proper noun, singular",NA,NA
"page","NN","page",4,"noun","Noun, singular or mass",NA,NA
".","SENT",".",1,"fullstop","Sentence ending punctuation",NA,NA
"Fields","NNS","field",6,"noun","Noun, plural",NA,NA
"such","JJ","such",4,"adjective","Adjective",NA,NA
"as","IN","as",2,"preposition","Preposition or subordinating conjunction",NA,NA
"price","NN","price",5,"noun","Noun, singular or mass",NA,NA
",",",",",",1,"comma","Comma",NA,NA
"bathrooms","NNS","bathroom",9,"noun","Noun, plural",NA,NA
",",",",",",1,"comma","Comma",NA,NA
"bedrooms","NNS","bedroom",8,"noun","Noun, plural",NA,NA
",",",",",",1,"comma","Comma",NA,NA
"features","NNS","feature",8,"noun","Noun, plural",NA,NA
",",",",",",1,"comma","Comma",NA,NA
"address","VV","address",7,"verb","Verb, base form",NA,NA
",",",",",",1,"comma","Comma",NA,NA
"work","VV","work",4,"verb","Verb, base form",NA,NA
"out","RP","out",3,"particle"," Particle",NA,NA
"of","IN","of",2,"preposition","Preposition or subordinating conjunction",NA,NA
"the","DT","the",3,"determiner","Determiner",NA,NA
"box","NN","box",3,"noun","Noun, singular or mass",NA,NA
".","SENT",".",1,"fullstop","Sentence ending punctuation",NA,NA
"Any","DT","any",3,"determiner","Determiner",NA,NA
"amount","NN","amount",6,"noun","Noun, singular or mass",NA,NA
"of","IN","of",2,"preposition","Preposition or subordinating conjunction",NA,NA
"custom","NN","custom",6,"noun","Noun, singular or mass",NA,NA
"attributes","VVZ","attribute",10,"verb","Verb, 3rd person singular present",NA,NA
"fields","NNS","field",6,"noun","Noun, plural",NA,NA
"and","CC","and",3,"conjunction","Coordinating conjunction",NA,NA
"property","NN","property",8,"noun","Noun, singular or mass",NA,NA
"types","NNS","type",5,"noun","Noun, plural",NA,NA
".","SENT",".",1,"fullstop","Sentence ending punctuation",NA,NA
"Different","JJ","different",9,"adjective","Adjective",NA,NA
"attributes","NNS","attribute",10,"noun","Noun, plural",NA,NA
"fields","NNS","field",6,"noun","Noun, plural",NA,NA
"inputs","NNS","input",6,"noun","Noun, plural",NA,NA
"are","VBP","be",3,"verb","Verb, non-3rd person singular present of ""to be""",NA,NA
"available","JJ","available",9,"adjective","Adjective",NA,NA
",",",",",",1,"comma","Comma",NA,NA
"e.g.","FW","e.g.",4,"foreign","Foreign word",NA,NA
"Text","NP","<unknown>",4,"name","Proper noun, singular",NA,NA
"Editor","NP","Editor",6,"name","Proper noun, singular",NA,NA
",",",",",",1,"comma","Comma",NA,NA
"Number","NP","Number",6,"name","Proper noun, singular",NA,NA
",",",",",",1,"comma","Comma",NA,NA
"Currency","NP","Currency",8,"name","Proper noun, singular",NA,NA
",",",",",",1,"comma","Comma",NA,NA
"File","NP","File",4,"name","Proper noun, singular",NA,NA
"and","CC","and",3,"conjunction","Coordinating conjunction",NA,NA
"Image","NP","<unknown>",5,"name","Proper noun, singular",NA,NA
"Upload","NP","<unknown>",6,"name","Proper noun, singular",NA,NA
",",",",",",1,"comma","Comma",NA,NA
"URL","NP","<unknown>",3,"name","Proper noun, singular",NA,NA
",",",",",",1,"comma","Comma",NA,NA
"Date","NP","<unknown>",4,"name","Proper noun, singular",NA,NA
"and","CC","and",3,"conjunction","Coordinating conjunction",NA,NA
"Color","NP","Color",5,"name","Proper noun, singular",NA,NA
"Pickers","NP","<unknown>",7,"name","Proper noun, singular",NA,NA
",",",",",",1,"comma","Comma",NA,NA
"etc","FW","etc",3,"foreign","Foreign word",NA,NA
".","SENT",".",1,"fullstop","Sentence ending punctuation",NA,NA
"Free","NP","Free",4,"name","Proper noun, singular",NA,NA
"and","CC","and",3,"conjunction","Coordinating conjunction",NA,NA
"Paid","NP","<unknown>",4,"name","Proper noun, singular",NA,NA
"Add","VV","add",3,"verb","Verb, base form",NA,NA
"ons","NNS","on",3,"noun","Noun, plural",NA,NA
"and","CC","and",3,"conjunction","Coordinating conjunction",NA,NA
"Themes","NP","<unknown>",6,"name","Proper noun, singular",NA,NA
"Flexible","NP","Flexible",8,"name","Proper noun, singular",NA,NA
"Search","NP","Search",6,"name","Proper noun, singular",NA,NA
".","SENT",".",1,"fullstop","Sentence ending punctuation",NA,NA
"Pagination","NN","pagination",10,"noun","Noun, singular or mass",NA,NA
"and","CC","and",3,"conjunction","Coordinating conjunction",NA,NA
"sorting","VVG","sort",7,"verb","Verb, gerund or present participle",NA,NA
"works","NNS","work",5,"noun","Noun, plural",NA,NA
"on","IN","on",2,"preposition","Preposition or subordinating conjunction",NA,NA
"search","NN","search",6,"noun","Noun, singular or mass",NA,NA
"results","NNS","result",7,"noun","Noun, plural",NA,NA
".","SENT",".",1,"fullstop","Sentence ending punctuation",NA,NA
"Property","NN","property",8,"noun","Noun, singular or mass",NA,NA
"result","NN","result",6,"noun","Noun, singular or mass",NA,NA
"pagination","NN","pagination",10,"noun","Noun, singular or mass",NA,NA
"via","IN","via",3,"preposition","Preposition or subordinating conjunction",NA,NA
"AJAX","NP","Ajax",4,"name","Proper noun, singular",NA,NA
".","SENT",".",1,"fullstop","Sentence ending punctuation",NA,NA
"Property","NN","property",8,"noun","Noun, singular or mass",NA,NA
"queries","NNS","query",7,"noun","Noun, plural",NA,NA
"by","IN","by",2,"preposition","Preposition or subordinating conjunction",NA,NA
"custom","NN","custom",6,"noun","Noun, singular or mass",NA,NA
"attributes","NNS","attribute",10,"noun","Noun, plural",NA,NA
".","SENT",".",1,"fullstop","Sentence ending punctuation",NA,NA
"Localized","JJ","localized",9,"adjective","Adjective",NA,NA
"Google","NP","<unknown>",6,"name","Proper noun, singular",NA,NA
"Maps","NP","<unknown>",4,"name","Proper noun, singular",NA,NA
".","SENT",".",1,"fullstop","Sentence ending punctuation",NA,NA
"Customizable","JJ","<unknown>",12,"adjective","Adjective",NA,NA
"templates","NNS","template",9,"noun","Noun, plural",NA,NA
"for","IN","for",3,"preposition","Preposition or subordinating conjunction",NA,NA
"different","JJ","different",9,"adjective","Adjective",NA,NA
"property","NN","property",8,"noun","Noun, singular or mass",NA,NA
"types","NNS","type",5,"noun","Noun, plural",NA,NA
".","SENT",".",1,"fullstop","Sentence ending punctuation",NA,NA
"SEO","NP","Seo",3,"name","Proper noun, singular",NA,NA
"friendly","JJ","friendly",8,"adjective","Adjective",NA,NA
"URLs","NNS","<unknown>",4,"noun","Noun, plural",NA,NA
"generated","VVN","generate",9,"verb","Verb, past participle",NA,NA
"for","IN","for",3,"preposition","Preposition or subordinating conjunction",NA,NA
"every","DT","every",5,"determiner","Determiner",NA,NA
"property","NN","property",8,"noun","Noun, singular or mass",NA,NA
",",",",",",1,"comma","Comma",NA,NA
"following","VVG","follow",9,"verb","Verb, gerund or present participle",NA,NA
"the","DT","the",3,"determiner","Determiner",NA,NA
"WordPress","NP","<unknown>",9,"name","Proper noun, singular",NA,NA
"format","NN","format",6,"noun","Noun, singular or mass",NA,NA
".","SENT",".",1,"fullstop","Sentence ending punctuation",NA,NA
"Customizable","JJ","<unknown>",12,"adjective","Adjective",NA,NA
"widgets","NNS","widget",7,"noun","Noun, plural",NA,NA
":","SENT",":",1,"fullstop","Sentence ending punctuation",NA,NA
"Featured","JJ","featured",8,"adjective","Adjective",NA,NA
"Properties","NPS","Properties",10,"name","Proper noun, plural",NA,NA
",",",",",",1,"comma","Comma",NA,NA
"Property","NP","Property",8,"name","Proper noun, singular",NA,NA
"Search","NP","Search",6,"name","Proper noun, singular",NA,NA
",",",",",",1,"comma","Comma",NA,NA
"Property","NP","Property",8,"name","Proper noun, singular",NA,NA
"Gallery","NP","Gallery",7,"name","Proper noun, singular",NA,NA
",",",",",",1,"comma","Comma",NA,NA
"and","CC","and",3,"conjunction","Coordinating conjunction",NA,NA
"Child","NP","Child",5,"name","Proper noun, singular",NA,NA
"Properties","NPS","Properties",10,"name","Proper noun, plural",NA,NA
".","SENT",".",1,"fullstop","Sentence ending punctuation",NA,NA
"Google","NP","<unknown>",6,"name","Proper noun, singular",NA,NA
"Maps","NP","<unknown>",4,"name","Proper noun, singular",NA,NA
"API","NP","API",3,"name","Proper noun, singular",NA,NA
"to","TO","to",2,"to","to",NA,NA
"automatically","RB","automatically",13,"adverb","Adverb",NA,NA
"validate","VV","validate",8,"verb","Verb, base form",NA,NA
"physical","JJ","physical",8,"adjective","Adjective",NA,NA
"addresses","NNS","address",9,"noun","Noun, plural",NA,NA
"behind","IN","behind",6,"preposition","Preposition or subordinating conjunction",NA,NA
"the","DT","the",3,"determiner","Determiner",NA,NA
"scenes","NNS","scene",6,"noun","Noun, plural",NA,NA
".","SENT",".",1,"fullstop","Sentence ending punctuation",NA,NA
"Integrates","VVZ","integrate",10,"verb","Verb, 3rd person singular present",NA,NA
"with","IN","with",4,"preposition","Preposition or subordinating conjunction",NA,NA
"Media","NP","Media",5,"name","Proper noun, singular",NA,NA
"Library","NP","Library",7,"name","Proper noun, singular",NA,NA
",",",",",",1,"comma","Comma",NA,NA
"avoiding","VVG","avoid",8,"verb","Verb, gerund or present participle",NA,NA
"the","DT","the",3,"determiner","Determiner",NA,NA
"need","NN","need",4,"noun","Noun, singular or mass",NA,NA
"for","IN","for",3,"preposition","Preposition or subordinating conjunction",NA,NA
"additional","JJ","additional",10,"adjective","Adjective",NA,NA
"third","JJ","third",5,"adjective","Adjective",NA,NA
"party","NN","party",5,"noun","Noun, singular or mass",NA,NA
"Gallery","NN","gallery",7,"noun","Noun, singular or mass",NA,NA
"plugins","NNS","<unknown>",7,"noun","Noun, plural",NA,NA
".","SENT",".",1,"fullstop","Sentence ending punctuation",NA,NA
"Advanced","JJ","advanced",8,"adjective","Adjective",NA,NA
"image","NN","image",5,"noun","Noun, singular or mass",NA,NA
"type","NN","type",4,"noun","Noun, singular or mass",NA,NA
"configuration","NN","configuration",13,"noun","Noun, singular or mass",NA,NA
"using","VVG","use",5,"verb","Verb, gerund or present participle",NA,NA
"UI","NP","UI",2,"name","Proper noun, singular",NA,NA
".","SENT",".",1,"fullstop","Sentence ending punctuation",NA,NA
"Out","RB","out",3,"adverb","Adverb",NA,NA
"of","IN","of",2,"preposition","Preposition or subordinating conjunction",NA,NA
"the","DT","the",3,"determiner","Determiner",NA,NA
"box","NN","box",3,"noun","Noun, singular or mass",NA,NA
"support","NN","support",7,"noun","Noun, singular or mass",NA,NA
"for","IN","for",3,"preposition","Preposition or subordinating conjunction",NA,NA
"two","CD","two",3,"number","Cardinal number",NA,NA
"property","NN","property",8,"noun","Noun, singular or mass",NA,NA
"types","NNS","type",5,"noun","Noun, plural",NA,NA
",",",",",",1,"comma","Comma",NA,NA
"Building","NP","Building",8,"name","Proper noun, singular",NA,NA
"and","CC","and",3,"conjunction","Coordinating conjunction",NA,NA
"Floorplan","NP","<unknown>",9,"name","Proper noun, singular",NA,NA
".","SENT",".",1,"fullstop","Sentence ending punctuation",NA,NA
"More","JJR","more",4,"adjective","Adjective, comparative",NA,NA
"can","MD","can",3,"modal","Modal",NA,NA
"be","VB","be",2,"verb","Verb, base form of ""to be""",NA,NA
"added","VVN","add",5,"verb","Verb, past participle",NA,NA
"via","IN","via",3,"preposition","Preposition or subordinating conjunction",NA,NA
"WP","NP","WP",2,"name","Proper noun, singular",NA,NA
"Property","NP","Property",8,"name","Proper noun, singular",NA,NA
"API","NP","API",3,"name","Proper noun, singular",NA,NA
".","SENT",".",1,"fullstop","Sentence ending punctuation",NA,NA
"Property","NN","property",8,"noun","Noun, singular or mass",NA,NA
"types","NNS","type",5,"noun","Noun, plural",NA,NA
"follow","VVP","follow",6,"verb","Verb, non-3rd person singular present",NA,NA
"a","DT","a",1,"determiner","Determiner",NA,NA
"hierarchical","JJ","hierarchical",12,"adjective","Adjective",NA,NA
"format","NN","format",6,"noun","Noun, singular or mass",NA,NA
",",",",",",1,"comma","Comma",NA,NA
"having","VHG","have",6,"verb","Verb, gerund or present participle of ""to have""",NA,NA
"the","DT","the",3,"determiner","Determiner",NA,NA
"ability","NN","ability",7,"noun","Noun, singular or mass",NA,NA
"of","IN","of",2,"preposition","Preposition or subordinating conjunction",NA,NA
"inheriting","VVG","inherit",10,"verb","Verb, gerund or present participle",NA,NA
"settings","NNS","setting",8,"noun","Noun, plural",NA,NA
"i.e.","FW","i.e.",4,"foreign","Foreign word",NA,NA
"buildings","NNS","building",9,"noun","Noun, plural",NA,NA
"or","CC","or",2,"conjunction","Coordinating conjunction",NA,NA
"communities","NNS","community",11,"noun","Noun, plural",NA,NA
"will","MD","will",4,"modal","Modal",NA,NA
"automatically","RB","automatically",13,"adverb","Adverb",NA,NA
"calculate","VV","calculate",9,"verb","Verb, base form",NA,NA
"the","DT","the",3,"determiner","Determiner",NA,NA
"price","NN","price",5,"noun","Noun, singular or mass",NA,NA
"range","NN","range",5,"noun","Noun, singular or mass",NA,NA
"of","IN","of",2,"preposition","Preposition or subordinating conjunction",NA,NA
"all","DT","all",3,"determiner","Determiner",NA,NA
"floor","NN","floor",5,"noun","Noun, singular or mass",NA,NA
"plans","VVZ","plan",5,"verb","Verb, 3rd person singular present",NA,NA
"below","IN","below",5,"preposition","Preposition or subordinating conjunction",NA,NA
"them","PP","them",4,"pronoun","Personal pronoun",NA,NA
".","SENT",".",1,"fullstop","Sentence ending punctuation",NA,NA
"Free","NP","Free",4,"name","Proper noun, singular",NA,NA
"Widgets","NP","<unknown>",7,"name","Proper noun, singular",NA,NA
"Child","NP","Child",5,"name","Proper noun, singular",NA,NA
"Properties","NPS","Properties",10,"name","Proper noun, plural",NA,NA
".","SENT",".",1,"fullstop","Sentence ending punctuation",NA,NA
"Show","NN","show",4,"noun","Noun, singular or mass",NA,NA
"child","NN","child",5,"noun","Noun, singular or mass",NA,NA
"properties","NNS","property",10,"noun","Noun, plural",NA,NA
"if","IN","if",2,"preposition","Preposition or subordinating conjunction",NA,NA
"any","DT","any",3,"determiner","Determiner",NA,NA
"for","IN","for",3,"preposition","Preposition or subordinating conjunction",NA,NA
"currently","RB","currently",9,"adverb","Adverb",NA,NA
"displayed","VVN","display",9,"verb","Verb, past participle",NA,NA
"property","NN","property",8,"noun","Noun, singular or mass",NA,NA
"Featured","NP","<unknown>",8,"name","Proper noun, singular",NA,NA
"Properties","NP","Properties",10,"name","Proper noun, singular",NA,NA
".","SENT",".",1,"fullstop","Sentence ending punctuation",NA,NA
"List","NN","list",4,"noun","Noun, singular or mass",NA,NA
"of","IN","of",2,"preposition","Preposition or subordinating conjunction",NA,NA
"properties","NNS","property",10,"noun","Noun, plural",NA,NA
"that","WDT","that",4,"determiner","Wh-determiner",NA,NA
"were","VBD","be",4,"verb","Verb, past tense of ""to be""",NA,NA
"marked","VVN","mark",6,"verb","Verb, past participle",NA,NA
"as","IN","as",2,"preposition","Preposition or subordinating conjunction",NA,NA
"Featured","JJ","featured",8,"adjective","Adjective",NA,NA
"Latest","JJS","late",6,"adjective","Adjective, superlative",NA,NA
"Properties","NPS","Properties",10,"name","Proper noun, plural",NA,NA
".","SENT",".",1,"fullstop","Sentence ending punctuation",NA,NA
"List","NN","list",4,"noun","Noun, singular or mass",NA,NA
"of","IN","of",2,"preposition","Preposition or subordinating conjunction",NA,NA
"the","DT","the",3,"determiner","Determiner",NA,NA
"latest","JJS","late",6,"adjective","Adjective, superlative",NA,NA
"properties","NNS","property",10,"noun","Noun, plural",NA,NA
"created","VVN","create",7,"verb","Verb, past participle",NA,NA
"on","IN","on",2,"preposition","Preposition or subordinating conjunction",NA,NA
"this","DT","this",4,"determiner","Determiner",NA,NA
"site","NN","site",4,"noun","Noun, singular or mass",NA,NA
".","SENT",".",1,"fullstop","Sentence ending punctuation",NA,NA
"Other","JJ","other",5,"adjective","Adjective",NA,NA
"Properties","NPS","Properties",10,"name","Proper noun, plural",NA,NA
".","SENT",".",1,"fullstop","Sentence ending punctuation",NA,NA
"Display","VV","display",7,"verb","Verb, base form",NA,NA
"a","DT","a",1,"determiner","Determiner",NA,NA
"list","NN","list",4,"noun","Noun, singular or mass",NA,NA
"of","IN","of",2,"preposition","Preposition or subordinating conjunction",NA,NA
"properties","NNS","property",10,"noun","Noun, plural",NA,NA
"that","WDT","that",4,"determiner","Wh-determiner",NA,NA
"share","VVP","share",5,"verb","Verb, non-3rd person singular present",NA,NA
"a","DT","a",1,"determiner","Determiner",NA,NA
"parent","NN","parent",6,"noun","Noun, singular or mass",NA,NA
"with","IN","with",4,"preposition","Preposition or subordinating conjunction",NA,NA
"the","DT","the",3,"determiner","Determiner",NA,NA
"currently","RB","currently",9,"adverb","Adverb",NA,NA
"displayed","VVN","display",9,"verb","Verb, past participle",NA,NA
"property","NN","property",8,"noun","Noun, singular or mass",NA,NA
".","SENT",".",1,"fullstop","Sentence ending punctuation",NA,NA
"Property","NP","Property",8,"name","Proper noun, singular",NA,NA
"Attributes","NP","<unknown>",10,"name","Proper noun, singular",NA,NA
".","SENT",".",1,"fullstop","Sentence ending punctuation",NA,NA
"Display","VV","display",7,"verb","Verb, base form",NA,NA
"a","DT","a",1,"determiner","Determiner",NA,NA
"list","NN","list",4,"noun","Noun, singular or mass",NA,NA
"of","IN","of",2,"preposition","Preposition or subordinating conjunction",NA,NA
"selected","JJ","selected",8,"adjective","Adjective",NA,NA
"property","NN","property",8,"noun","Noun, singular or mass",NA,NA
"attributes","VVZ","attribute",10,"verb","Verb, 3rd person singular present",NA,NA
"when","WRB","when",4,"adverb","Wh-adverb",NA,NA
"loaded","VVN","load",6,"verb","Verb, past participle",NA,NA
"on","IN","on",2,"preposition","Preposition or subordinating conjunction",NA,NA
"a","DT","a",1,"determiner","Determiner",NA,NA
"single","JJ","single",6,"adjective","Adjective",NA,NA
"property","NN","property",8,"noun","Noun, singular or mass",NA,NA
"page","NN","page",4,"noun","Noun, singular or mass",NA,NA
".","SENT",".",1,"fullstop","Sentence ending punctuation",NA,NA
"Property","NP","Property",8,"name","Proper noun, singular",NA,NA
"Search","NP","Search",6,"name","Proper noun, singular",NA,NA
".","SENT",".",1,"fullstop","Sentence ending punctuation",NA,NA
"Display","VV","display",7,"verb","Verb, base form",NA,NA
"a","DT","a",1,"determiner","Determiner",NA,NA
"highly","RB","highly",6,"adverb","Adverb",NA,NA
"customizable","JJ","<unknown>",12,"adjective","Adjective",NA,NA
"property","NN","property",8,"noun","Noun, singular or mass",NA,NA
"search","NN","search",6,"noun","Noun, singular or mass",NA,NA
"form","NN","form",4,"noun","Noun, singular or mass",NA,NA
".","SENT",".",1,"fullstop","Sentence ending punctuation",NA,NA
"Property","NP","Property",8,"name","Proper noun, singular",NA,NA
"Gallery","NP","Gallery",7,"name","Proper noun, singular",NA,NA
".","SENT",".",1,"fullstop","Sentence ending punctuation",NA,NA
"List","NN","list",4,"noun","Noun, singular or mass",NA,NA
"of","IN","of",2,"preposition","Preposition or subordinating conjunction",NA,NA
"all","DT","all",3,"determiner","Determiner",NA,NA
"images","NNS","image",6,"noun","Noun, plural",NA,NA
"attached","VVN","attach",8,"verb","Verb, past participle",NA,NA
"to","TO","to",2,"to","to",NA,NA
"the","DT","the",3,"determiner","Determiner",NA,NA
"current","JJ","current",7,"adjective","Adjective",NA,NA
"property","NN","property",8,"noun","Noun, singular or mass",NA,NA
".","SENT",".",1,"fullstop","Sentence ending punctuation",NA,NA
"Property","NP","Property",8,"name","Proper noun, singular",NA,NA
"Overview","NP","<unknown>",8,"name","Proper noun, singular",NA,NA
".","SENT",".",1,"fullstop","Sentence ending punctuation",NA,NA
"Display","VV","display",7,"verb","Verb, base form",NA,NA
"a","DT","a",1,"determiner","Determiner",NA,NA
"list","NN","list",4,"noun","Noun, singular or mass",NA,NA
"of","IN","of",2,"preposition","Preposition or subordinating conjunction",NA,NA
"properties","NNS","property",10,"noun","Noun, plural",NA,NA
"using","VVG","use",5,"verb","Verb, gerund or present participle",NA,NA
"flexible","JJ","flexible",8,"adjective","Adjective",NA,NA
"bunch","NN","bunch",5,"noun","Noun, singular or mass",NA,NA
"of","IN","of",2,"preposition","Preposition or subordinating conjunction",NA,NA
"settings","NNS","setting",8,"noun","Noun, plural",NA,NA
".","SENT",".",1,"fullstop","Sentence ending punctuation",NA,NA
"Property","NP","Property",8,"name","Proper noun, singular",NA,NA
"Map","NP","<unknown>",3,"name","Proper noun, singular",NA,NA
".","SENT",".",1,"fullstop","Sentence ending punctuation",NA,NA
"Displays","NNS","display",8,"noun","Noun, plural",NA,NA
"property","NN","property",8,"noun","Noun, singular or mass",NA,NA
"map","NN","map",3,"noun","Noun, singular or mass",NA,NA
"of","IN","of",2,"preposition","Preposition or subordinating conjunction",NA,NA
"current","JJ","current",7,"adjective","Adjective",NA,NA
"or","CC","or",2,"conjunction","Coordinating conjunction",NA,NA
"particular","JJ","particular",10,"adjective","Adjective",NA,NA
"property","NN","property",8,"noun","Noun, singular or mass",NA,NA
".","SENT",".",1,"fullstop","Sentence ending punctuation",NA,NA
"List","NN","list",4,"noun","Noun, singular or mass",NA,NA
"Attachments","NNS","attachment",11,"noun","Noun, plural",NA,NA
".","SENT",".",1,"fullstop","Sentence ending punctuation",NA,NA
"Displays","NNS","display",8,"noun","Noun, plural",NA,NA
"attachments","NNS","attachment",11,"noun","Noun, plural",NA,NA
"of","IN","of",2,"preposition","Preposition or subordinating conjunction",NA,NA
"current","JJ","current",7,"adjective","Adjective",NA,NA
"property","NN","property",8,"noun","Noun, singular or mass",NA,NA
".","SENT",".",1,"fullstop","Sentence ending punctuation",NA,NA
"Shortcodes","NP","<unknown>",10,"name","Proper noun, singular",NA,NA
"We","PP","we",2,"pronoun","Personal pronoun",NA,NA
"have","VHP","have",4,"verb","Verb, non-3rd person singular present of ""to have""",NA,NA
"setup","NN","setup",5,"noun","Noun, singular or mass",NA,NA
"a","DT","a",1,"determiner","Determiner",NA,NA
"Shortcode","NP","<unknown>",9,"name","Proper noun, singular",NA,NA
"Cheatsheet","NP","<unknown>",10,"name","Proper noun, singular",NA,NA
"page","NN","page",4,"noun","Noun, singular or mass",NA,NA
"property","NN","property",8,"noun","Noun, singular or mass",NA,NA
"overview","NN","overview",8,"noun","Noun, singular or mass",NA,NA
"property","NN","property",8,"noun","Noun, singular or mass",NA,NA
"search","NN","search",6,"noun","Noun, singular or mass",NA,NA
"property","NN","property",8,"noun","Noun, singular or mass",NA,NA
"map","NN","map",3,"noun","Noun, singular or mass",NA,NA
"property","NN","property",8,"noun","Noun, singular or mass",NA,NA
"attribute","VVP","attribute",9,"verb","Verb, non-3rd person singular present",NA,NA
"featured","JJ","featured",8,"adjective","Adjective",NA,NA
"properties","NNS","property",10,"noun","Noun, plural",NA,NA
"list","NN","list",4,"noun","Noun, singular or mass",NA,NA
"attachments","NNS","attachment",11,"noun","Noun, plural",NA,NA
"property","NN","property",8,"noun","Noun, singular or mass",NA,NA
"overview","NN","overview",8,"noun","Noun, singular or mass",NA,NA
"Property","NP","Property",8,"name","Proper noun, singular",NA,NA
"Overview","NP","<unknown>",8,"name","Proper noun, singular",NA,NA
"Shortcode","NP","<unknown>",9,"name","Proper noun, singular",NA,NA
".","SENT",".",1,"fullstop","Sentence ending punctuation",NA,NA
"It","PP","it",2,"pronoun","Personal pronoun",NA,NA
"is","VBZ","be",2,"verb","Verb, 3rd person singular present of ""to be""",NA,NA
"used","VVN","use",4,"verb","Verb, past participle",NA,NA
"to","TO","to",2,"to","to",NA,NA
"display","VV","display",7,"verb","Verb, base form",NA,NA
"a","DT","a",1,"determiner","Determiner",NA,NA
"list","NN","list",4,"noun","Noun, singular or mass",NA,NA
"of","IN","of",2,"preposition","Preposition or subordinating conjunction",NA,NA
"properties","NNS","property",10,"noun","Noun, plural",NA,NA
".","SENT",".",1,"fullstop","Sentence ending punctuation",NA,NA
"In","IN","in",2,"preposition","Preposition or subordinating conjunction",NA,NA
"it","PP","it",2,"pronoun","Personal pronoun",NA,NA
"s","VVZ","<unknown>",1,"verb","Verb, 3rd person singular present",NA,NA
"most","RBS","most",4,"adverb","Adverb, superlative",NA,NA
"basic","JJ","basic",5,"adjective","Adjective",NA,NA
"form","NN","form",4,"noun","Noun, singular or mass",NA,NA
",",",",",",1,"comma","Comma",NA,NA
"it","PP","it",2,"pronoun","Personal pronoun",NA,NA
"will","MD","will",4,"modal","Modal",NA,NA
"return","VV","return",6,"verb","Verb, base form",NA,NA
"all","PDT","all",3,"predeterminer","Predeterminer",NA,NA
"the","DT","the",3,"determiner","Determiner",NA,NA
"published","VVN","publish",9,"verb","Verb, past participle",NA,NA
"properties","NNS","property",10,"noun","Noun, plural",NA,NA
"on","IN","on",2,"preposition","Preposition or subordinating conjunction",NA,NA
"your","PP$","your",4,"pronoun","Possessive pronoun",NA,NA
"site","NN","site",4,"noun","Noun, singular or mass",NA,NA
".","SENT",".",1,"fullstop","Sentence ending punctuation",NA,NA
"property","NN","property",8,"noun","Noun, singular or mass",NA,NA
"overview","NN","overview",8,"noun","Noun, singular or mass",NA,NA
"pagination","NN","pagination",10,"noun","Noun, singular or mass",NA,NA
"on","IN","on",2,"preposition","Preposition or subordinating conjunction",NA,NA
"Show","NP","Show",4,"name","Proper noun, singular",NA,NA
"all","DT","all",3,"determiner","Determiner",NA,NA
"properties","NNS","property",10,"noun","Noun, plural",NA,NA
"and","CC","and",3,"conjunction","Coordinating conjunction",NA,NA
"enable","VV","enable",6,"verb","Verb, base form",NA,NA
"pagination","NN","pagination",10,"noun","Noun, singular or mass",NA,NA
".","SENT",".",1,"fullstop","Sentence ending punctuation",NA,NA
"property","NN","property",8,"noun","Noun, singular or mass",NA,NA
"overview","NN","overview",8,"noun","Noun, singular or mass",NA,NA
"sorter","NN","sorter",6,"noun","Noun, singular or mass",NA,NA
"on","IN","on",2,"preposition","Preposition or subordinating conjunction",NA,NA
"Will","NP","Will",4,"name","Proper noun, singular",NA,NA
"list","NN","list",4,"noun","Noun, singular or mass",NA,NA
"all","DT","all",3,"determiner","Determiner",NA,NA
"properties","NNS","property",10,"noun","Noun, plural",NA,NA
"with","IN","with",4,"preposition","Preposition or subordinating conjunction",NA,NA
"sorting","VVG","sort",7,"verb","Verb, gerund or present participle",NA,NA
".","SENT",".",1,"fullstop","Sentence ending punctuation",NA,NA
"property","NN","property",8,"noun","Noun, singular or mass",NA,NA
"overview","NN","overview",8,"noun","Noun, singular or mass",NA,NA
"per","IN","per",3,"preposition","Preposition or subordinating conjunction",NA,NA
"page","NN","page",4,"noun","Noun, singular or mass",NA,NA
"Show","NN","show",4,"noun","Noun, singular or mass",NA,NA
"properties","NNS","property",10,"noun","Noun, plural",NA,NA
"on","IN","on",2,"preposition","Preposition or subordinating conjunction",NA,NA
"a","DT","a",1,"determiner","Determiner",NA,NA
"page","NN","page",4,"noun","Noun, singular or mass",NA,NA
"properties","NNS","property",10,"noun","Noun, plural",NA,NA
"is","VBZ","be",2,"verb","Verb, 3rd person singular present of ""to be""",NA,NA
"the","DT","the",3,"determiner","Determiner",NA,NA
"default","NN","default",7,"noun","Noun, singular or mass",NA,NA
".","SENT",".",1,"fullstop","Sentence ending punctuation",NA,NA
"If","IN","if",2,"preposition","Preposition or subordinating conjunction",NA,NA
"you","PP","you",3,"pronoun","Personal pronoun",NA,NA
"use","VVP","use",3,"verb","Verb, non-3rd person singular present",NA,NA
"this","DT","this",4,"determiner","Determiner",NA,NA
"shortcode","NN","<unknown>",9,"noun","Noun, singular or mass",NA,NA
"you","PP","you",3,"pronoun","Personal pronoun",NA,NA
"don","VVP","don",3,"verb","Verb, non-3rd person singular present",NA,NA
"t","NN","t",1,"noun","Noun, singular or mass",NA,NA
"need","VVP","need",4,"verb","Verb, non-3rd person singular present",NA,NA
"to","TO","to",2,"to","to",NA,NA
"use","VV","use",3,"verb","Verb, base form",NA,NA
"pagination","NN","pagination",10,"noun","Noun, singular or mass",NA,NA
"on","IN","on",2,"preposition","Preposition or subordinating conjunction",NA,NA
".","SENT",".",1,"fullstop","Sentence ending punctuation",NA,NA
"property","NN","property",8,"noun","Noun, singular or mass",NA,NA
"overview","NN","overview",8,"noun","Noun, singular or mass",NA,NA
"for","IN","for",3,"preposition","Preposition or subordinating conjunction",NA,NA
"sale","NN","sale",4,"noun","Noun, singular or mass",NA,NA
"true","JJ","true",4,"adjective","Adjective",NA,NA
"or","CC","or",2,"conjunction","Coordinating conjunction",NA,NA
"property","NN","property",8,"noun","Noun, singular or mass",NA,NA
"overview","NN","overview",8,"noun","Noun, singular or mass",NA,NA
"type","NN","type",4,"noun","Noun, singular or mass",NA,NA
"building","NN","building",8,"noun","Noun, singular or mass",NA,NA
"property","NN","property",8,"noun","Noun, singular or mass",NA,NA
"overview","NN","overview",8,"noun","Noun, singular or mass",NA,NA
"bathrooms","NNS","bathroom",9,"noun","Noun, plural",NA,NA
",",",",",",1,"comma","Comma",NA,NA
"bedrooms","NNS","bedroom",8,"noun","Noun, plural",NA,NA
"Use","NN","use",3,"noun","Noun, singular or mass",NA,NA
",",",",",",1,"comma","Comma",NA,NA
"for","IN","for",3,"preposition","Preposition or subordinating conjunction",NA,NA
"setting","VVG","set",7,"verb","Verb, gerund or present participle",NA,NA
"specific","JJ","specific",8,"adjective","Adjective",NA,NA
"values","NNS","value",6,"noun","Noun, plural",NA,NA
"of","IN","of",2,"preposition","Preposition or subordinating conjunction",NA,NA
"attributes","NNS","attribute",10,"noun","Noun, plural",NA,NA
"and","CC","and",3,"conjunction","Coordinating conjunction",NA,NA
"for","IN","for",3,"preposition","Preposition or subordinating conjunction",NA,NA
"ranges","NNS","range",6,"noun","Noun, plural",NA,NA
".","SENT",".",1,"fullstop","Sentence ending punctuation",NA,NA
"property","NN","property",8,"noun","Noun, singular or mass",NA,NA
"overview","NN","overview",8,"noun","Noun, singular or mass",NA,NA
"sorter","NN","sorter",6,"noun","Noun, singular or mass",NA,NA
"on","IN","on",2,"preposition","Preposition or subordinating conjunction",NA,NA
"sort","NN","sort",4,"noun","Noun, singular or mass",NA,NA
"by","IN","by",2,"preposition","Preposition or subordinating conjunction",NA,NA
"price","NN","price",5,"noun","Noun, singular or mass",NA,NA
"sort","NN","sort",4,"noun","Noun, singular or mass",NA,NA
"order","NN","order",5,"noun","Noun, singular or mass",NA,NA
"DESC","NP","Desc",4,"name","Proper noun, singular",NA,NA
"pagination","NN","pagination",10,"noun","Noun, singular or mass",NA,NA
"on","RB","on",2,"adverb","Adverb",NA,NA
"Will","MD","Will",4,"modal","Modal",NA,NA
"list","VV","list",4,"verb","Verb, base form",NA,NA
"all","DT","all",3,"determiner","Determiner",NA,NA
"properties","NNS","property",10,"noun","Noun, plural",NA,NA
"sorted","VVN","sort",6,"verb","Verb, past participle",NA,NA
"by","IN","by",2,"preposition","Preposition or subordinating conjunction",NA,NA
"price","NN","price",5,"noun","Noun, singular or mass",NA,NA
"in","IN","in",2,"preposition","Preposition or subordinating conjunction",NA,NA
"DESC","NP","Desc",4,"name","Proper noun, singular",NA,NA
"order","NN","order",5,"noun","Noun, singular or mass",NA,NA
"attribute","VVP","attribute",9,"verb","Verb, non-3rd person singular present",NA,NA
"Price","NP","Price",5,"name","Proper noun, singular",NA,NA
"should","MD","should",6,"modal","Modal",NA,NA
"be","VB","be",2,"verb","Verb, base form of ""to be""",NA,NA
"checked","VVN","check",7,"verb","Verb, past participle",NA,NA
"as","IN","as",2,"preposition","Preposition or subordinating conjunction",NA,NA
"sorted","VVN","sort",6,"verb","Verb, past participle",NA,NA
"in","IN","in",2,"preposition","Preposition or subordinating conjunction",NA,NA
"Properties","NP","Properties",10,"name","Proper noun, singular",NA,NA
"Settings","NP","<unknown>",8,"name","Proper noun, singular",NA,NA
"Developer","NN","developer",9,"noun","Noun, singular or mass",NA,NA
"page","NN","page",4,"noun","Noun, singular or mass",NA,NA
"and","CC","and",3,"conjunction","Coordinating conjunction",NA,NA
"paginate","VV","paginate",8,"verb","Verb, base form",NA,NA
".","SENT",".",1,"fullstop","Sentence ending punctuation",NA,NA
"Usage","NN","usage",5,"noun","Noun, singular or mass",NA,NA
"of","IN","of",2,"preposition","Preposition or subordinating conjunction",NA,NA
"custom","NN","custom",6,"noun","Noun, singular or mass",NA,NA
"attributes","NNS","attribute",10,"noun","Noun, plural",NA,NA
"added","VVD","add",5,"verb","Verb, past tense",NA,NA
"in","IN","in",2,"preposition","Preposition or subordinating conjunction",NA,NA
"the","DT","the",3,"determiner","Determiner",NA,NA
"Developer","NN","developer",9,"noun","Noun, singular or mass",NA,NA
"tab","NN","tab",3,"noun","Noun, singular or mass",NA,NA
"for","IN","for",3,"preposition","Preposition or subordinating conjunction",NA,NA
"queries","NNS","query",7,"noun","Noun, plural",NA,NA
",",",",",",1,"comma","Comma",NA,NA
"example","NN","example",7,"noun","Noun, singular or mass",NA,NA
":","SENT",":",1,"fullstop","Sentence ending punctuation",NA,NA
"br","NN","<unknown>",2,"noun","Noun, singular or mass",NA,NA
"property","NN","property",8,"noun","Noun, singular or mass",NA,NA
"overview","NN","overview",8,"noun","Noun, singular or mass",NA,NA
"house","NN","house",5,"noun","Noun, singular or mass",NA,NA
"color","NN","color",5,"noun","Noun, singular or mass",NA,NA
"blue","JJ","blue",4,"adjective","Adjective",NA,NA
",",",",",",1,"comma","Comma",NA,NA
"green","JJ","green",5,"adjective","Adjective",NA,NA
"List","NP","List",4,"name","Proper noun, singular",NA,NA
"all","DT","all",3,"determiner","Determiner",NA,NA
"blue","JJ","blue",4,"adjective","Adjective",NA,NA
"and","CC","and",3,"conjunction","Coordinating conjunction",NA,NA
"green","JJ","green",5,"adjective","Adjective",NA,NA
"properties","NNS","property",10,"noun","Noun, plural",NA,NA
".","SENT",".",1,"fullstop","Sentence ending punctuation",NA,NA
"property","NN","property",8,"noun","Noun, singular or mass",NA,NA
"overview","NN","overview",8,"noun","Noun, singular or mass",NA,NA
"type","NN","type",4,"noun","Noun, singular or mass",NA,NA
"single","JJ","single",6,"adjective","Adjective",NA,NA
"family","NN","family",6,"noun","Noun, singular or mass",NA,NA
"home","NN","home",4,"noun","Noun, singular or mass",NA,NA
"year","NN","year",4,"noun","Noun, singular or mass",NA,NA
"built","VVN","build",5,"verb","Verb, past participle",NA,NA
"List","NP","List",4,"name","Proper noun, singular",NA,NA
"all","DT","all",3,"determiner","Determiner",NA,NA
"single","JJ","single",6,"adjective","Adjective",NA,NA
"family","NN","family",6,"noun","Noun, singular or mass",NA,NA
"homes","NNS","home",5,"noun","Noun, plural",NA,NA
"built","VVN","build",5,"verb","Verb, past participle",NA,NA
"between","IN","between",7,"preposition","Preposition or subordinating conjunction",NA,NA
"and","NP","and",3,"name","Proper noun, singular",NA,NA
".","SENT",".",1,"fullstop","Sentence ending punctuation",NA,NA
"property","NN","property",8,"noun","Noun, singular or mass",NA,NA
"overview","NN","overview",8,"noun","Noun, singular or mass",NA,NA
"type","NN","type",4,"noun","Noun, singular or mass",NA,NA
"apartment","NN","apartment",9,"noun","Noun, singular or mass",NA,NA
"pets","NNS","pet",4,"noun","Noun, plural",NA,NA
"allowed","VVD","allow",7,"verb","Verb, past tense",NA,NA
"yes","RB","yes",3,"adverb","Adverb",NA,NA
"All","DT","all",3,"determiner","Determiner",NA,NA
"apartments","NNS","apartment",10,"noun","Noun, plural",NA,NA
"where","WRB","where",5,"adverb","Wh-adverb",NA,NA
"Pets","NP","<unknown>",4,"name","Proper noun, singular",NA,NA
"Allowed","NP","<unknown>",7,"name","Proper noun, singular",NA,NA
"attribute","NN","attribute",9,"noun","Noun, singular or mass",NA,NA
"is","VBZ","be",2,"verb","Verb, 3rd person singular present of ""to be""",NA,NA
"set","NN","set",3,"noun","Noun, singular or mass",NA,NA
"to","TO","to",2,"to","to",NA,NA
"yes","UH","yes",3,"interjection","Interjection",NA,NA
".","SENT",".",1,"fullstop","Sentence ending punctuation",NA,NA
"property","NN","property",8,"noun","Noun, singular or mass",NA,NA
"overview","NN","overview",8,"noun","Noun, singular or mass",NA,NA
"template","NN","template",8,"noun","Noun, singular or mass",NA,NA
"detailed","JJ","detailed",8,"adjective","Adjective",NA,NA
"overview","NN","overview",8,"noun","Noun, singular or mass",NA,NA
"will","MD","will",4,"modal","Modal",NA,NA
"load","VV","load",4,"verb","Verb, base form",NA,NA
"property","NN","property",8,"noun","Noun, singular or mass",NA,NA
"overview","NN","overview",8,"noun","Noun, singular or mass",NA,NA
"detailed","JJ","detailed",8,"adjective","Adjective",NA,NA
"overview","NN","overview",8,"noun","Noun, singular or mass",NA,NA
".","SENT",".",1,"fullstop","Sentence ending punctuation",NA,NA
"php","NN","<unknown>",3,"noun","Noun, singular or mass",NA,NA
"from","IN","from",4,"preposition","Preposition or subordinating conjunction",NA,NA
"your","PP$","your",4,"pronoun","Possessive pronoun",NA,NA
"theme","NN","theme",5,"noun","Noun, singular or mass",NA,NA
"folder","NN","folder",6,"noun","Noun, singular or mass",NA,NA
".","SENT",".",1,"fullstop","Sentence ending punctuation",NA,NA
"property","NN","property",8,"noun","Noun, singular or mass",NA,NA
"search","NN","search",6,"noun","Noun, singular or mass",NA,NA
"Property","NP","Property",8,"name","Proper noun, singular",NA,NA
"Search","NP","Search",6,"name","Proper noun, singular",NA,NA
".","SENT",".",1,"fullstop","Sentence ending punctuation",NA,NA
"This","DT","this",4,"determiner","Determiner",NA,NA
"shortcode","NN","<unknown>",9,"noun","Noun, singular or mass",NA,NA
"renders","VVZ","render",7,"verb","Verb, 3rd person singular present",NA,NA
"a","DT","a",1,"determiner","Determiner",NA,NA
"search","NN","search",6,"noun","Noun, singular or mass",NA,NA
"form","NN","form",4,"noun","Noun, singular or mass",NA,NA
",",",",",",1,"comma","Comma",NA,NA
"much","RB","much",4,"adverb","Adverb",NA,NA
"like","IN","like",4,"preposition","Preposition or subordinating conjunction",NA,NA
"the","DT","the",3,"determiner","Determiner",NA,NA
"Property","NP","Property",8,"name","Proper noun, singular",NA,NA
"Search","NP","Search",6,"name","Proper noun, singular",NA,NA
"widget","NN","widget",6,"noun","Noun, singular or mass",NA,NA
".","SENT",".",1,"fullstop","Sentence ending punctuation",NA,NA
"In","IN","in",2,"preposition","Preposition or subordinating conjunction",NA,NA
"it","PP","it",2,"pronoun","Personal pronoun",NA,NA
"s","VVZ","<unknown>",1,"verb","Verb, 3rd person singular present",NA,NA
"most","RBS","most",4,"adverb","Adverb, superlative",NA,NA
"basic","JJ","basic",5,"adjective","Adjective",NA,NA
"form","NN","form",4,"noun","Noun, singular or mass",NA,NA
"it","PP","it",2,"pronoun","Personal pronoun",NA,NA
"will","MD","will",4,"modal","Modal",NA,NA
"display","VV","display",7,"verb","Verb, base form",NA,NA
"the","DT","the",3,"determiner","Determiner",NA,NA
"first","JJ","first",5,"adjective","Adjective",NA,NA
"attributes","NNS","attribute",10,"noun","Noun, plural",NA,NA
"that","IN/that","that",4,"preposition","Preposition or subordinating conjunction",NA,NA
"you","PP","you",3,"pronoun","Personal pronoun",NA,NA
"have","VHP","have",4,"verb","Verb, non-3rd person singular present of ""to have""",NA,NA
"selected","VVN","select",8,"verb","Verb, past participle",NA,NA
"as","IN","as",2,"preposition","Preposition or subordinating conjunction",NA,NA
"being","VBG","be",5,"verb","Verb, gerund or present participle of ""to be""",NA,NA
"searchable","JJ","searchable",10,"adjective","Adjective",NA,NA
"in","IN","in",2,"preposition","Preposition or subordinating conjunction",NA,NA
"the","DT","the",3,"determiner","Determiner",NA,NA
"Developer","NN","developer",9,"noun","Noun, singular or mass",NA,NA
"tab","NN","tab",3,"noun","Noun, singular or mass",NA,NA
".","SENT",".",1,"fullstop","Sentence ending punctuation",NA,NA
"property","NN","property",8,"noun","Noun, singular or mass",NA,NA
"search","NN","search",6,"noun","Noun, singular or mass",NA,NA
"searchable","JJ","searchable",10,"adjective","Adjective",NA,NA
"attributes","NNS","attribute",10,"noun","Noun, plural",NA,NA
"bedrooms","NNS","bedroom",8,"noun","Noun, plural",NA,NA
",",",",",",1,"comma","Comma",NA,NA
"bathrooms","NNS","bathroom",9,"noun","Noun, plural",NA,NA
"searchable","JJ","searchable",10,"adjective","Adjective",NA,NA
"property","NN","property",8,"noun","Noun, singular or mass",NA,NA
"types","NNS","type",5,"noun","Noun, plural",NA,NA
"single","JJ","single",6,"adjective","Adjective",NA,NA
"family","NN","family",6,"noun","Noun, singular or mass",NA,NA
"home","NN","home",4,"noun","Noun, singular or mass",NA,NA
"per","IN","per",3,"preposition","Preposition or subordinating conjunction",NA,NA
"page","NN","page",4,"noun","Noun, singular or mass",NA,NA
"A","DT","a",1,"determiner","Determiner",NA,NA
"more","RBR","more",4,"adverb","Adverb, comparative",NA,NA
"complex","JJ","complex",7,"adjective","Adjective",NA,NA
"example","NN","example",7,"noun","Noun, singular or mass",NA,NA
"showing","VVG","show",7,"verb","Verb, gerund or present participle",NA,NA
"search","NN","search",6,"noun","Noun, singular or mass",NA,NA
"options","NNS","option",7,"noun","Noun, plural",NA,NA
"for","IN","for",3,"preposition","Preposition or subordinating conjunction",NA,NA
"bedrooms","NNS","bedroom",8,"noun","Noun, plural",NA,NA
"and","CC","and",3,"conjunction","Coordinating conjunction",NA,NA
"bathrooms","NNS","bathroom",9,"noun","Noun, plural",NA,NA
",",",",",",1,"comma","Comma",NA,NA
"return","VV","return",6,"verb","Verb, base form",NA,NA
"only","RB","only",4,"adverb","Adverb",NA,NA
"Single","NP","Single",6,"name","Proper noun, singular",NA,NA
"Family","NP","Family",6,"name","Proper noun, singular",NA,NA
"Homes","NPS","Homes",5,"name","Proper noun, plural",NA,NA
"and","CC","and",3,"conjunction","Coordinating conjunction",NA,NA
"limiting","VVG","limit",8,"verb","Verb, gerund or present participle",NA,NA
"the","DT","the",3,"determiner","Determiner",NA,NA
"search","NN","search",6,"noun","Noun, singular or mass",NA,NA
"results","VVZ","result",7,"verb","Verb, 3rd person singular present",NA,NA
"to","TO","to",2,"to","to",NA,NA
"per","IN","per",3,"preposition","Preposition or subordinating conjunction",NA,NA
"page","NN","page",4,"noun","Noun, singular or mass",NA,NA
".","SENT",".",1,"fullstop","Sentence ending punctuation",NA,NA
"property","NN","property",8,"noun","Noun, singular or mass",NA,NA
"search","NN","search",6,"noun","Noun, singular or mass",NA,NA
"do","VVP","do",2,"verb","Verb, non-3rd person singular present",NA,NA
"not","RB","not",3,"adverb","Adverb",NA,NA
"use","VV","use",3,"verb","Verb, base form",NA,NA
"cache","NN","cache",5,"noun","Noun, singular or mass",NA,NA
"true","JJ","true",4,"adjective","Adjective",NA,NA
"searchable","JJ","searchable",10,"adjective","Adjective",NA,NA
"attributes","NNS","attribute",10,"noun","Noun, plural",NA,NA
"bedrooms","NNS","bedroom",8,"noun","Noun, plural",NA,NA
",",",",",",1,"comma","Comma",NA,NA
"bathrooms","NNS","bathroom",9,"noun","Noun, plural",NA,NA
"By","IN","by",2,"preposition","Preposition or subordinating conjunction",NA,NA
"default","NN","default",7,"noun","Noun, singular or mass",NA,NA
"the","DT","the",3,"determiner","Determiner",NA,NA
"search","NN","search",6,"noun","Noun, singular or mass",NA,NA
"widget","NN","widget",6,"noun","Noun, singular or mass",NA,NA
",",",",",",1,"comma","Comma",NA,NA
"and","CC","and",3,"conjunction","Coordinating conjunction",NA,NA
"the","DT","the",3,"determiner","Determiner",NA,NA
"search","NN","search",6,"noun","Noun, singular or mass",NA,NA
"shortcode","NN","<unknown>",9,"noun","Noun, singular or mass",NA,NA
",",",",",",1,"comma","Comma",NA,NA
"cache","NN","cache",5,"noun","Noun, singular or mass",NA,NA
"the","DT","the",3,"determiner","Determiner",NA,NA
"values","NNS","value",6,"noun","Noun, plural",NA,NA
"used","VVN","use",4,"verb","Verb, past participle",NA,NA
"in","IN","in",2,"preposition","Preposition or subordinating conjunction",NA,NA
"dropdowns","NNS","<unknown>",9,"noun","Noun, plural",NA,NA
".","SENT",".",1,"fullstop","Sentence ending punctuation",NA,NA
"You","PP","you",3,"pronoun","Personal pronoun",NA,NA
"can","MD","can",3,"modal","Modal",NA,NA
"force","VV","force",5,"verb","Verb, base form",NA,NA
"the","DT","the",3,"determiner","Determiner",NA,NA
"shortcode","NN","<unknown>",9,"noun","Noun, singular or mass",NA,NA
"to","TO","to",2,"to","to",NA,NA
"avoid","VV","avoid",5,"verb","Verb, base form",NA,NA
"getting","VVG","get",7,"verb","Verb, gerund or present participle",NA,NA
"the","DT","the",3,"determiner","Determiner",NA,NA
"values","NNS","value",6,"noun","Noun, plural",NA,NA
"from","IN","from",4,"preposition","Preposition or subordinating conjunction",NA,NA
"cache","NN","cache",5,"noun","Noun, singular or mass",NA,NA
"and","CC","and",3,"conjunction","Coordinating conjunction",NA,NA
"force","VV","force",5,"verb","Verb, base form",NA,NA
"it","PP","it",2,"pronoun","Personal pronoun",NA,NA
"to","TO","to",2,"to","to",NA,NA
"generate","VV","generate",8,"verb","Verb, base form",NA,NA
"the","DT","the",3,"determiner","Determiner",NA,NA
"values","NNS","value",6,"noun","Noun, plural",NA,NA
"on","IN","on",2,"preposition","Preposition or subordinating conjunction",NA,NA
"the","DT","the",3,"determiner","Determiner",NA,NA
"fly","NN","fly",3,"noun","Noun, singular or mass",NA,NA
"when","WRB","when",4,"adverb","Wh-adverb",NA,NA
"the","DT","the",3,"determiner","Determiner",NA,NA
"page","NN","page",4,"noun","Noun, singular or mass",NA,NA
"is","VBZ","be",2,"verb","Verb, 3rd person singular present of ""to be""",NA,NA
"opened","VVN","open",6,"verb","Verb, past participle",NA,NA
".","SENT",".",1,"fullstop","Sentence ending punctuation",NA,NA
"This","DT","this",4,"determiner","Determiner",NA,NA
"is","VBZ","be",2,"verb","Verb, 3rd person singular present of ""to be""",NA,NA
"generally","RB","generally",9,"adverb","Adverb",NA,NA
"not","RB","not",3,"adverb","Adverb",NA,NA
"recommended","VVN","recommend",11,"verb","Verb, past participle",NA,NA
"because","IN","because",7,"preposition","Preposition or subordinating conjunction",NA,NA
"it","PP","it",2,"pronoun","Personal pronoun",NA,NA
"slows","VVZ","slow",5,"verb","Verb, 3rd person singular present",NA,NA
"down","RP","down",4,"particle"," Particle",NA,NA
"the","DT","the",3,"determiner","Determiner",NA,NA
"page","NN","page",4,"noun","Noun, singular or mass",NA,NA
"load","NN","load",4,"noun","Noun, singular or mass",NA,NA
"time","NN","time",4,"noun","Noun, singular or mass",NA,NA
",",",",",",1,"comma","Comma",NA,NA
"but","CC","but",3,"conjunction","Coordinating conjunction",NA,NA
"may","MD","may",3,"modal","Modal",NA,NA
"be","VB","be",2,"verb","Verb, base form of ""to be""",NA,NA
"useful","JJ","useful",6,"adjective","Adjective",NA,NA
"when","WRB","when",4,"adverb","Wh-adverb",NA,NA
"troubleshooting","JJ","troubleshooting",15,"adjective","Adjective",NA,NA
".","SENT",".",1,"fullstop","Sentence ending punctuation",NA,NA
"If","IN","if",2,"preposition","Preposition or subordinating conjunction",NA,NA
"you","PP","you",3,"pronoun","Personal pronoun",NA,NA
"want","VVP","want",4,"verb","Verb, non-3rd person singular present",NA,NA
"to","TO","to",2,"to","to",NA,NA
"use","VV","use",3,"verb","Verb, base form",NA,NA
"address","NN","address",7,"noun","Noun, singular or mass",NA,NA
"attributes","NNS","attribute",10,"noun","Noun, plural",NA,NA
"in","IN","in",2,"preposition","Preposition or subordinating conjunction",NA,NA
"property","NN","property",8,"noun","Noun, singular or mass",NA,NA
"search","NN","search",6,"noun","Noun, singular or mass",NA,NA
"you","PP","you",3,"pronoun","Personal pronoun",NA,NA
"will","MD","will",4,"modal","Modal",NA,NA
"have","VH","have",4,"verb","Verb, base form of ""to have""",NA,NA
"to","TO","to",2,"to","to",NA,NA
"add","VV","add",3,"verb","Verb, base form",NA,NA
"them","PP","them",4,"pronoun","Personal pronoun",NA,NA
"using","VVG","use",5,"verb","Verb, gerund or present participle",NA,NA
"the","DT","the",3,"determiner","Determiner",NA,NA
"Developer","NN","developer",9,"noun","Noun, singular or mass",NA,NA
"tab","NN","tab",3,"noun","Noun, singular or mass",NA,NA
".","SENT",".",1,"fullstop","Sentence ending punctuation",NA,NA
"Watch","NN","watch",5,"noun","Noun, singular or mass",NA,NA
"screencast","NNS","<unknown>",10,"noun","Noun, plural",NA,NA
"on","IN","on",2,"preposition","Preposition or subordinating conjunction",NA,NA
"adding","VVG","add",6,"verb","Verb, gerund or present participle",NA,NA
"address","NN","address",7,"noun","Noun, singular or mass",NA,NA
"attributes","NNS","attribute",10,"noun","Noun, plural",NA,NA
"to","TO","to",2,"to","to",NA,NA
"property","NN","property",8,"noun","Noun, singular or mass",NA,NA
"search","NN","search",6,"noun","Noun, singular or mass",NA,NA
"shortcode","NNS","<unknown>",9,"noun","Noun, plural",NA,NA
".","SENT",".",1,"fullstop","Sentence ending punctuation",NA,NA
"property","NN","property",8,"noun","Noun, singular or mass",NA,NA
"map","NN","map",3,"noun","Noun, singular or mass",NA,NA
"Single","NP","Single",6,"name","Proper noun, singular",NA,NA
"Property","NP","Property",8,"name","Proper noun, singular",NA,NA
"Map","NP","<unknown>",3,"name","Proper noun, singular",NA,NA
".","SENT",".",1,"fullstop","Sentence ending punctuation",NA,NA
"This","DT","this",4,"determiner","Determiner",NA,NA
"shortcode","NN","<unknown>",9,"noun","Noun, singular or mass",NA,NA
"displays","VVZ","display",8,"verb","Verb, 3rd person singular present",NA,NA
"property","NN","property",8,"noun","Noun, singular or mass",NA,NA
"maps","NNS","map",4,"noun","Noun, plural",NA,NA
"from","IN","from",4,"preposition","Preposition or subordinating conjunction",NA,NA
"single","JJ","single",6,"adjective","Adjective",NA,NA
"property","NN","property",8,"noun","Noun, singular or mass",NA,NA
"pages","NNS","page",5,"noun","Noun, plural",NA,NA
".","SENT",".",1,"fullstop","Sentence ending punctuation",NA,NA
"property","NN","property",8,"noun","Noun, singular or mass",NA,NA
"attribute","NN","attribute",9,"noun","Noun, singular or mass",NA,NA
"Property","NP","Property",8,"name","Proper noun, singular",NA,NA
"Attribute","NP","<unknown>",9,"name","Proper noun, singular",NA,NA
".","SENT",".",1,"fullstop","Sentence ending punctuation",NA,NA
"Property","NP","Property",8,"name","Proper noun, singular",NA,NA
"Attribute","NP","<unknown>",9,"name","Proper noun, singular",NA,NA
"Shortcodes","NP","<unknown>",10,"name","Proper noun, singular",NA,NA
"return","VV","return",6,"verb","Verb, base form",NA,NA
"the","DT","the",3,"determiner","Determiner",NA,NA
"value","NN","value",5,"noun","Noun, singular or mass",NA,NA
"of","IN","of",2,"preposition","Preposition or subordinating conjunction",NA,NA
"an","DT","an",2,"determiner","Determiner",NA,NA
"attribute","NN","attribute",9,"noun","Noun, singular or mass",NA,NA
"for","IN","for",3,"preposition","Preposition or subordinating conjunction",NA,NA
"a","DT","a",1,"determiner","Determiner",NA,NA
"specific","JJ","specific",8,"adjective","Adjective",NA,NA
"property","NN","property",8,"noun","Noun, singular or mass",NA,NA
".","SENT",".",1,"fullstop","Sentence ending punctuation",NA,NA
"The","DT","the",3,"determiner","Determiner",NA,NA
"current","JJ","current",7,"adjective","Adjective",NA,NA
"property","NN","property",8,"noun","Noun, singular or mass",NA,NA
"is","VBZ","be",2,"verb","Verb, 3rd person singular present of ""to be""",NA,NA
"targeted","VVN","target",8,"verb","Verb, past participle",NA,NA
"by","IN","by",2,"preposition","Preposition or subordinating conjunction",NA,NA
"default","NN","default",7,"noun","Noun, singular or mass",NA,NA
".","SENT",".",1,"fullstop","Sentence ending punctuation",NA,NA
"Properties","NNS","property",10,"noun","Noun, plural",NA,NA
"other","JJ","other",5,"adjective","Adjective",NA,NA
"than","IN","than",4,"preposition","Preposition or subordinating conjunction",NA,NA
"the","DT","the",3,"determiner","Determiner",NA,NA
"current","JJ","current",7,"adjective","Adjective",NA,NA
"one","CD","one",3,"number","Cardinal number",NA,NA
"can","MD","can",3,"modal","Modal",NA,NA
"be","VB","be",2,"verb","Verb, base form of ""to be""",NA,NA
"specified","VVN","specify",9,"verb","Verb, past participle",NA,NA
"using","VVG","use",5,"verb","Verb, gerund or present participle",NA,NA
"their","PP$","their",5,"pronoun","Possessive pronoun",NA,NA
"property","NN","property",8,"noun","Noun, singular or mass",NA,NA
"ID","NN","id",2,"noun","Noun, singular or mass",NA,NA
"number","NN","number",6,"noun","Noun, singular or mass",NA,NA
",",",",",",1,"comma","Comma",NA,NA
"as","RB","as",2,"adverb","Adverb",NA,NA
"shown","VVN","show",5,"verb","Verb, past participle",NA,NA
"below","RB","below",5,"adverb","Adverb",NA,NA
".","SENT",".",1,"fullstop","Sentence ending punctuation",NA,NA
"property","NN","property",8,"noun","Noun, singular or mass",NA,NA
"attribute","NN","attribute",9,"noun","Noun, singular or mass",NA,NA
"attribute","NN","attribute",9,"noun","Noun, singular or mass",NA,NA
"bedrooms","NNS","bedroom",8,"noun","Noun, plural",NA,NA
"Get","VVP","get",3,"verb","Verb, non-3rd person singular present",NA,NA
"the","DT","the",3,"determiner","Determiner",NA,NA
"number","NN","number",6,"noun","Noun, singular or mass",NA,NA
"of","IN","of",2,"preposition","Preposition or subordinating conjunction",NA,NA
"bedrooms","NNS","bedroom",8,"noun","Noun, plural",NA,NA
"for","IN","for",3,"preposition","Preposition or subordinating conjunction",NA,NA
"current","JJ","current",7,"adjective","Adjective",NA,NA
"property","NN","property",8,"noun","Noun, singular or mass",NA,NA
".","SENT",".",1,"fullstop","Sentence ending punctuation",NA,NA
"property","NN","property",8,"noun","Noun, singular or mass",NA,NA
"attribute","NN","attribute",9,"noun","Noun, singular or mass",NA,NA
"property","NN","property",8,"noun","Noun, singular or mass",NA,NA
"id","NN","id",2,"noun","Noun, singular or mass",NA,NA
"attribute","NN","attribute",9,"noun","Noun, singular or mass",NA,NA
"bathrooms","NNS","bathroom",9,"noun","Noun, plural",NA,NA
"Get","VVP","get",3,"verb","Verb, non-3rd person singular present",NA,NA
"the","DT","the",3,"determiner","Determiner",NA,NA
"number","NN","number",6,"noun","Noun, singular or mass",NA,NA
"of","IN","of",2,"preposition","Preposition or subordinating conjunction",NA,NA
"bathrooms","NNS","bathroom",9,"noun","Noun, plural",NA,NA
"for","IN","for",3,"preposition","Preposition or subordinating conjunction",NA,NA
"a","DT","a",1,"determiner","Determiner",NA,NA
"property","NN","property",8,"noun","Noun, singular or mass",NA,NA
"with","IN","with",4,"preposition","Preposition or subordinating conjunction",NA,NA
"an","DT","an",2,"determiner","Determiner",NA,NA
"ID","NN","id",2,"noun","Noun, singular or mass",NA,NA
"of","IN","of",2,"preposition","Preposition or subordinating conjunction",NA,NA
".","SENT",".",1,"fullstop","Sentence ending punctuation",NA,NA
"property","NN","property",8,"noun","Noun, singular or mass",NA,NA
"attribute","NN","attribute",9,"noun","Noun, singular or mass",NA,NA
"attribute","NN","attribute",9,"noun","Noun, singular or mass",NA,NA
"status","NN","status",6,"noun","Noun, singular or mass",NA,NA
"Shows","NP","Shows",5,"name","Proper noun, singular",NA,NA
"status","NN","status",6,"noun","Noun, singular or mass",NA,NA
"for","IN","for",3,"preposition","Preposition or subordinating conjunction",NA,NA
"current","JJ","current",7,"adjective","Adjective",NA,NA
"property","NN","property",8,"noun","Noun, singular or mass",NA,NA
".","SENT",".",1,"fullstop","Sentence ending punctuation",NA,NA
"property","NN","property",8,"noun","Noun, singular or mass",NA,NA
"attribute","NN","attribute",9,"noun","Noun, singular or mass",NA,NA
"attribute","NN","attribute",9,"noun","Noun, singular or mass",NA,NA
"map","NN","map",3,"noun","Noun, singular or mass",NA,NA
"Shows","NP","Shows",5,"name","Proper noun, singular",NA,NA
"map","NN","map",3,"noun","Noun, singular or mass",NA,NA
"for","IN","for",3,"preposition","Preposition or subordinating conjunction",NA,NA
"current","JJ","current",7,"adjective","Adjective",NA,NA
"property","NN","property",8,"noun","Noun, singular or mass",NA,NA
"property","NN","property",8,"noun","Noun, singular or mass",NA,NA
"attributes","VVZ","attribute",10,"verb","Verb, 3rd person singular present",NA,NA
"Property","NP","Property",8,"name","Proper noun, singular",NA,NA
"Attributes","NP","<unknown>",10,"name","Proper noun, singular",NA,NA
".","SENT",".",1,"fullstop","Sentence ending punctuation",NA,NA
"Renders","VVZ","render",7,"verb","Verb, 3rd person singular present",NA,NA
"List","NP","List",4,"name","Proper noun, singular",NA,NA
"of","IN","of",2,"preposition","Preposition or subordinating conjunction",NA,NA
"Property","NP","Property",8,"name","Proper noun, singular",NA,NA
"Attributes","NP","<unknown>",10,"name","Proper noun, singular",NA,NA
".","SENT",".",1,"fullstop","Sentence ending punctuation",NA,NA
"property","NN","property",8,"noun","Noun, singular or mass",NA,NA
"attributes","NNS","attribute",10,"noun","Noun, plural",NA,NA
"include","VVP","include",7,"verb","Verb, non-3rd person singular present",NA,NA
"bedrooms","NNS","bedroom",8,"noun","Noun, plural",NA,NA
",",",",",",1,"comma","Comma",NA,NA
"price","NN","price",5,"noun","Noun, singular or mass",NA,NA
"Renders","NNS","render",7,"noun","Noun, plural",NA,NA
"only","RB","only",4,"adverb","Adverb",NA,NA
"specified","VVN","specify",9,"verb","Verb, past participle",NA,NA
"attributes","NNS","attribute",10,"noun","Noun, plural",NA,NA
":","SENT",":",1,"fullstop","Sentence ending punctuation",NA,NA
"Bedrooms","NNS","bedroom",8,"noun","Noun, plural",NA,NA
"and","CC","and",3,"conjunction","Coordinating conjunction",NA,NA
"Price","NN","price",5,"noun","Noun, singular or mass",NA,NA
"property","NN","property",8,"noun","Noun, singular or mass",NA,NA
"attributes","NNS","attribute",10,"noun","Noun, plural",NA,NA
"exclude","VVP","exclude",7,"verb","Verb, non-3rd person singular present",NA,NA
"bedrooms","NNS","bedroom",8,"noun","Noun, plural",NA,NA
",",",",",",1,"comma","Comma",NA,NA
"price","NN","price",5,"noun","Noun, singular or mass",NA,NA
"Renders","NNS","render",7,"noun","Noun, plural",NA,NA
"all","RB","all",3,"adverb","Adverb",NA,NA
"attributes","VVZ","attribute",10,"verb","Verb, 3rd person singular present",NA,NA
"except","IN","except",6,"preposition","Preposition or subordinating conjunction",NA,NA
"of","IN","of",2,"preposition","Preposition or subordinating conjunction",NA,NA
"Bedrooms","NP","<unknown>",8,"name","Proper noun, singular",NA,NA
"and","CC","and",3,"conjunction","Coordinating conjunction",NA,NA
"Price","NP","Price",5,"name","Proper noun, singular",NA,NA
"property","NN","property",8,"noun","Noun, singular or mass",NA,NA
"meta","NP","Meta",4,"name","Proper noun, singular",NA,NA
"Property","NP","Property",8,"name","Proper noun, singular",NA,NA
"Meta","NP","Meta",4,"name","Proper noun, singular",NA,NA
".","SENT",".",1,"fullstop","Sentence ending punctuation",NA,NA
"Renders","VVZ","render",7,"verb","Verb, 3rd person singular present",NA,NA
"List","NP","List",4,"name","Proper noun, singular",NA,NA
"of","IN","of",2,"preposition","Preposition or subordinating conjunction",NA,NA
"Property","NP","Property",8,"name","Proper noun, singular",NA,NA
"Meta","NP","Meta",4,"name","Proper noun, singular",NA,NA
"fields","NNS","field",6,"noun","Noun, plural",NA,NA
".","SENT",".",1,"fullstop","Sentence ending punctuation",NA,NA
"property","NN","property",8,"noun","Noun, singular or mass",NA,NA
"meta","NN","<unknown>",4,"noun","Noun, singular or mass",NA,NA
"Renders","NNS","render",7,"noun","Noun, plural",NA,NA
"all","DT","all",3,"determiner","Determiner",NA,NA
"meta","NN","<unknown>",4,"noun","Noun, singular or mass",NA,NA
"fields","NNS","field",6,"noun","Noun, plural",NA,NA
"for","IN","for",3,"preposition","Preposition or subordinating conjunction",NA,NA
"current","JJ","current",7,"adjective","Adjective",NA,NA
"property","NN","property",8,"noun","Noun, singular or mass",NA,NA
".","SENT",".",1,"fullstop","Sentence ending punctuation",NA,NA
"property","NN","property",8,"noun","Noun, singular or mass",NA,NA
"meta","NNS","<unknown>",4,"noun","Noun, plural",NA,NA
"include","VVP","include",7,"verb","Verb, non-3rd person singular present",NA,NA
"school","NN","school",6,"noun","Noun, singular or mass",NA,NA
"Renders","NNS","render",7,"noun","Noun, plural",NA,NA
"only","RB","only",4,"adverb","Adverb",NA,NA
"specified","VVN","specify",9,"verb","Verb, past participle",NA,NA
"meta","NN","<unknown>",4,"noun","Noun, singular or mass",NA,NA
":","SENT",":",1,"fullstop","Sentence ending punctuation",NA,NA
"School","NN","school",6,"noun","Noun, singular or mass",NA,NA
"property","NN","property",8,"noun","Noun, singular or mass",NA,NA
"terms","NNS","term",5,"noun","Noun, plural",NA,NA
"Property","NN","property",8,"noun","Noun, singular or mass",NA,NA
"Terms","NNS","term",5,"noun","Noun, plural",NA,NA
".","SENT",".",1,"fullstop","Sentence ending punctuation",NA,NA
"Renders","VVZ","render",7,"verb","Verb, 3rd person singular present",NA,NA
"List","NP","List",4,"name","Proper noun, singular",NA,NA
"of","IN","of",2,"preposition","Preposition or subordinating conjunction",NA,NA
"property","NN","property",8,"noun","Noun, singular or mass",NA,NA
"terms","NNS","term",5,"noun","Noun, plural",NA,NA
"for","IN","for",3,"preposition","Preposition or subordinating conjunction",NA,NA
"specific","JJ","specific",8,"adjective","Adjective",NA,NA
"taxonomy","NN","taxonomy",8,"noun","Noun, singular or mass",NA,NA
".","SENT",".",1,"fullstop","Sentence ending punctuation",NA,NA
"featured","JJ","featured",8,"adjective","Adjective",NA,NA
"properties","NNS","property",10,"noun","Noun, plural",NA,NA
"Featured","JJ","featured",8,"adjective","Adjective",NA,NA
"Property","NP","Property",8,"name","Proper noun, singular",NA,NA
".","SENT",".",1,"fullstop","Sentence ending punctuation",NA,NA
"This","DT","this",4,"determiner","Determiner",NA,NA
"shortcode","NN","<unknown>",9,"noun","Noun, singular or mass",NA,NA
"queries","VVZ","query",7,"verb","Verb, 3rd person singular present",NA,NA
"only","RB","only",4,"adverb","Adverb",NA,NA
"those","DT","those",5,"determiner","Determiner",NA,NA
"properties","NNS","property",10,"noun","Noun, plural",NA,NA
"that","WDT","that",4,"determiner","Wh-determiner",NA,NA
"have","VHP","have",4,"verb","Verb, non-3rd person singular present of ""to have""",NA,NA
"been","VBN","be",4,"verb","Verb, past participle of ""to be""",NA,NA
"given","VVN","give",5,"verb","Verb, past participle",NA,NA
"Featured","JJ","featured",8,"adjective","Adjective",NA,NA
"status","NN","status",6,"noun","Noun, singular or mass",NA,NA
".","SENT",".",1,"fullstop","Sentence ending punctuation",NA,NA
"featured","JJ","featured",8,"adjective","Adjective",NA,NA
"properties","NNS","property",10,"noun","Noun, plural",NA,NA
"type","VVP","type",4,"verb","Verb, non-3rd person singular present",NA,NA
"all","DT","all",3,"determiner","Determiner",NA,NA
"stats","NNS","stat",5,"noun","Noun, plural",NA,NA
"price","NN","price",5,"noun","Noun, singular or mass",NA,NA
"Shows","NP","Shows",5,"name","Proper noun, singular",NA,NA
"all","RB","all",3,"adverb","Adverb",NA,NA
"featured","VVD","feature",8,"verb","Verb, past tense",NA,NA
"properties","NNS","property",10,"noun","Noun, plural",NA,NA
",",",",",",1,"comma","Comma",NA,NA
"and","CC","and",3,"conjunction","Coordinating conjunction",NA,NA
"display","VV","display",7,"verb","Verb, base form",NA,NA
"their","PP$","their",5,"pronoun","Possessive pronoun",NA,NA
"prices","NNS","price",6,"noun","Noun, plural",NA,NA
".","SENT",".",1,"fullstop","Sentence ending punctuation",NA,NA
"list","NN","list",4,"noun","Noun, singular or mass",NA,NA
"attachments","NNS","attachment",11,"noun","Noun, plural",NA,NA
"List","NP","List",4,"name","Proper noun, singular",NA,NA
"Attachments","NP","<unknown>",11,"name","Proper noun, singular",NA,NA
"Shortcode","NP","<unknown>",9,"name","Proper noun, singular",NA,NA
"is","VBZ","be",2,"verb","Verb, 3rd person singular present of ""to be""",NA,NA
"used","VVN","use",4,"verb","Verb, past participle",NA,NA
"to","TO","to",2,"to","to",NA,NA
"display","VV","display",7,"verb","Verb, base form",NA,NA
"attachments","NNS","attachment",11,"noun","Noun, plural",NA,NA
"of","IN","of",2,"preposition","Preposition or subordinating conjunction",NA,NA
"a","DT","a",1,"determiner","Determiner",NA,NA
"property","NN","property",8,"noun","Noun, singular or mass",NA,NA
",",",",",",1,"comma","Comma",NA,NA
"can","MD","can",3,"modal","Modal",NA,NA
"also","RB","also",4,"adverb","Adverb",NA,NA
"be","VB","be",2,"verb","Verb, base form of ""to be""",NA,NA
"used","VVN","use",4,"verb","Verb, past participle",NA,NA
"in","IN","in",2,"preposition","Preposition or subordinating conjunction",NA,NA
"a","DT","a",1,"determiner","Determiner",NA,NA
"post","NN","post",4,"noun","Noun, singular or mass",NA,NA
".","SENT",".",1,"fullstop","Sentence ending punctuation",NA,NA
"Ported","VVN","port",6,"verb","Verb, past participle",NA,NA
"over","IN","over",4,"preposition","Preposition or subordinating conjunction",NA,NA
"from","IN","from",4,"preposition","Preposition or subordinating conjunction",NA,NA
"List","NP","List",4,"name","Proper noun, singular",NA,NA
"Attachments","NP","<unknown>",11,"name","Proper noun, singular",NA,NA
"Shortcode","NP","<unknown>",9,"name","Proper noun, singular",NA,NA
"plugin","NN","<unknown>",6,"noun","Noun, singular or mass",NA,NA
".","SENT",".",1,"fullstop","Sentence ending punctuation",NA,NA
"If","IN","if",2,"preposition","Preposition or subordinating conjunction",NA,NA
"plugin","NN","<unknown>",6,"noun","Noun, singular or mass",NA,NA
"exists","VVZ","exist",6,"verb","Verb, 3rd person singular present",NA,NA
",",",",",",1,"comma","Comma",NA,NA
"the","DT","the",3,"determiner","Determiner",NA,NA
"WP","NP","WP",2,"name","Proper noun, singular",NA,NA
"Property","NP","Property",8,"name","Proper noun, singular",NA,NA
"version","NN","version",7,"noun","Noun, singular or mass",NA,NA
"of","IN","of",2,"preposition","Preposition or subordinating conjunction",NA,NA
"shortcode","NN","<unknown>",9,"noun","Noun, singular or mass",NA,NA
"is","VBZ","be",2,"verb","Verb, 3rd person singular present of ""to be""",NA,NA
"not","RB","not",3,"adverb","Adverb",NA,NA
"loaded","VVN","load",6,"verb","Verb, past participle",NA,NA
".","SENT",".",1,"fullstop","Sentence ending punctuation",NA,NA
"Add","VV","add",3,"verb","Verb, base form",NA,NA
"ons","NNS","on",3,"noun","Noun, plural",NA,NA
"and","CC","and",3,"conjunction","Coordinating conjunction",NA,NA
"Themes","NP","<unknown>",6,"name","Proper noun, singular",NA,NA
"WP","NP","WP",2,"name","Proper noun, singular",NA,NA
"Property","NP","Property",8,"name","Proper noun, singular",NA,NA
"recommends","VVZ","recommend",10,"verb","Verb, 3rd person singular present",NA,NA
"free","JJ","free",4,"adjective","Adjective",NA,NA
"WP","NP","WP",2,"name","Proper noun, singular",NA,NA
"Property","NP","Property",8,"name","Proper noun, singular",NA,NA
":","SENT",":",1,"fullstop","Sentence ending punctuation",NA,NA
"Terms","NNS","term",5,"noun","Noun, plural",NA,NA
"Is","VBZ","be",2,"verb","Verb, 3rd person singular present of ""to be""",NA,NA
"the","DT","the",3,"determiner","Determiner",NA,NA
"current","JJ","current",7,"adjective","Adjective",NA,NA
"functionality","NN","functionality",13,"noun","Noun, singular or mass",NA,NA
"still","RB","still",5,"adverb","Adverb",NA,NA
"not","RB","not",3,"adverb","Adverb",NA,NA
"enough","JJ","enough",6,"adjective","Adjective",NA,NA
"to","TO","to",2,"to","to",NA,NA
"cover","VV","cover",5,"verb","Verb, base form",NA,NA
"all","PDT","all",3,"predeterminer","Predeterminer",NA,NA
"your","PP$","your",4,"pronoun","Possessive pronoun",NA,NA
"needs","VVZ","need",5,"verb","Verb, 3rd person singular present",NA,NA
"Learn","NP","Learn",5,"name","Proper noun, singular",NA,NA
"more","RBR","more",4,"adverb","Adverb, comparative",NA,NA
"about","IN","about",5,"preposition","Preposition or subordinating conjunction",NA,NA
"the","DT","the",3,"determiner","Determiner",NA,NA
"WP","NP","WP",2,"name","Proper noun, singular",NA,NA
"Property","NP","Property",8,"name","Proper noun, singular",NA,NA
"Add","VV","add",3,"verb","Verb, base form",NA,NA
"ons","NNS","on",3,"noun","Noun, plural",NA,NA
"and","CC","and",3,"conjunction","Coordinating conjunction",NA,NA
"themes","NNS","theme",6,"noun","Noun, plural",NA,NA
"Translations","NP","Translations",12,"name","Proper noun, singular",NA,NA
"English","NP","English",7,"name","Proper noun, singular",NA,NA
"UK","NP","UK",2,"name","Proper noun, singular",NA,NA
"French","NP","French",6,"name","Proper noun, singular",NA,NA
"FR","NP","FR",2,"name","Proper noun, singular",NA,NA
"Danish","NP","Danish",6,"name","Proper noun, singular",NA,NA
"DK","NP","Dk",2,"name","Proper noun, singular",NA,NA
"Dutch","NP","Dutch",5,"name","Proper noun, singular",NA,NA
"NL","NP","NL",2,"name","Proper noun, singular",NA,NA
"German","NP","German",6,"name","Proper noun, singular",NA,NA
"DE","NP","de",2,"name","Proper noun, singular",NA,NA
"Italian","NP","Italian",7,"name","Proper noun, singular",NA,NA
"IT","PP","it",2,"pronoun","Personal pronoun",NA,NA
"Portuguese","NP","Portuguese",10,"name","Proper noun, singular",NA,NA
"BR","NP","BR",2,"name","Proper noun, singular",NA,NA
"Russian","NP","Russian",7,"name","Proper noun, singular",NA,NA
"RU","NP","RU",2,"name","Proper noun, singular",NA,NA
"Spanish","NP","Spanish",7,"name","Proper noun, singular",NA,NA
"ES","NP","ES",2,"name","Proper noun, singular",NA,NA
"Hungarian","NP","Hungarian",9,"name","Proper noun, singular",NA,NA
"HU","NP","Hu",2,"name","Proper noun, singular",NA,NA
"Slovakian","JJ","Slovakian",9,"adjective","Adjective",NA,NA
"SK","NP","SK",2,"name","Proper noun, singular",NA,NA
"Turkish","NP","Turkish",7,"name","Proper noun, singular",NA,NA
"TR","NP","TR",2,"name","Proper noun, singular",NA,NA
"Installation","NN","installation",12,"noun","Noun, singular or mass",NA,NA
".","SENT",".",1,"fullstop","Sentence ending punctuation",NA,NA
"Download","NP","<unknown>",8,"name","Proper noun, singular",NA,NA
"and","CC","and",3,"conjunction","Coordinating conjunction",NA,NA
"activate","VV","activate",8,"verb","Verb, base form",NA,NA
"the","DT","the",3,"determiner","Determiner",NA,NA
"plugin","NN","<unknown>",6,"noun","Noun, singular or mass",NA,NA
"through","IN","through",7,"preposition","Preposition or subordinating conjunction",NA,NA
"the","DT","the",3,"determiner","Determiner",NA,NA
"Plugins","NP","<unknown>",7,"name","Proper noun, singular",NA,NA
"menu","NN","menu",4,"noun","Noun, singular or mass",NA,NA
"in","IN","in",2,"preposition","Preposition or subordinating conjunction",NA,NA
"WordPress","NP","<unknown>",9,"name","Proper noun, singular",NA,NA
".","SENT",".",1,"fullstop","Sentence ending punctuation",NA,NA
".","SENT",".",1,"fullstop","Sentence ending punctuation",NA,NA
"Visit","VV","visit",5,"verb","Verb, base form",NA,NA
"Properties","NP","Properties",10,"name","Proper noun, singular",NA,NA
"Settings","NP","<unknown>",8,"name","Proper noun, singular",NA,NA
"page","NN","page",4,"noun","Noun, singular or mass",NA,NA
"and","CC","and",3,"conjunction","Coordinating conjunction",NA,NA
"set","VVD","set",3,"verb","Verb, past tense",NA,NA
"Property","NP","Property",8,"name","Proper noun, singular",NA,NA
"Page","NP","Page",4,"name","Proper noun, singular",NA,NA
"to","TO","to",2,"to","to",NA,NA
"one","CD","one",3,"number","Cardinal number",NA,NA
"of","IN","of",2,"preposition","Preposition or subordinating conjunction",NA,NA
"your","PP$","your",4,"pronoun","Possessive pronoun",NA,NA
"pages","NNS","page",5,"noun","Noun, plural",NA,NA
".","SENT",".",1,"fullstop","Sentence ending punctuation",NA,NA
"This","DT","this",4,"determiner","Determiner",NA,NA
"will","MD","will",4,"modal","Modal",NA,NA
"be","VB","be",2,"verb","Verb, base form of ""to be""",NA,NA
"used","VVN","use",4,"verb","Verb, past participle",NA,NA
"in","IN","in",2,"preposition","Preposition or subordinating conjunction",NA,NA
"the","DT","the",3,"determiner","Determiner",NA,NA
"URL","NP","<unknown>",3,"name","Proper noun, singular",NA,NA
"to","TO","to",2,"to","to",NA,NA
"show","VV","show",4,"verb","Verb, base form",NA,NA
"all","PDT","all",3,"predeterminer","Predeterminer",NA,NA
"your","PP$","your",4,"pronoun","Possessive pronoun",NA,NA
"single","JJ","single",6,"adjective","Adjective",NA,NA
"property","NN","property",8,"noun","Noun, singular or mass",NA,NA
"listings","NNS","listing",8,"noun","Noun, plural",NA,NA
".","SENT",".",1,"fullstop","Sentence ending punctuation",NA,NA
"For","IN","for",3,"preposition","Preposition or subordinating conjunction",NA,NA
"example","NN","example",7,"noun","Noun, singular or mass",NA,NA
",",",",",",1,"comma","Comma",NA,NA
"if","IN","if",2,"preposition","Preposition or subordinating conjunction",NA,NA
"you","PP","you",3,"pronoun","Personal pronoun",NA,NA
"have","VHP","have",4,"verb","Verb, non-3rd person singular present of ""to have""",NA,NA
"a","DT","a",1,"determiner","Determiner",NA,NA
"page","NN","page",4,"noun","Noun, singular or mass",NA,NA
"called","VVD","call",6,"verb","Verb, past tense",NA,NA
"Apartments","NNS","apartment",10,"noun","Noun, plural",NA,NA
",",",",",",1,"comma","Comma",NA,NA
"and","CC","and",3,"conjunction","Coordinating conjunction",NA,NA
"you","PP","you",3,"pronoun","Personal pronoun",NA,NA
"select","VVP","select",6,"verb","Verb, non-3rd person singular present",NA,NA
"it","PP","it",2,"pronoun","Personal pronoun",NA,NA
",",",",",",1,"comma","Comma",NA,NA
"your","PP$","your",4,"pronoun","Possessive pronoun",NA,NA
"property","NN","property",8,"noun","Noun, singular or mass",NA,NA
"URLs","NNS","<unknown>",4,"noun","Noun, plural",NA,NA
"will","MD","will",4,"modal","Modal",NA,NA
"be","VB","be",2,"verb","Verb, base form of ""to be""",NA,NA
"built","VVN","build",5,"verb","Verb, past participle",NA,NA
"like","IN","like",4,"preposition","Preposition or subordinating conjunction",NA,NA
"this","DT","this",4,"determiner","Determiner",NA,NA
":","SENT",":",1,"fullstop","Sentence ending punctuation",NA,NA
".","SENT",".",1,"fullstop","Sentence ending punctuation",NA,NA
"Check","VV","check",5,"verb","Verb, base form",NA,NA
"Automatically","NP","<unknown>",13,"name","Proper noun, singular",NA,NA
"overwrite","VV","overwrite",9,"verb","Verb, base form",NA,NA
"this","DT","this",4,"determiner","Determiner",NA,NA
"page","NN","page",4,"noun","Noun, singular or mass",NA,NA
"s","NN","S",1,"noun","Noun, singular or mass",NA,NA
"content","NN","content",7,"noun","Noun, singular or mass",NA,NA
"with","IN","with",4,"preposition","Preposition or subordinating conjunction",NA,NA
"property","NN","property",8,"noun","Noun, singular or mass",NA,NA
"overview","NN","overview",8,"noun","Noun, singular or mass",NA,NA
"or","CC","or",2,"conjunction","Coordinating conjunction",NA,NA
"copy","NN","copy",4,"noun","Noun, singular or mass",NA,NA
"and","CC","and",3,"conjunction","Coordinating conjunction",NA,NA
"paste","NN","paste",5,"noun","Noun, singular or mass",NA,NA
"property","NN","property",8,"noun","Noun, singular or mass",NA,NA
"overview","NN","overview",8,"noun","Noun, singular or mass",NA,NA
"into","IN","into",4,"preposition","Preposition or subordinating conjunction",NA,NA
"the","DT","the",3,"determiner","Determiner",NA,NA
"body","NN","body",4,"noun","Noun, singular or mass",NA,NA
"of","IN","of",2,"preposition","Preposition or subordinating conjunction",NA,NA
"your","PP$","your",4,"pronoun","Possessive pronoun",NA,NA
"main","JJ","main",4,"adjective","Adjective",NA,NA
"property","NN","property",8,"noun","Noun, singular or mass",NA,NA
"page","NN","page",4,"noun","Noun, singular or mass",NA,NA
".","SENT",".",1,"fullstop","Sentence ending punctuation",NA,NA
".","SENT",".",1,"fullstop","Sentence ending punctuation",NA,NA
"Visit","VV","visit",5,"verb","Verb, base form",NA,NA
"Appearance","NP","<unknown>",10,"name","Proper noun, singular",NA,NA
"Widgets","NP","<unknown>",7,"name","Proper noun, singular",NA,NA
"and","CC","and",3,"conjunction","Coordinating conjunction",NA,NA
"set","VV","set",3,"verb","Verb, base form",NA,NA
"up","RP","up",2,"particle"," Particle",NA,NA
"the","DT","the",3,"determiner","Determiner",NA,NA
"widgets","NNS","widget",7,"noun","Noun, plural",NA,NA
"you","PP","you",3,"pronoun","Personal pronoun",NA,NA
"want","VVP","want",4,"verb","Verb, non-3rd person singular present",NA,NA
"to","TO","to",2,"to","to",NA,NA
"show","VV","show",4,"verb","Verb, base form",NA,NA
"on","IN","on",2,"preposition","Preposition or subordinating conjunction",NA,NA
"your","PP$","your",4,"pronoun","Possessive pronoun",NA,NA
"different","JJ","different",9,"adjective","Adjective",NA,NA
"property","NN","property",8,"noun","Noun, singular or mass",NA,NA
"type","NN","type",4,"noun","Noun, singular or mass",NA,NA
"pages","NNS","page",5,"noun","Noun, plural",NA,NA
".","SENT",".",1,"fullstop","Sentence ending punctuation",NA,NA
