"token","tag","lemma","lttr","wclass","desc","stop","stem"
"Real","JJ","real",4,"adjective","Adjective",NA,NA
"Estate","NP","Estate",6,"name","Proper noun, singular",NA,NA
"Xamarin","NP","<unknown>",7,"name","Proper noun, singular",NA,NA
"Android","NP","<unknown>",7,"name","Proper noun, singular",NA,NA
"Demo","NP","Demo",4,"name","Proper noun, singular",NA,NA
"This","DT","this",4,"determiner","Determiner",NA,NA
"is","VBZ","be",2,"verb","Verb, 3rd person singular present of ""to be""",NA,NA
"a","DT","a",1,"determiner","Determiner",NA,NA
"sample","NN","sample",6,"noun","Noun, singular or mass",NA,NA
"application","NN","application",11,"noun","Noun, singular or mass",NA,NA
"written","VVN","write",7,"verb","Verb, past participle",NA,NA
"using","VVG","use",5,"verb","Verb, gerund or present participle",NA,NA
"Xamarin","NP","<unknown>",7,"name","Proper noun, singular",NA,NA
"for","IN","for",3,"preposition","Preposition or subordinating conjunction",NA,NA
"Android","NP","<unknown>",7,"name","Proper noun, singular",NA,NA
"that","WDT","that",4,"determiner","Wh-determiner",NA,NA
"demonstrates","VVZ","demonstrate",12,"verb","Verb, 3rd person singular present",NA,NA
"how","WRB","how",3,"adverb","Wh-adverb",NA,NA
"to","TO","to",2,"to","to",NA,NA
"build","VV","build",5,"verb","Verb, base form",NA,NA
"a","DT","a",1,"determiner","Determiner",NA,NA
"mobile","JJ","mobile",6,"adjective","Adjective",NA,NA
"applications","NNS","application",12,"noun","Noun, plural",NA,NA
"that","WDT","that",4,"determiner","Wh-determiner",NA,NA
"leverages","NNS","leverage",9,"noun","Noun, plural",NA,NA
"Azure","NP","Azure",5,"name","Proper noun, singular",NA,NA
"Search","NP","Search",6,"name","Proper noun, singular",NA,NA
"to","TO","to",2,"to","to",NA,NA
"perform","VV","perform",7,"verb","Verb, base form",NA,NA
"full","JJ","full",4,"adjective","Adjective",NA,NA
"text","NN","text",4,"noun","Noun, singular or mass",NA,NA
"search","NN","search",6,"noun","Noun, singular or mass",NA,NA
".","SENT",".",1,"fullstop","Sentence ending punctuation",NA,NA
"Some","DT","some",4,"determiner","Determiner",NA,NA
"of","IN","of",2,"preposition","Preposition or subordinating conjunction",NA,NA
"the","DT","the",3,"determiner","Determiner",NA,NA
"concepts","NNS","concept",8,"noun","Noun, plural",NA,NA
"covered","VVN","cover",7,"verb","Verb, past participle",NA,NA
"in","IN","in",2,"preposition","Preposition or subordinating conjunction",NA,NA
"this","DT","this",4,"determiner","Determiner",NA,NA
"application","NN","application",11,"noun","Noun, singular or mass",NA,NA
"include","VVP","include",7,"verb","Verb, non-3rd person singular present",NA,NA
":","SENT",":",1,"fullstop","Sentence ending punctuation",NA,NA
"Type","NN","type",4,"noun","Noun, singular or mass",NA,NA
"Ahead","NP","<unknown>",5,"name","Proper noun, singular",NA,NA
"or","CC","or",2,"conjunction","Coordinating conjunction",NA,NA
"Suggestions","NP","<unknown>",11,"name","Proper noun, singular",NA,NA
"Full","NP","Full",4,"name","Proper noun, singular",NA,NA
"Text","NN","text",4,"noun","Noun, singular or mass",NA,NA
"Search","NP","Search",6,"name","Proper noun, singular",NA,NA
"Paging","NP","<unknown>",6,"name","Proper noun, singular",NA,NA
"Filtering","NP","<unknown>",9,"name","Proper noun, singular",NA,NA
"Faceting","NP","<unknown>",8,"name","Proper noun, singular",NA,NA
"Recommendations","NNS","recommendation",15,"noun","Noun, plural",NA,NA
"by","IN","by",2,"preposition","Preposition or subordinating conjunction",NA,NA
"finding","VVG","find",7,"verb","Verb, gerund or present participle",NA,NA
"real","JJ","real",4,"adjective","Adjective",NA,NA
"estate","NN","estate",6,"noun","Noun, singular or mass",NA,NA
"listings","NNS","listing",8,"noun","Noun, plural",NA,NA
"that","WDT","that",4,"determiner","Wh-determiner",NA,NA
"are","VBP","be",3,"verb","Verb, non-3rd person singular present of ""to be""",NA,NA
"similar","JJ","similar",7,"adjective","Adjective",NA,NA
"to","TO","to",2,"to","to",NA,NA
"the","DT","the",3,"determiner","Determiner",NA,NA
"one","CD","one",3,"number","Cardinal number",NA,NA
"you","PP","you",3,"pronoun","Personal pronoun",NA,NA
"are","VBP","be",3,"verb","Verb, non-3rd person singular present of ""to be""",NA,NA
"currently","RB","currently",9,"adverb","Adverb",NA,NA
"viewing","VVG","view",7,"verb","Verb, gerund or present participle",NA,NA
"Screen","NP","Screen",6,"name","Proper noun, singular",NA,NA
"Shots","NP","<unknown>",5,"name","Proper noun, singular",NA,NA
"Demo","NP","Demo",4,"name","Proper noun, singular",NA,NA
"Screen","NP","Screen",6,"name","Proper noun, singular",NA,NA
"Shot","NP","<unknown>",4,"name","Proper noun, singular",NA,NA
"Type","NP","<unknown>",4,"name","Proper noun, singular",NA,NA
"Ahead","NP","<unknown>",5,"name","Proper noun, singular",NA,NA
"Demo","NP","Demo",4,"name","Proper noun, singular",NA,NA
"Screen","NP","Screen",6,"name","Proper noun, singular",NA,NA
"Shot","NP","<unknown>",4,"name","Proper noun, singular",NA,NA
"Search","NP","Search",6,"name","Proper noun, singular",NA,NA
"Paging","NP","<unknown>",6,"name","Proper noun, singular",NA,NA
"of","IN","of",2,"preposition","Preposition or subordinating conjunction",NA,NA
"Results","NP","Results",7,"name","Proper noun, singular",NA,NA
"Demo","NP","Demo",4,"name","Proper noun, singular",NA,NA
"Screen","NP","Screen",6,"name","Proper noun, singular",NA,NA
"Shot","NP","<unknown>",4,"name","Proper noun, singular",NA,NA
"Filtering","NP","<unknown>",9,"name","Proper noun, singular",NA,NA
"Count","NP","Count",5,"name","Proper noun, singular",NA,NA
"Demo","NP","Demo",4,"name","Proper noun, singular",NA,NA
"Screen","NP","Screen",6,"name","Proper noun, singular",NA,NA
"Shot","NP","<unknown>",4,"name","Proper noun, singular",NA,NA
"Details","NP","Details",7,"name","Proper noun, singular",NA,NA
"Demo","NP","Demo",4,"name","Proper noun, singular",NA,NA
"Screen","NP","Screen",6,"name","Proper noun, singular",NA,NA
"Shot","NP","<unknown>",4,"name","Proper noun, singular",NA,NA
"Recommendations","NP","<unknown>",15,"name","Proper noun, singular",NA,NA
"Course","NP","Course",6,"name","Proper noun, singular",NA,NA
"Videos","NP","<unknown>",6,"name","Proper noun, singular",NA,NA
"a","DT","a",1,"determiner","Determiner",NA,NA
"href","NN","<unknown>",4,"noun","Noun, singular or mass",NA,NA
"a","DT","a",1,"determiner","Determiner",NA,NA
"href","NN","<unknown>",4,"noun","Noun, singular or mass",NA,NA
"a","DT","a",1,"determiner","Determiner",NA,NA
"href","NN","<unknown>",4,"noun","Noun, singular or mass",NA,NA
"a","DT","a",1,"determiner","Determiner",NA,NA
"href","NN","<unknown>",4,"noun","Noun, singular or mass",NA,NA
"a","DT","a",1,"determiner","Determiner",NA,NA
"href","NN","<unknown>",4,"noun","Noun, singular or mass",NA,NA
"a","DT","a",1,"determiner","Determiner",NA,NA
"href","NN","<unknown>",4,"noun","Noun, singular or mass",NA,NA
"a","DT","a",1,"determiner","Determiner",NA,NA
"href","NN","<unknown>",4,"noun","Noun, singular or mass",NA,NA
"a","DT","a",1,"determiner","Determiner",NA,NA
"href","NN","<unknown>",4,"noun","Noun, singular or mass",NA,NA
