"token","tag","lemma","lttr","wclass","desc","stop","stem"
"real","JJ","real",4,"adjective","Adjective",NA,NA
"estate","NN","estate",6,"noun","Noun, singular or mass",NA,NA
"sim","NN","<unknown>",3,"noun","Noun, singular or mass",NA,NA
"Real","JJ","real",4,"adjective","Adjective",NA,NA
"estate","NN","estate",6,"noun","Noun, singular or mass",NA,NA
"simulator","NN","simulator",9,"noun","Noun, singular or mass",NA,NA
"using","VVG","use",5,"verb","Verb, gerund or present participle",NA,NA
"Enyo","NP","<unknown>",4,"name","Proper noun, singular",NA,NA
"JS","NP","<unknown>",2,"name","Proper noun, singular",NA,NA
".","SENT",".",1,"fullstop","Sentence ending punctuation",NA,NA
"framework","NN","framework",9,"noun","Noun, singular or mass",NA,NA
".","SENT",".",1,"fullstop","Sentence ending punctuation",NA,NA
