"token","tag","lemma","lttr","wclass","desc","stop","stem"
"subrion","NN","<unknown>",7,"noun","Noun, singular or mass",NA,NA
"template","NN","template",8,"noun","Noun, singular or mass",NA,NA
"domiki","NP","<unknown>",6,"name","Proper noun, singular",NA,NA
"Real","NP","Real",4,"name","Proper noun, singular",NA,NA
"estate","NN","estate",6,"noun","Noun, singular or mass",NA,NA
"classifieds","NNS","classified",11,"noun","Noun, plural",NA,NA
"template","NN","template",8,"noun","Noun, singular or mass",NA,NA
"for","IN","for",3,"preposition","Preposition or subordinating conjunction",NA,NA
"Subrion","NP","<unknown>",7,"name","Proper noun, singular",NA,NA
"CMS","NP","CMS",3,"name","Proper noun, singular",NA,NA
"Real","NP","Real",4,"name","Proper noun, singular",NA,NA
"Estate","NP","Estate",6,"name","Proper noun, singular",NA,NA
"premium","NN","premium",7,"noun","Noun, singular or mass",NA,NA
"script","NN","script",6,"noun","Noun, singular or mass",NA,NA
