"token","tag","lemma","lttr","wclass","desc","stop","stem"
"web","NN","web",3,"noun","Noun, singular or mass",NA,NA
"scraping","VVG","scrape",8,"verb","Verb, gerund or present participle",NA,NA
"Scraping","NP","<unknown>",8,"name","Proper noun, singular",NA,NA
"real","JJ","real",4,"adjective","Adjective",NA,NA
"estate","NN","estate",6,"noun","Noun, singular or mass",NA,NA
"data","NNS","datum",4,"noun","Noun, plural",NA,NA
"specifically","RB","specifically",12,"adverb","Adverb",NA,NA
"publicly","RB","publicly",8,"adverb","Adverb",NA,NA
"property","NN","property",8,"noun","Noun, singular or mass",NA,NA
"on","IN","on",2,"preposition","Preposition or subordinating conjunction",NA,NA
"sales","NNS","sale",5,"noun","Noun, plural",NA,NA
"from","IN","from",4,"preposition","Preposition or subordinating conjunction",NA,NA
"Real","NP","Real",4,"name","Proper noun, singular",NA,NA
"Estate","NP","Estate",6,"name","Proper noun, singular",NA,NA
