"token","tag","lemma","lttr","wclass","desc","stop","stem"
"Real","JJ","real",4,"adjective","Adjective",NA,NA
"Estate","NP","Estate",6,"name","Proper noun, singular",NA,NA
"Website","NP","<unknown>",7,"name","Proper noun, singular",NA,NA
"A","NP","A",1,"name","Proper noun, singular",NA,NA
"Real","NP","Real",4,"name","Proper noun, singular",NA,NA
"Estate","NP","Estate",6,"name","Proper noun, singular",NA,NA
"Website","NP","<unknown>",7,"name","Proper noun, singular",NA,NA
"created","VVD","create",7,"verb","Verb, past tense",NA,NA
"for","IN","for",3,"preposition","Preposition or subordinating conjunction",NA,NA
"Database","NP","Database",8,"name","Proper noun, singular",NA,NA
"Design","NP","Design",6,"name","Proper noun, singular",NA,NA
