"token","tag","lemma","lttr","wclass","desc","stop","stem"
"Connecticut","NP","Connecticut",11,"name","Proper noun, singular",NA,NA
"Real","NP","Real",4,"name","Proper noun, singular",NA,NA
"Estate","NP","Estate",6,"name","Proper noun, singular",NA,NA
"Analysis","NP","Analysis",8,"name","Proper noun, singular",NA,NA
"Connecticut","NP","Connecticut",11,"name","Proper noun, singular",NA,NA
"Real","NP","Real",4,"name","Proper noun, singular",NA,NA
"Estate","NP","Estate",6,"name","Proper noun, singular",NA,NA
"Analysis","NP","Analysis",8,"name","Proper noun, singular",NA,NA
"by","IN","by",2,"preposition","Preposition or subordinating conjunction",NA,NA
"using","VVG","use",5,"verb","Verb, gerund or present participle",NA,NA
"elements","NNS","element",8,"noun","Noun, plural",NA,NA
"of","IN","of",2,"preposition","Preposition or subordinating conjunction",NA,NA
"semantic","JJ","semantic",8,"adjective","Adjective",NA,NA
"web","NN","web",3,"noun","Noun, singular or mass",NA,NA
