"token","tag","lemma","lttr","wclass","desc","stop","stem"
"real","JJ","real",4,"adjective","Adjective",NA,NA
"estate","NN","estate",6,"noun","Noun, singular or mass",NA,NA
"value","NN","value",5,"noun","Noun, singular or mass",NA,NA
"Machine","NN","machine",7,"noun","Noun, singular or mass",NA,NA
"learning","VVG","learn",8,"verb","Verb, gerund or present participle",NA,NA
"techniques","NNS","technique",10,"noun","Noun, plural",NA,NA
"to","TO","to",2,"to","to",NA,NA
"automatically","RB","automatically",13,"adverb","Adverb",NA,NA
"value","VV","value",5,"verb","Verb, base form",NA,NA
"real","JJ","real",4,"adjective","Adjective",NA,NA
"estate","NN","estate",6,"noun","Noun, singular or mass",NA,NA
"in","IN","in",2,"preposition","Preposition or subordinating conjunction",NA,NA
"urban","JJ","urban",5,"adjective","Adjective",NA,NA
"areas","NNS","area",5,"noun","Noun, plural",NA,NA
