"token","tag","lemma","lttr","wclass","desc","stop","stem"
"wp","JJ","<unknown>",2,"adjective","Adjective",NA,NA
"real","JJ","real",4,"adjective","Adjective",NA,NA
"estate","NN","estate",6,"noun","Noun, singular or mass",NA,NA
"Website","NP","<unknown>",7,"name","Proper noun, singular",NA,NA
"Real","NP","Real",4,"name","Proper noun, singular",NA,NA
"Estate","NP","Estate",6,"name","Proper noun, singular",NA,NA
"is","VBZ","be",2,"verb","Verb, 3rd person singular present of ""to be""",NA,NA
"develop","VV","develop",7,"verb","Verb, base form",NA,NA
"by","IN","by",2,"preposition","Preposition or subordinating conjunction",NA,NA
"wordpress","NN","<unknown>",9,"noun","Noun, singular or mass",NA,NA
"framework","NN","framework",9,"noun","Noun, singular or mass",NA,NA
"..",":","...",2,"punctuation","Punctuation",NA,NA
