"token","tag","lemma","lttr","wclass","desc","stop","stem"
"real","JJ","real",4,"adjective","Adjective",NA,NA
"estate","NN","estate",6,"noun","Noun, singular or mass",NA,NA
"aveto","NN","<unknown>",5,"noun","Noun, singular or mass",NA,NA
"This","DT","this",4,"determiner","Determiner",NA,NA
"app","NP","App",3,"name","Proper noun, singular",NA,NA
"is","VBZ","be",2,"verb","Verb, 3rd person singular present of ""to be""",NA,NA
"for","IN","for",3,"preposition","Preposition or subordinating conjunction",NA,NA
"purchase","NN","purchase",8,"noun","Noun, singular or mass",NA,NA
"and","CC","and",3,"conjunction","Coordinating conjunction",NA,NA
"sale","NN","sale",4,"noun","Noun, singular or mass",NA,NA
"on","IN","on",2,"preposition","Preposition or subordinating conjunction",NA,NA
"real","JJ","real",4,"adjective","Adjective",NA,NA
"estate","NN","estate",6,"noun","Noun, singular or mass",NA,NA
"market","NN","market",6,"noun","Noun, singular or mass",NA,NA
