"token","tag","lemma","lttr","wclass","desc","stop","stem"
"free","JJ","free",4,"adjective","Adjective",NA,NA
"real","JJ","real",4,"adjective","Adjective",NA,NA
"estate","NN","estate",6,"noun","Noun, singular or mass",NA,NA
"Chrome","NN","chrome",6,"noun","Noun, singular or mass",NA,NA
"extension","NN","extension",9,"noun","Noun, singular or mass",NA,NA
"which","WDT","which",5,"determiner","Wh-determiner",NA,NA
"whispers","VVZ","whisper",8,"verb","Verb, 3rd person singular present",NA,NA
"it","PP","it",2,"pronoun","Personal pronoun",NA,NA
"s","VVZ","<unknown>",1,"verb","Verb, 3rd person singular present",NA,NA
"free","JJ","free",4,"adjective","Adjective",NA,NA
"real","JJ","real",4,"adjective","Adjective",NA,NA
"estate","NN","estate",6,"noun","Noun, singular or mass",NA,NA
"when","WRB","when",4,"adverb","Wh-adverb",NA,NA
"clicked","VVN","click",7,"verb","Verb, past participle",NA,NA
"on","RP","on",2,"particle"," Particle",NA,NA
".","SENT",".",1,"fullstop","Sentence ending punctuation",NA,NA
