"token","tag","lemma","lttr","wclass","desc","stop","stem"
"STL","NP","<unknown>",3,"name","Proper noun, singular",NA,NA
"Real","NP","Real",4,"name","Proper noun, singular",NA,NA
"Estate","NP","Estate",6,"name","Proper noun, singular",NA,NA
"Informational","NP","<unknown>",13,"name","Proper noun, singular",NA,NA
"App","NP","App",3,"name","Proper noun, singular",NA,NA
"for","IN","for",3,"preposition","Preposition or subordinating conjunction",NA,NA
"Home","NP","Home",4,"name","Proper noun, singular",NA,NA
"Buyers","NNS","buyer",6,"noun","Noun, plural",NA,NA
".","SENT",".",1,"fullstop","Sentence ending punctuation",NA,NA
"Visit","VV","visit",5,"verb","Verb, base form",NA,NA
"STL","NP","<unknown>",3,"name","Proper noun, singular",NA,NA
"Real","NP","Real",4,"name","Proper noun, singular",NA,NA
"Estate","NP","Estate",6,"name","Proper noun, singular",NA,NA
