"token","tag","lemma","lttr","wclass","desc","stop","stem"
"Listing","VVG","list",7,"verb","Verb, gerund or present participle",NA,NA
"Real","NP","Real",4,"name","Proper noun, singular",NA,NA
"Estate","NP","Estate",6,"name","Proper noun, singular",NA,NA
"Broker","NP","Broker",6,"name","Proper noun, singular",NA,NA
"statistically","RB","statistically",13,"adverb","Adverb",NA,NA
"the","DT","the",3,"determiner","Determiner",NA,NA
"best","RBS","well",4,"adverb","Adverb, superlative",NA,NA
"Real","JJ","real",4,"adjective","Adjective",NA,NA
"Estate","NP","Estate",6,"name","Proper noun, singular",NA,NA
"listing","NN","listing",7,"noun","Noun, singular or mass",NA,NA
"broker","NN","broker",6,"noun","Noun, singular or mass",NA,NA
"in","IN","in",2,"preposition","Preposition or subordinating conjunction",NA,NA
"Lane","NP","Lane",4,"name","Proper noun, singular",NA,NA
"county","NN","county",6,"noun","Noun, singular or mass",NA,NA
"Oregon","NP","Oregon",6,"name","Proper noun, singular",NA,NA
".","SENT",".",1,"fullstop","Sentence ending punctuation",NA,NA
