"token","tag","lemma","lttr","wclass","desc","stop","stem"
"Real","JJ","real",4,"adjective","Adjective",NA,NA
"estate","NN","estate",6,"noun","Noun, singular or mass",NA,NA
"slideshow","NN","<unknown>",9,"noun","Noun, singular or mass",NA,NA
"app","NN","<unknown>",3,"noun","Noun, singular or mass",NA,NA
"that","WDT","that",4,"determiner","Wh-determiner",NA,NA
"summarizes","VVZ","summarize",10,"verb","Verb, 3rd person singular present",NA,NA
"an","DT","an",2,"determiner","Determiner",NA,NA
"area","NN","area",4,"noun","Noun, singular or mass",NA,NA
"and","CC","and",3,"conjunction","Coordinating conjunction",NA,NA
"shows","VVZ","show",5,"verb","Verb, 3rd person singular present",NA,NA
"places","NNS","place",6,"noun","Noun, plural",NA,NA
"to","TO","to",2,"to","to",NA,NA
"live","VV","live",4,"verb","Verb, base form",NA,NA
"there","RB","there",5,"adverb","Adverb",NA,NA
".","SENT",".",1,"fullstop","Sentence ending punctuation",NA,NA
