"token","tag","lemma","lttr","wclass","desc","stop","stem"
"ua","NP","<unknown>",2,"name","Proper noun, singular",NA,NA
"real","JJ","real",4,"adjective","Adjective",NA,NA
"estate","NN","estate",6,"noun","Noun, singular or mass",NA,NA
"Analysis","NN","analysis",8,"noun","Noun, singular or mass",NA,NA
"of","IN","of",2,"preposition","Preposition or subordinating conjunction",NA,NA
"the","DT","the",3,"determiner","Determiner",NA,NA
"real","JJ","real",4,"adjective","Adjective",NA,NA
"estate","NN","estate",6,"noun","Noun, singular or mass",NA,NA
"market","NN","market",6,"noun","Noun, singular or mass",NA,NA
"of","IN","of",2,"preposition","Preposition or subordinating conjunction",NA,NA
"Ukraine","NP","Ukraine",7,"name","Proper noun, singular",NA,NA
