"token","tag","lemma","lttr","wclass","desc","stop","stem"
"platform","NN","platform",8,"noun","Noun, singular or mass",NA,NA
"real","JJ","real",4,"adjective","Adjective",NA,NA
"estate","NN","estate",6,"noun","Noun, singular or mass",NA,NA
"A","DT","a",1,"determiner","Determiner",NA,NA
"real","JJ","real",4,"adjective","Adjective",NA,NA
"estate","NN","estate",6,"noun","Noun, singular or mass",NA,NA
"extension","NN","extension",9,"noun","Noun, singular or mass",NA,NA
"for","IN","for",3,"preposition","Preposition or subordinating conjunction",NA,NA
"Cartalyst","NP","<unknown>",9,"name","Proper noun, singular",NA,NA
"s","NN","S",1,"noun","Noun, singular or mass",NA,NA
"platform","NN","platform",8,"noun","Noun, singular or mass",NA,NA
"..",":","...",2,"punctuation","Punctuation",NA,NA
