"token","tag","lemma","lttr","wclass","desc","stop","stem"
"real","JJ","real",4,"adjective","Adjective",NA,NA
"estate","NN","estate",6,"noun","Noun, singular or mass",NA,NA
"integration","NN","integration",11,"noun","Noun, singular or mass",NA,NA
"brazil","NN","brazil",6,"noun","Noun, singular or mass",NA,NA
"Real","NP","Real",4,"name","Proper noun, singular",NA,NA
"Estate","NP","Estate",6,"name","Proper noun, singular",NA,NA
"Brazil","NP","Brazil",6,"name","Proper noun, singular",NA,NA
"Integrations","NP","<unknown>",12,"name","Proper noun, singular",NA,NA
"VivaReal","NP","<unknown>",8,"name","Proper noun, singular",NA,NA
",",",",",",1,"comma","Comma",NA,NA
"Mercado","NP","Mercado",7,"name","Proper noun, singular",NA,NA
"Livre","NP","<unknown>",5,"name","Proper noun, singular",NA,NA
",",",",",",1,"comma","Comma",NA,NA
"Im�vel","NP","<unknown>",6,"name","Proper noun, singular",NA,NA
"Web","NP","Web",3,"name","Proper noun, singular",NA,NA
",",",",",",1,"comma","Comma",NA,NA
"and","CC","and",3,"conjunction","Coordinating conjunction",NA,NA
"others","NNS","other",6,"noun","Noun, plural",NA,NA
