"token","tag","lemma","lttr","wclass","desc","stop","stem"
"Real","JJ","real",4,"adjective","Adjective",NA,NA
"Estate","NP","Estate",6,"name","Proper noun, singular",NA,NA
"CSC","NP","CSC",3,"name","Proper noun, singular",NA,NA
"CSC","NP","CSC",3,"name","Proper noun, singular",NA,NA
":","SENT",":",1,"fullstop","Sentence ending punctuation",NA,NA
"Object","VVP","object",6,"verb","Verb, non-3rd person singular present",NA,NA
"Oriented","JJ","oriented",8,"adjective","Adjective",NA,NA
"programming","NN","programming",11,"noun","Noun, singular or mass",NA,NA
"course","NN","course",6,"noun","Noun, singular or mass",NA,NA
"s","NN","S",1,"noun","Noun, singular or mass",NA,NA
"Project","NP","Project",7,"name","Proper noun, singular",NA,NA
"on","IN","on",2,"preposition","Preposition or subordinating conjunction",NA,NA
"Real","NP","Real",4,"name","Proper noun, singular",NA,NA
"Estate","NP","Estate",6,"name","Proper noun, singular",NA,NA
"Business","NP","Business",8,"name","Proper noun, singular",NA,NA
"management","NN","management",10,"noun","Noun, singular or mass",NA,NA
"system","NN","system",6,"noun","Noun, singular or mass",NA,NA
