"token","tag","lemma","lttr","wclass","desc","stop","stem"
"Real","JJ","real",4,"adjective","Adjective",NA,NA
"Estate","NP","Estate",6,"name","Proper noun, singular",NA,NA
"program","NN","program",7,"noun","Noun, singular or mass",NA,NA
"MySQL","NP","<unknown>",5,"name","Proper noun, singular",NA,NA
"C","NP","C",1,"name","Proper noun, singular",NA,NA
"windows","NNS","window",7,"noun","Noun, plural",NA,NA
"program","NN","program",7,"noun","Noun, singular or mass",NA,NA
"for","IN","for",3,"preposition","Preposition or subordinating conjunction",NA,NA
"a","DT","a",1,"determiner","Determiner",NA,NA
"Real","JJ","real",4,"adjective","Adjective",NA,NA
"Estate","NP","Estate",6,"name","Proper noun, singular",NA,NA
"office","NN","office",6,"noun","Noun, singular or mass",NA,NA
