"token","tag","lemma","lttr","wclass","desc","stop","stem"
"Real","JJ","real",4,"adjective","Adjective",NA,NA
"estate","NN","estate",6,"noun","Noun, singular or mass",NA,NA
"business","NN","business",8,"noun","Noun, singular or mass",NA,NA
"automation","NN","automation",10,"noun","Noun, singular or mass",NA,NA
"Real","JJ","real",4,"adjective","Adjective",NA,NA
"estate","NN","estate",6,"noun","Noun, singular or mass",NA,NA
"activities","NNS","activity",10,"noun","Noun, plural",NA,NA
"automation","NN","automation",10,"noun","Noun, singular or mass",NA,NA
"for","IN","for",3,"preposition","Preposition or subordinating conjunction",NA,NA
"Log","NP","<unknown>",3,"name","Proper noun, singular",NA,NA
"In","NP","In",2,"name","Proper noun, singular",NA,NA
":","SENT",":",1,"fullstop","Sentence ending punctuation",NA,NA
"Username","NN","<unknown>",8,"noun","Noun, singular or mass",NA,NA
":","SENT",":",1,"fullstop","Sentence ending punctuation",NA,NA
"User","NN","user",4,"noun","Noun, singular or mass",NA,NA
"Password","NN","password",8,"noun","Noun, singular or mass",NA,NA
":","SENT",":",1,"fullstop","Sentence ending punctuation",NA,NA
"qwer","NN","<unknown>",4,"noun","Noun, singular or mass",NA,NA
