"token","tag","lemma","lttr","wclass","desc","stop","stem"
"Real","JJ","real",4,"adjective","Adjective",NA,NA
"Estate","NP","Estate",6,"name","Proper noun, singular",NA,NA
"Real","NP","Real",4,"name","Proper noun, singular",NA,NA
"estate","NN","estate",6,"noun","Noun, singular or mass",NA,NA
"project","NN","project",7,"noun","Noun, singular or mass",NA,NA
"using","VVG","use",5,"verb","Verb, gerund or present participle",NA,NA
"Nodejs","NP","<unknown>",6,"name","Proper noun, singular",NA,NA
"as","IN","as",2,"preposition","Preposition or subordinating conjunction",NA,NA
"server","NN","server",6,"noun","Noun, singular or mass",NA,NA
"and","CC","and",3,"conjunction","Coordinating conjunction",NA,NA
"AngularJs","NNS","<unknown>",9,"noun","Noun, plural",NA,NA
"as","IN","as",2,"preposition","Preposition or subordinating conjunction",NA,NA
"client","NN","client",6,"noun","Noun, singular or mass",NA,NA
