"token","tag","lemma","lttr","wclass","desc","stop","stem"
"Real","JJ","real",4,"adjective","Adjective",NA,NA
"Estate","NP","Estate",6,"name","Proper noun, singular",NA,NA
"App","NP","App",3,"name","Proper noun, singular",NA,NA
"Real","NP","Real",4,"name","Proper noun, singular",NA,NA
"Estate","NP","Estate",6,"name","Proper noun, singular",NA,NA
"Listing","NP","<unknown>",7,"name","Proper noun, singular",NA,NA
"Application","NP","Application",11,"name","Proper noun, singular",NA,NA
"Tech","NP","Tech",4,"name","Proper noun, singular",NA,NA
"Stack","NP","Stack",5,"name","Proper noun, singular",NA,NA
"PHP","NP","PHP",3,"name","Proper noun, singular",NA,NA
"CodeIgniter","NP","<unknown>",11,"name","Proper noun, singular",NA,NA
"MySQL","NP","<unknown>",5,"name","Proper noun, singular",NA,NA
