"token","tag","lemma","lttr","wclass","desc","stop","stem"
"trd","NN","<unknown>",3,"noun","Noun, singular or mass",NA,NA
"The","DT","the",3,"determiner","Determiner",NA,NA
"Real","JJ","real",4,"adjective","Adjective",NA,NA
"Deal","NN","deal",4,"noun","Noun, singular or mass",NA,NA
".","SENT",".",1,"fullstop","Sentence ending punctuation",NA,NA
"Not","RB","not",3,"adverb","Adverb",NA,NA
"just","RB","just",4,"adverb","Adverb",NA,NA
"another","DT","another",7,"determiner","Determiner",NA,NA
"real","JJ","real",4,"adjective","Adjective",NA,NA
"estate","NN","estate",6,"noun","Noun, singular or mass",NA,NA
"portal","NN","portal",6,"noun","Noun, singular or mass",NA,NA
".","SENT",".",1,"fullstop","Sentence ending punctuation",NA,NA
