"token","tag","lemma","lttr","wclass","desc","stop","stem"
"This","DT","this",4,"determiner","Determiner",NA,NA
"post","NN","post",4,"noun","Noun, singular or mass",NA,NA
"demonstrates","VVZ","demonstrate",12,"verb","Verb, 3rd person singular present",NA,NA
"techniques","NNS","technique",10,"noun","Noun, plural",NA,NA
"for","IN","for",3,"preposition","Preposition or subordinating conjunction",NA,NA
"building","VVG","build",8,"verb","Verb, gerund or present participle",NA,NA
"cash","NN","cash",4,"noun","Noun, singular or mass",NA,NA
"flows","NNS","flow",5,"noun","Noun, plural",NA,NA
"for","IN","for",3,"preposition","Preposition or subordinating conjunction",NA,NA
"zoo","NN","zoo",3,"noun","Noun, singular or mass",NA,NA
"objects","NNS","object",7,"noun","Noun, plural",NA,NA
".","SENT",".",1,"fullstop","Sentence ending punctuation",NA,NA
"We","PP","we",2,"pronoun","Personal pronoun",NA,NA
"discuss","VVP","discuss",7,"verb","Verb, non-3rd person singular present",NA,NA
"some","DT","some",4,"determiner","Determiner",NA,NA
"basics","NNS","basic",6,"noun","Noun, plural",NA,NA
"on","IN","on",2,"preposition","Preposition or subordinating conjunction",NA,NA
"zoo","NN","zoo",3,"noun","Noun, singular or mass",NA,NA
"objects","NNS","object",7,"noun","Noun, plural",NA,NA
"and","CC","and",3,"conjunction","Coordinating conjunction",NA,NA
"illustrate","VVP","illustrate",10,"verb","Verb, non-3rd person singular present",NA,NA
"an","DT","an",2,"determiner","Determiner",NA,NA
"example","NN","example",7,"noun","Noun, singular or mass",NA,NA
"real","JJ","real",4,"adjective","Adjective",NA,NA
"estate","NN","estate",6,"noun","Noun, singular or mass",NA,NA
"investment","NN","investment",10,"noun","Noun, singular or mass",NA,NA
".","SENT",".",1,"fullstop","Sentence ending punctuation",NA,NA
"We","PP","we",2,"pronoun","Personal pronoun",NA,NA
"demonstrate","VVP","demonstrate",11,"verb","Verb, non-3rd person singular present",NA,NA
"analysis","NN","analysis",8,"noun","Noun, singular or mass",NA,NA
"with","IN","with",4,"preposition","Preposition or subordinating conjunction",NA,NA
"functions","NNS","function",9,"noun","Noun, plural",NA,NA
"for","IN","for",3,"preposition","Preposition or subordinating conjunction",NA,NA
"NPV","NP","<unknown>",3,"name","Proper noun, singular",NA,NA
"and","CC","and",3,"conjunction","Coordinating conjunction",NA,NA
"IRR","NP","<unknown>",3,"name","Proper noun, singular",NA,NA
"and","CC","and",3,"conjunction","Coordinating conjunction",NA,NA
"show","VV","show",4,"verb","Verb, base form",NA,NA
"some","DT","some",4,"determiner","Determiner",NA,NA
"graphical","JJ","graphical",9,"adjective","Adjective",NA,NA
"methods","NNS","method",7,"noun","Noun, plural",NA,NA
".","SENT",".",1,"fullstop","Sentence ending punctuation",NA,NA
