"token","tag","lemma","lttr","wclass","desc","stop","stem"
"The","DT","the",3,"determiner","Determiner",NA,NA
"Savehouse","NP","<unknown>",9,"name","Proper noun, singular",NA,NA
"Mod","NN","Mod",3,"noun","Noun, singular or mass",NA,NA
"for","IN","for",3,"preposition","Preposition or subordinating conjunction",NA,NA
"GTA","NP","GTA",3,"name","Proper noun, singular",NA,NA
"V","NN","V",1,"noun","Noun, singular or mass",NA,NA
"The","DT","the",3,"determiner","Determiner",NA,NA
"first","JJ","first",5,"adjective","Adjective",NA,NA
"Real","NP","Real",4,"name","Proper noun, singular",NA,NA
"Estate","NP","Estate",6,"name","Proper noun, singular",NA,NA
"mod","NN","mod",3,"noun","Noun, singular or mass",NA,NA
"where","WRB","where",5,"adverb","Wh-adverb",NA,NA
"you","PP","you",3,"pronoun","Personal pronoun",NA,NA
"can","MD","can",3,"modal","Modal",NA,NA
"buy","VV","buy",3,"verb","Verb, base form",NA,NA
"and","CC","and",3,"conjunction","Coordinating conjunction",NA,NA
"sell","VV","sell",4,"verb","Verb, base form",NA,NA
"houses","NNS","house",6,"noun","Noun, plural",NA,NA
",",",",",",1,"comma","Comma",NA,NA
"rent","NN","rent",4,"noun","Noun, singular or mass",NA,NA
"apartments","NNS","apartment",10,"noun","Noun, plural",NA,NA
"and","CC","and",3,"conjunction","Coordinating conjunction",NA,NA
"hotels","NNS","hotel",6,"noun","Noun, plural",NA,NA
"in","IN","in",2,"preposition","Preposition or subordinating conjunction",NA,NA
"Los","NP","Los",3,"name","Proper noun, singular",NA,NA
"Santos","NP","Santos",6,"name","Proper noun, singular",NA,NA
".","SENT",".",1,"fullstop","Sentence ending punctuation",NA,NA
"br","NP","<unknown>",2,"name","Proper noun, singular",NA,NA
"Created","NP","<unknown>",7,"name","Proper noun, singular",NA,NA
"by","IN","by",2,"preposition","Preposition or subordinating conjunction",NA,NA
"a","DT","a",1,"determiner","Determiner",NA,NA
"href","NN","<unknown>",4,"noun","Noun, singular or mass",NA,NA
"Chat","NN","chat",4,"noun","Noun, singular or mass",NA,NA
"You","PP","you",3,"pronoun","Personal pronoun",NA,NA
"can","MD","can",3,"modal","Modal",NA,NA
"talk","VV","talk",4,"verb","Verb, base form",NA,NA
"with","IN","with",4,"preposition","Preposition or subordinating conjunction",NA,NA
"us","PP","us",2,"pronoun","Personal pronoun",NA,NA
"or","CC","or",2,"conjunction","Coordinating conjunction",NA,NA
"report","VV","report",6,"verb","Verb, base form",NA,NA
"quick","JJ","quick",5,"adjective","Adjective",NA,NA
"bugs","NNS","bug",4,"noun","Noun, plural",NA,NA
"on","IN","on",2,"preposition","Preposition or subordinating conjunction",NA,NA
"our","PP$","our",3,"pronoun","Possessive pronoun",NA,NA
"chatroom","NN","<unknown>",8,"noun","Noun, singular or mass",NA,NA
"br","NN","<unknown>",2,"noun","Noun, singular or mass",NA,NA
"Join","NP","<unknown>",4,"name","Proper noun, singular",NA,NA
"the","DT","the",3,"determiner","Determiner",NA,NA
"chat","NN","chat",4,"noun","Noun, singular or mass",NA,NA
"at","IN","at",2,"preposition","Preposition or subordinating conjunction",NA,NA
"Please","RB","please",6,"adverb","Adverb",NA,NA
"keep","VV","keep",4,"verb","Verb, base form",NA,NA
"in","IN","in",2,"preposition","Preposition or subordinating conjunction",NA,NA
"mind","NN","mind",4,"noun","Noun, singular or mass",NA,NA
"that","IN/that","that",4,"preposition","Preposition or subordinating conjunction",NA,NA
"we","PP","we",2,"pronoun","Personal pronoun",NA,NA
"work","VVP","work",4,"verb","Verb, non-3rd person singular present",NA,NA
"on","IN","on",2,"preposition","Preposition or subordinating conjunction",NA,NA
"this","DT","this",4,"determiner","Determiner",NA,NA
"mod","NN","mod",3,"noun","Noun, singular or mass",NA,NA
"in","IN","in",2,"preposition","Preposition or subordinating conjunction",NA,NA
"our","PP$","our",3,"pronoun","Possessive pronoun",NA,NA
"free","JJ","free",4,"adjective","Adjective",NA,NA
"time","NN","time",4,"noun","Noun, singular or mass",NA,NA
".","SENT",".",1,"fullstop","Sentence ending punctuation",NA,NA
"br","NN","<unknown>",2,"noun","Noun, singular or mass",NA,NA
"Same","JJ","same",4,"adjective","Adjective",NA,NA
"goes","VVZ","go",4,"verb","Verb, 3rd person singular present",NA,NA
"with","IN","with",4,"preposition","Preposition or subordinating conjunction",NA,NA
"support","NN","support",7,"noun","Noun, singular or mass",NA,NA
"we","PP","we",2,"pronoun","Personal pronoun",NA,NA
"try","VVP","try",3,"verb","Verb, non-3rd person singular present",NA,NA
"to","TO","to",2,"to","to",NA,NA
"be","VB","be",2,"verb","Verb, base form of ""to be""",NA,NA
"on","IN","on",2,"preposition","Preposition or subordinating conjunction",NA,NA
"the","DT","the",3,"determiner","Determiner",NA,NA
"chat","NN","chat",4,"noun","Noun, singular or mass",NA,NA
"as","RB","as",2,"adverb","Adverb",NA,NA
"much","RB","much",4,"adverb","Adverb",NA,NA
"as","IN","as",2,"preposition","Preposition or subordinating conjunction",NA,NA
"possible","JJ","possible",8,"adjective","Adjective",NA,NA
"Download","NP","<unknown>",8,"name","Proper noun, singular",NA,NA
"Download","NP","<unknown>",8,"name","Proper noun, singular",NA,NA
"our","PP$","our",3,"pronoun","Possessive pronoun",NA,NA
"latest","JJS","late",6,"adjective","Adjective, superlative",NA,NA
"release","NN","release",7,"noun","Noun, singular or mass",NA,NA
"a","DT","a",1,"determiner","Determiner",NA,NA
"href","NN","<unknown>",4,"noun","Noun, singular or mass",NA,NA
"Features","NP","<unknown>",8,"name","Proper noun, singular",NA,NA
"Real","NP","Real",4,"name","Proper noun, singular",NA,NA
"Estate","NP","Estate",6,"name","Proper noun, singular",NA,NA
"Office","NP","Office",6,"name","Proper noun, singular",NA,NA
"Purchase","NP","Purchase",8,"name","Proper noun, singular",NA,NA
"and","CC","and",3,"conjunction","Coordinating conjunction",NA,NA
"sell","VV","sell",4,"verb","Verb, base form",NA,NA
"houses","NNS","house",6,"noun","Noun, plural",NA,NA
"at","IN","at",2,"preposition","Preposition or subordinating conjunction",NA,NA
"the","DT","the",3,"determiner","Determiner",NA,NA
"real","JJ","real",4,"adjective","Adjective",NA,NA
"estate","NN","estate",6,"noun","Noun, singular or mass",NA,NA
"office","NN","office",6,"noun","Noun, singular or mass",NA,NA
"in","IN","in",2,"preposition","Preposition or subordinating conjunction",NA,NA
"Rockford","NP","Rockford",8,"name","Proper noun, singular",NA,NA
"Hills","NP","Hills",5,"name","Proper noun, singular",NA,NA
"Briefcase","NP","<unknown>",9,"name","Proper noun, singular",NA,NA
"Symbol","NP","Symbol",6,"name","Proper noun, singular",NA,NA
"Houses","NP","<unknown>",6,"name","Proper noun, singular",NA,NA
"With","IN","with",4,"preposition","Preposition or subordinating conjunction",NA,NA
"the","DT","the",3,"determiner","Determiner",NA,NA
"total","NN","total",5,"noun","Noun, singular or mass",NA,NA
"of","IN","of",2,"preposition","Preposition or subordinating conjunction",NA,NA
"houses","NNS","house",6,"noun","Noun, plural",NA,NA
"there","EX","there",5,"existential","Existential there",NA,NA
"will","MD","will",4,"modal","Modal",NA,NA
"be","VB","be",2,"verb","Verb, base form of ""to be""",NA,NA
"endless","JJ","endless",7,"adjective","Adjective",NA,NA
"ways","NNS","way",4,"noun","Noun, plural",NA,NA
"to","TO","to",2,"to","to",NA,NA
"replay","VV","replay",6,"verb","Verb, base form",NA,NA
"the","DT","the",3,"determiner","Determiner",NA,NA
"game","NN","game",4,"noun","Noun, singular or mass",NA,NA
".","SENT",".",1,"fullstop","Sentence ending punctuation",NA,NA
"Hotels","NPS","Hotels",6,"name","Proper noun, plural",NA,NA
"and","CC","and",3,"conjunction","Coordinating conjunction",NA,NA
"Apartments","NPS","<unknown>",10,"name","Proper noun, plural",NA,NA
"There","EX","there",5,"existential","Existential there",NA,NA
"are","VBP","be",3,"verb","Verb, non-3rd person singular present of ""to be""",NA,NA
"hotels","NNS","hotel",6,"noun","Noun, plural",NA,NA
"and","CC","and",3,"conjunction","Coordinating conjunction",NA,NA
"apartments","NNS","apartment",10,"noun","Noun, plural",NA,NA
"available","JJ","available",9,"adjective","Adjective",NA,NA
"for","IN","for",3,"preposition","Preposition or subordinating conjunction",NA,NA
"rent","NN","rent",4,"noun","Noun, singular or mass",NA,NA
"with","IN","with",4,"preposition","Preposition or subordinating conjunction",NA,NA
"varying","VVG","vary",7,"verb","Verb, gerund or present participle",NA,NA
"costs","NNS","cost",5,"noun","Noun, plural",NA,NA
"and","CC","and",3,"conjunction","Coordinating conjunction",NA,NA
"durations","NNS","duration",9,"noun","Noun, plural",NA,NA
".","SENT",".",1,"fullstop","Sentence ending punctuation",NA,NA
"Interiors","NNS","interior",9,"noun","Noun, plural",NA,NA
"Each","DT","each",4,"determiner","Determiner",NA,NA
"house","NN","house",5,"noun","Noun, singular or mass",NA,NA
",",",",",",1,"comma","Comma",NA,NA
"apartment","NN","apartment",9,"noun","Noun, singular or mass",NA,NA
"or","CC","or",2,"conjunction","Coordinating conjunction",NA,NA
"hotel","NN","hotel",5,"noun","Noun, singular or mass",NA,NA
"suite","NN","suite",5,"noun","Noun, singular or mass",NA,NA
"has","VHZ","have",3,"verb","Verb, 3rd person singular present of ""to have""",NA,NA
"a","DT","a",1,"determiner","Determiner",NA,NA
"interior","NN","interior",8,"noun","Noun, singular or mass",NA,NA
"currently","RB","currently",9,"adverb","Adverb",NA,NA
"there","EX","there",5,"existential","Existential there",NA,NA
"are","VBP","be",3,"verb","Verb, non-3rd person singular present of ""to be""",NA,NA
"interiors","NNS","interior",9,"noun","Noun, plural",NA,NA
"in","IN","in",2,"preposition","Preposition or subordinating conjunction",NA,NA
"total","JJ","total",5,"adjective","Adjective",NA,NA
"Custom","NP","Custom",6,"name","Proper noun, singular",NA,NA
"Interiors","NP","<unknown>",9,"name","Proper noun, singular",NA,NA
"We","PP","we",2,"pronoun","Personal pronoun",NA,NA
"are","VBP","be",3,"verb","Verb, non-3rd person singular present of ""to be""",NA,NA
"developing","VVG","develop",10,"verb","Verb, gerund or present participle",NA,NA
"custom","NN","custom",6,"noun","Noun, singular or mass",NA,NA
"interiors","NNS","interior",9,"noun","Noun, plural",NA,NA
"some","RB","some",4,"adverb","Adverb",NA,NA
"will","MD","will",4,"modal","Modal",NA,NA
"be","VB","be",2,"verb","Verb, base form of ""to be""",NA,NA
"based","VVN","base",5,"verb","Verb, past participle",NA,NA
"on","IN","on",2,"preposition","Preposition or subordinating conjunction",NA,NA
"location","NN","location",8,"noun","Noun, singular or mass",NA,NA
"with","IN","with",4,"preposition","Preposition or subordinating conjunction",NA,NA
"working","VVG","work",7,"verb","Verb, gerund or present participle",NA,NA
"windows","NNS","window",7,"noun","Noun, plural",NA,NA
"and","CC","and",3,"conjunction","Coordinating conjunction",NA,NA
"some","DT","some",4,"determiner","Determiner",NA,NA
"can","MD","can",3,"modal","Modal",NA,NA
"be","VB","be",2,"verb","Verb, base form of ""to be""",NA,NA
"used","VVN","use",4,"verb","Verb, past participle",NA,NA
"everywhere","RB","everywhere",10,"adverb","Adverb",NA,NA
".","SENT",".",1,"fullstop","Sentence ending punctuation",NA,NA
"Even","RB","even",4,"adverb","Adverb",NA,NA
"in","IN","in",2,"preposition","Preposition or subordinating conjunction",NA,NA
"your","PP$","your",4,"pronoun","Possessive pronoun",NA,NA
"Custom","NP","Custom",6,"name","Proper noun, singular",NA,NA
"Savehouse","NP","<unknown>",9,"name","Proper noun, singular",NA,NA
"br","NP","<unknown>",2,"name","Proper noun, singular",NA,NA
"Please","RB","please",6,"adverb","Adverb",NA,NA
"note","VVP","note",4,"verb","Verb, non-3rd person singular present",NA,NA
"that","IN/that","that",4,"preposition","Preposition or subordinating conjunction",NA,NA
"R","NP","R",1,"name","Proper noun, singular",NA,NA
"did","VVD","do",3,"verb","Verb, past tense",NA,NA
"not","RB","not",3,"adverb","Adverb",NA,NA
"make","VV","make",4,"verb","Verb, base form",NA,NA
"many","JJ","many",4,"adjective","Adjective",NA,NA
"interiors","NNS","interior",9,"noun","Noun, plural",NA,NA
"for","IN","for",3,"preposition","Preposition or subordinating conjunction",NA,NA
"GTA","NP","GTA",3,"name","Proper noun, singular",NA,NA
"V.","NP","V.",2,"name","Proper noun, singular",NA,NA
"We","PP","we",2,"pronoun","Personal pronoun",NA,NA
"are","VBP","be",3,"verb","Verb, non-3rd person singular present of ""to be""",NA,NA
"adding","VVG","add",6,"verb","Verb, gerund or present participle",NA,NA
"custom","JJ","custom",6,"adjective","Adjective",NA,NA
"built","VVN","build",5,"verb","Verb, past participle",NA,NA
"interiors","NNS","interior",9,"noun","Noun, plural",NA,NA
"in","IN","in",2,"preposition","Preposition or subordinating conjunction",NA,NA
"each","DT","each",4,"determiner","Determiner",NA,NA
"version","NN","version",7,"noun","Noun, singular or mass",NA,NA
",",",",",",1,"comma","Comma",NA,NA
"but","CC","but",3,"conjunction","Coordinating conjunction",NA,NA
"those","DT","those",5,"determiner","Determiner",NA,NA
"take","VVP","take",4,"verb","Verb, non-3rd person singular present",NA,NA
"some","DT","some",4,"determiner","Determiner",NA,NA
"time","NN","time",4,"noun","Noun, singular or mass",NA,NA
"to","TO","to",2,"to","to",NA,NA
"build","VV","build",5,"verb","Verb, base form",NA,NA
"and","CC","and",3,"conjunction","Coordinating conjunction",NA,NA
"can","MD","can",3,"modal","Modal",NA,NA
"lower","VV","lower",5,"verb","Verb, base form",NA,NA
"your","PP$","your",4,"pronoun","Possessive pronoun",NA,NA
"FPS","NP","<unknown>",3,"name","Proper noun, singular",NA,NA
"count","NN","count",5,"noun","Noun, singular or mass",NA,NA
"when","WRB","when",4,"adverb","Wh-adverb",NA,NA
"nearby","JJ","nearby",6,"adjective","Adjective",NA,NA
".","SENT",".",1,"fullstop","Sentence ending punctuation",NA,NA
"Custom","NP","Custom",6,"name","Proper noun, singular",NA,NA
"Savehouse","NP","<unknown>",9,"name","Proper noun, singular",NA,NA
"Don","NP","Don",3,"name","Proper noun, singular",NA,NA
"t","NN","t",1,"noun","Noun, singular or mass",NA,NA
"like","IN","like",4,"preposition","Preposition or subordinating conjunction",NA,NA
"any","DT","any",3,"determiner","Determiner",NA,NA
"of","IN","of",2,"preposition","Preposition or subordinating conjunction",NA,NA
"the","DT","the",3,"determiner","Determiner",NA,NA
"houses","NNS","house",6,"noun","Noun, plural",NA,NA
"we","PP","we",2,"pronoun","Personal pronoun",NA,NA
"provided","VVD","provide",8,"verb","Verb, past tense",NA,NA
"then","RB","then",4,"adverb","Adverb",NA,NA
"create","VV","create",6,"verb","Verb, base form",NA,NA
"a","DT","a",1,"determiner","Determiner",NA,NA
"custom","NN","custom",6,"noun","Noun, singular or mass",NA,NA
"savehouse","NN","<unknown>",9,"noun","Noun, singular or mass",NA,NA
"and","CC","and",3,"conjunction","Coordinating conjunction",NA,NA
"assign","VV","assign",6,"verb","Verb, base form",NA,NA
"the","DT","the",3,"determiner","Determiner",NA,NA
"interior","NN","interior",8,"noun","Noun, singular or mass",NA,NA
"you","PP","you",3,"pronoun","Personal pronoun",NA,NA
"want","VVP","want",4,"verb","Verb, non-3rd person singular present",NA,NA
"anywhere","RB","anywhere",8,"adverb","Adverb",NA,NA
"on","IN","on",2,"preposition","Preposition or subordinating conjunction",NA,NA
"the","DT","the",3,"determiner","Determiner",NA,NA
"map","NN","map",3,"noun","Noun, singular or mass",NA,NA
".","SENT",".",1,"fullstop","Sentence ending punctuation",NA,NA
"Custom","NP","Custom",6,"name","Proper noun, singular",NA,NA
"Savespot","NP","<unknown>",8,"name","Proper noun, singular",NA,NA
"Created","VVD","create",7,"verb","Verb, past tense",NA,NA
"your","PP$","your",4,"pronoun","Possessive pronoun",NA,NA
"own","JJ","own",3,"adjective","Adjective",NA,NA
"custom","NN","custom",6,"noun","Noun, singular or mass",NA,NA
"map","NN","map",3,"noun","Noun, singular or mass",NA,NA
"and","CC","and",3,"conjunction","Coordinating conjunction",NA,NA
"want","VVP","want",4,"verb","Verb, non-3rd person singular present",NA,NA
"to","TO","to",2,"to","to",NA,NA
"enjoy","VV","enjoy",5,"verb","Verb, base form",NA,NA
"our","PP$","our",3,"pronoun","Possessive pronoun",NA,NA
"mod","NN","mod",3,"noun","Noun, singular or mass",NA,NA
"with","IN","with",4,"preposition","Preposition or subordinating conjunction",NA,NA
"it","PP","it",2,"pronoun","Personal pronoun",NA,NA
"then","RB","then",4,"adverb","Adverb",NA,NA
"create","VVP","create",6,"verb","Verb, non-3rd person singular present",NA,NA
"your","PP$","your",4,"pronoun","Possessive pronoun",NA,NA
"own","JJ","own",3,"adjective","Adjective",NA,NA
"custom","NN","custom",6,"noun","Noun, singular or mass",NA,NA
"savespot","NN","<unknown>",8,"noun","Noun, singular or mass",NA,NA
".","SENT",".",1,"fullstop","Sentence ending punctuation",NA,NA
"No","DT","no",2,"determiner","Determiner",NA,NA
"Grouping","NP","<unknown>",8,"name","Proper noun, singular",NA,NA
"Characters","NNS","character",10,"noun","Noun, plural",NA,NA
"own","VVP","own",3,"verb","Verb, non-3rd person singular present",NA,NA
"their","PP$","their",5,"pronoun","Possessive pronoun",NA,NA
"houses","NNS","house",6,"noun","Noun, plural",NA,NA
"so","IN","so",2,"preposition","Preposition or subordinating conjunction",NA,NA
"they","PP","they",4,"pronoun","Personal pronoun",NA,NA
"won","VVD","win",3,"verb","Verb, past tense",NA,NA
"t","NN","t",1,"noun","Noun, singular or mass",NA,NA
"live","VV","live",4,"verb","Verb, base form",NA,NA
"together","RB","together",8,"adverb","Adverb",NA,NA
".","SENT",".",1,"fullstop","Sentence ending punctuation",NA,NA
"Multiple","JJ","multiple",8,"adjective","Adjective",NA,NA
"characters","NNS","character",10,"noun","Noun, plural",NA,NA
"can","MD","can",3,"modal","Modal",NA,NA
"live","VV","live",4,"verb","Verb, base form",NA,NA
"in","IN","in",2,"preposition","Preposition or subordinating conjunction",NA,NA
"the","DT","the",3,"determiner","Determiner",NA,NA
"same","JJ","same",4,"adjective","Adjective",NA,NA
"hotel","NN","hotel",5,"noun","Noun, singular or mass",NA,NA
".","SENT",".",1,"fullstop","Sentence ending punctuation",NA,NA
"Realistic","JJ","realistic",9,"adjective","Adjective",NA,NA
"pricing","NN","pricing",7,"noun","Noun, singular or mass",NA,NA
"depending","VVG","depend",9,"verb","Verb, gerund or present participle",NA,NA
"on","IN","on",2,"preposition","Preposition or subordinating conjunction",NA,NA
"exteriors","NNS","exterior",9,"noun","Noun, plural",NA,NA
"and","CC","and",3,"conjunction","Coordinating conjunction",NA,NA
"locations","NNS","location",9,"noun","Noun, plural",NA,NA
".","SENT",".",1,"fullstop","Sentence ending punctuation",NA,NA
"a","DT","a",1,"determiner","Determiner",NA,NA
"href","NN","<unknown>",4,"noun","Noun, singular or mass",NA,NA
"a","DT","a",1,"determiner","Determiner",NA,NA
"href","NN","<unknown>",4,"noun","Noun, singular or mass",NA,NA
"Gameplay","NP","<unknown>",8,"name","Proper noun, singular",NA,NA
"Video","NP","Video",5,"name","Proper noun, singular",NA,NA
"a","DT","a",1,"determiner","Determiner",NA,NA
"href","NN","<unknown>",4,"noun","Noun, singular or mass",NA,NA
"target","NN","target",6,"noun","Noun, singular or mass",NA,NA
"blank","JJ","blank",5,"adjective","Adjective",NA,NA
"img","NN","<unknown>",3,"noun","Noun, singular or mass",NA,NA
"src","NN","<unknown>",3,"noun","Noun, singular or mass",NA,NA
"alt","JJ","alt",3,"adjective","Adjective",NA,NA
"GTA","NP","GTA",3,"name","Proper noun, singular",NA,NA
"Safehouse","NP","<unknown>",9,"name","Proper noun, singular",NA,NA
"Mod","NN","Mod",3,"noun","Noun, singular or mass",NA,NA
"Video","NP","Video",5,"name","Proper noun, singular",NA,NA
"Poster","NP","Poster",6,"name","Proper noun, singular",NA,NA
"width","NN","width",5,"noun","Noun, singular or mass",NA,NA
"height","NN","height",6,"noun","Noun, singular or mass",NA,NA
"border","NN","border",6,"noun","Noun, singular or mass",NA,NA
"a","DT","a",1,"determiner","Determiner",NA,NA
"Installation","NN","installation",12,"noun","Noun, singular or mass",NA,NA
"Instructions","NP","<unknown>",12,"name","Proper noun, singular",NA,NA
"Video","NP","Video",5,"name","Proper noun, singular",NA,NA
"a","DT","a",1,"determiner","Determiner",NA,NA
"href","NN","<unknown>",4,"noun","Noun, singular or mass",NA,NA
"target","NN","target",6,"noun","Noun, singular or mass",NA,NA
"blank","JJ","blank",5,"adjective","Adjective",NA,NA
"img","NN","<unknown>",3,"noun","Noun, singular or mass",NA,NA
"src","NN","<unknown>",3,"noun","Noun, singular or mass",NA,NA
"alt","JJ","alt",3,"adjective","Adjective",NA,NA
"GTA","NP","GTA",3,"name","Proper noun, singular",NA,NA
"Savehouse","NP","<unknown>",9,"name","Proper noun, singular",NA,NA
"Mod","NN","Mod",3,"noun","Noun, singular or mass",NA,NA
"Video","NP","Video",5,"name","Proper noun, singular",NA,NA
"Poster","NP","Poster",6,"name","Proper noun, singular",NA,NA
"width","NN","width",5,"noun","Noun, singular or mass",NA,NA
"height","NN","height",6,"noun","Noun, singular or mass",NA,NA
"border","NN","border",6,"noun","Noun, singular or mass",NA,NA
"a","DT","a",1,"determiner","Determiner",NA,NA
"Screenshots","NP","<unknown>",11,"name","Proper noun, singular",NA,NA
"img","NN","<unknown>",3,"noun","Noun, singular or mass",NA,NA
"src","NN","<unknown>",3,"noun","Noun, singular or mass",NA,NA
"img","NN","<unknown>",3,"noun","Noun, singular or mass",NA,NA
"src","NN","<unknown>",3,"noun","Noun, singular or mass",NA,NA
"img","NN","<unknown>",3,"noun","Noun, singular or mass",NA,NA
"src","NN","<unknown>",3,"noun","Noun, singular or mass",NA,NA
"img","NN","<unknown>",3,"noun","Noun, singular or mass",NA,NA
"src","NN","<unknown>",3,"noun","Noun, singular or mass",NA,NA
"img","NN","<unknown>",3,"noun","Noun, singular or mass",NA,NA
"src","NN","<unknown>",3,"noun","Noun, singular or mass",NA,NA
"img","NN","<unknown>",3,"noun","Noun, singular or mass",NA,NA
"src","NN","<unknown>",3,"noun","Noun, singular or mass",NA,NA
"img","NN","<unknown>",3,"noun","Noun, singular or mass",NA,NA
"src","NN","<unknown>",3,"noun","Noun, singular or mass",NA,NA
"img","NN","<unknown>",3,"noun","Noun, singular or mass",NA,NA
"src","NN","<unknown>",3,"noun","Noun, singular or mass",NA,NA
"img","NN","<unknown>",3,"noun","Noun, singular or mass",NA,NA
"src","NN","<unknown>",3,"noun","Noun, singular or mass",NA,NA
"img","NN","<unknown>",3,"noun","Noun, singular or mass",NA,NA
"src","NN","<unknown>",3,"noun","Noun, singular or mass",NA,NA
"Thanks","NNS","Thank",6,"noun","Noun, plural",NA,NA
"We","PP","we",2,"pronoun","Personal pronoun",NA,NA
"would","MD","would",5,"modal","Modal",NA,NA
"like","VV","like",4,"verb","Verb, base form",NA,NA
"to","TO","to",2,"to","to",NA,NA
"give","VV","give",4,"verb","Verb, base form",NA,NA
"thanks","NNS","thank",6,"noun","Noun, plural",NA,NA
"to","TO","to",2,"to","to",NA,NA
":","SENT",":",1,"fullstop","Sentence ending punctuation",NA,NA
"Szabo","NP","Szabo",5,"name","Proper noun, singular",NA,NA
"who","WP","who",3,"pronoun","Wh-pronoun",NA,NA
"inspired","VVD","inspire",8,"verb","Verb, past tense",NA,NA
"us","PP","us",2,"pronoun","Personal pronoun",NA,NA
"both","CC","both",4,"conjunction","Coordinating conjunction",NA,NA
"in","IN","in",2,"preposition","Preposition or subordinating conjunction",NA,NA
"scripting","VVG","script",9,"verb","Verb, gerund or present participle",NA,NA
"for","IN","for",3,"preposition","Preposition or subordinating conjunction",NA,NA
"GTA","NP","GTA",3,"name","Proper noun, singular",NA,NA
".","SENT",".",1,"fullstop","Sentence ending punctuation",NA,NA
"We","PP","we",2,"pronoun","Personal pronoun",NA,NA
"also","RB","also",4,"adverb","Adverb",NA,NA
"want","VVP","want",4,"verb","Verb, non-3rd person singular present",NA,NA
"to","TO","to",2,"to","to",NA,NA
"thank","VV","thank",5,"verb","Verb, base form",NA,NA
"Alexander","NP","Alexander",9,"name","Proper noun, singular",NA,NA
"Blade","NP","Blade",5,"name","Proper noun, singular",NA,NA
",",",",",",1,"comma","Comma",NA,NA
"Headscript","NP","<unknown>",10,"name","Proper noun, singular",NA,NA
",",",",",",1,"comma","Comma",NA,NA
"Crosire","NP","<unknown>",7,"name","Proper noun, singular",NA,NA
"and","CC","and",3,"conjunction","Coordinating conjunction",NA,NA
"Rockstar","NP","<unknown>",8,"name","Proper noun, singular",NA,NA
"Games","NPS","Games",5,"name","Proper noun, plural",NA,NA
"who","WP","who",3,"pronoun","Wh-pronoun",NA,NA
"all","RB","all",3,"adverb","Adverb",NA,NA
"deliver","VVP","deliver",7,"verb","Verb, non-3rd person singular present",NA,NA
"great","JJ","great",5,"adjective","Adjective",NA,NA
"products","NNS","product",8,"noun","Noun, plural",NA,NA
"that","WDT","that",4,"determiner","Wh-determiner",NA,NA
"combined","JJ","combined",8,"adjective","Adjective",NA,NA
"unleashes","VVZ","unleash",9,"verb","Verb, 3rd person singular present",NA,NA
"the","DT","the",3,"determiner","Determiner",NA,NA
"full","JJ","full",4,"adjective","Adjective",NA,NA
"potential","NN","potential",9,"noun","Noun, singular or mass",NA,NA
"of","IN","of",2,"preposition","Preposition or subordinating conjunction",NA,NA
"Grand","NP","Grand",5,"name","Proper noun, singular",NA,NA
"Theft","NP","<unknown>",5,"name","Proper noun, singular",NA,NA
"Auto","NP","Auto",4,"name","Proper noun, singular",NA,NA
"V.","NP","V.",2,"name","Proper noun, singular",NA,NA
"Then","RB","then",4,"adverb","Adverb",NA,NA
"finally","RB","finally",7,"adverb","Adverb",NA,NA
"we","PP","we",2,"pronoun","Personal pronoun",NA,NA
"would","MD","would",5,"modal","Modal",NA,NA
"like","VV","like",4,"verb","Verb, base form",NA,NA
"to","TO","to",2,"to","to",NA,NA
"give","VV","give",4,"verb","Verb, base form",NA,NA
"thanks","NNS","thank",6,"noun","Noun, plural",NA,NA
"to","TO","to",2,"to","to",NA,NA
"other","JJ","other",5,"adjective","Adjective",NA,NA
"modders","NNS","<unknown>",7,"noun","Noun, plural",NA,NA
"who","WP","who",3,"pronoun","Wh-pronoun",NA,NA
"enable","VVP","enable",6,"verb","Verb, non-3rd person singular present",NA,NA
"us","PP","us",2,"pronoun","Personal pronoun",NA,NA
"to","TO","to",2,"to","to",NA,NA
"have","VH","have",4,"verb","Verb, base form of ""to have""",NA,NA
"different","JJ","different",9,"adjective","Adjective",NA,NA
"types","NNS","type",5,"noun","Noun, plural",NA,NA
"of","IN","of",2,"preposition","Preposition or subordinating conjunction",NA,NA
"gameplay","NN","<unknown>",8,"noun","Noun, singular or mass",NA,NA
"all","RB","all",3,"adverb","Adverb",NA,NA
"the","DT","the",3,"determiner","Determiner",NA,NA
"time","NN","time",4,"noun","Noun, singular or mass",NA,NA
".","SENT",".",1,"fullstop","Sentence ending punctuation",NA,NA
"Smokey","NP","Smokey",6,"name","Proper noun, singular",NA,NA
",",",",",",1,"comma","Comma",NA,NA
"Shep","NP","Shep",4,"name","Proper noun, singular",NA,NA
",",",",",",1,"comma","Comma",NA,NA
"Sakis","NP","<unknown>",5,"name","Proper noun, singular",NA,NA
",",",",",",1,"comma","Comma",NA,NA
"faztsquirrel","NN","<unknown>",12,"noun","Noun, singular or mass",NA,NA
",",",",",",1,"comma","Comma",NA,NA
"haws","NNS","haw",4,"noun","Noun, plural",NA,NA
",",",",",",1,"comma","Comma",NA,NA
"Daxwolf","NP","<unknown>",7,"name","Proper noun, singular",NA,NA
".","SENT",".",1,"fullstop","Sentence ending punctuation",NA,NA
"Did","VVD","do",3,"verb","Verb, past tense",NA,NA
"we","PP","we",2,"pronoun","Personal pronoun",NA,NA
"forgot","VVD","forget",6,"verb","Verb, past tense",NA,NA
"someone","NN","someone",7,"noun","Noun, singular or mass",NA,NA
"or","CC","or",2,"conjunction","Coordinating conjunction",NA,NA
"you","PP","you",3,"pronoun","Personal pronoun",NA,NA
"Then","RB","then",4,"adverb","Adverb",NA,NA
"please","VVP","please",6,"verb","Verb, non-3rd person singular present",NA,NA
"let","VV","let",3,"verb","Verb, base form",NA,NA
"us","PP","us",2,"pronoun","Personal pronoun",NA,NA
"know","VV","know",4,"verb","Verb, base form",NA,NA
".","SENT",".",1,"fullstop","Sentence ending punctuation",NA,NA
