"token","tag","lemma","lttr","wclass","desc","stop","stem"
"Backbone","NN","backbone",8,"noun","Noun, singular or mass",NA,NA
"Contact","NN","contact",7,"noun","Noun, singular or mass",NA,NA
"Manager","NN","manager",7,"noun","Noun, singular or mass",NA,NA
"using","VVG","use",5,"verb","Verb, gerund or present participle",NA,NA
"RequireJS","NP","<unknown>",9,"name","Proper noun, singular",NA,NA
"Contact","NP","Contact",7,"name","Proper noun, singular",NA,NA
"Manager","NP","Manager",7,"name","Proper noun, singular",NA,NA
"using","VVG","use",5,"verb","Verb, gerund or present participle",NA,NA
"Backbone","NP","<unknown>",8,"name","Proper noun, singular",NA,NA
".","SENT",".",1,"fullstop","Sentence ending punctuation",NA,NA
"js","NNS","<unknown>",2,"noun","Noun, plural",NA,NA
",",",",",",1,"comma","Comma",NA,NA
"Localstorage","NP","<unknown>",12,"name","Proper noun, singular",NA,NA
",",",",",",1,"comma","Comma",NA,NA
"RequireJS","NP","<unknown>",9,"name","Proper noun, singular",NA,NA
",",",",",",1,"comma","Comma",NA,NA
"Handlebar","NP","<unknown>",9,"name","Proper noun, singular",NA,NA
"and","CC","and",3,"conjunction","Coordinating conjunction",NA,NA
"Bootstrap","NP","<unknown>",9,"name","Proper noun, singular",NA,NA
".","SENT",".",1,"fullstop","Sentence ending punctuation",NA,NA
"Features","NNS","feature",8,"noun","Noun, plural",NA,NA
"of","IN","of",2,"preposition","Preposition or subordinating conjunction",NA,NA
"this","DT","this",4,"determiner","Determiner",NA,NA
"Contact","NP","Contact",7,"name","Proper noun, singular",NA,NA
"Manager","NP","Manager",7,"name","Proper noun, singular",NA,NA
"app","NP","App",3,"name","Proper noun, singular",NA,NA
"are","VBP","be",3,"verb","Verb, non-3rd person singular present of ""to be""",NA,NA
"client","NN","client",6,"noun","Noun, singular or mass",NA,NA
"side","NN","side",4,"noun","Noun, singular or mass",NA,NA
"data","NNS","datum",4,"noun","Noun, plural",NA,NA
"storage","NN","storage",7,"noun","Noun, singular or mass",NA,NA
"localstorage","NN","<unknown>",12,"noun","Noun, singular or mass",NA,NA
",",",",",",1,"comma","Comma",NA,NA
"form","NN","form",4,"noun","Noun, singular or mass",NA,NA
"validations","NNS","validation",11,"noun","Noun, plural",NA,NA
",",",",",",1,"comma","Comma",NA,NA
"search","NN","search",6,"noun","Noun, singular or mass",NA,NA
"functionality","NN","functionality",13,"noun","Noun, singular or mass",NA,NA
",",",",",",1,"comma","Comma",NA,NA
"using","VVG","use",5,"verb","Verb, gerund or present participle",NA,NA
"RequireJS","NP","<unknown>",9,"name","Proper noun, singular",NA,NA
",",",",",",1,"comma","Comma",NA,NA
"page","NN","page",4,"noun","Noun, singular or mass",NA,NA
"transitions","NNS","transition",11,"noun","Noun, plural",NA,NA
"and","CC","and",3,"conjunction","Coordinating conjunction",NA,NA
"clean","JJ","clean",5,"adjective","Adjective",NA,NA
"code","NN","code",4,"noun","Noun, singular or mass",NA,NA
".","SENT",".",1,"fullstop","Sentence ending punctuation",NA,NA
"Library","NN","library",7,"noun","Noun, singular or mass",NA,NA
"used","VVD","use",4,"verb","Verb, past tense",NA,NA
".","SENT",".",1,"fullstop","Sentence ending punctuation",NA,NA
"Backbone","NN","backbone",8,"noun","Noun, singular or mass",NA,NA
".","SENT",".",1,"fullstop","Sentence ending punctuation",NA,NA
"Backbone","NN","backbone",8,"noun","Noun, singular or mass",NA,NA
"Localstorage","NN","<unknown>",12,"noun","Noun, singular or mass",NA,NA
".","SENT",".",1,"fullstop","Sentence ending punctuation",NA,NA
"RequireJS","NP","<unknown>",9,"name","Proper noun, singular",NA,NA
".","SENT",".",1,"fullstop","Sentence ending punctuation",NA,NA
"Yeoman","NP","Yeoman",6,"name","Proper noun, singular",NA,NA
"workflow","NP","<unknown>",8,"name","Proper noun, singular",NA,NA
"along","IN","along",5,"preposition","Preposition or subordinating conjunction",NA,NA
"with","IN","with",4,"preposition","Preposition or subordinating conjunction",NA,NA
"Grunt","NP","<unknown>",5,"name","Proper noun, singular",NA,NA
"task","NN","task",4,"noun","Noun, singular or mass",NA,NA
"runner","NN","runner",6,"noun","Noun, singular or mass",NA,NA
"and","CC","and",3,"conjunction","Coordinating conjunction",NA,NA
"bower","NN","bower",5,"noun","Noun, singular or mass",NA,NA
".","SENT",".",1,"fullstop","Sentence ending punctuation",NA,NA
"Handlebar","NN","handlebar",9,"noun","Noun, singular or mass",NA,NA
".","SENT",".",1,"fullstop","Sentence ending punctuation",NA,NA
"SASS","VV","sass",4,"verb","Verb, base form",NA,NA
"Bootstrap","NP","<unknown>",9,"name","Proper noun, singular",NA,NA
"Online","NP","<unknown>",6,"name","Proper noun, singular",NA,NA
"demo","NN","demo",4,"noun","Noun, singular or mass",NA,NA
"Installation","NN","installation",12,"noun","Noun, singular or mass",NA,NA
".","SENT",".",1,"fullstop","Sentence ending punctuation",NA,NA
"Clone","NN","clone",5,"noun","Noun, singular or mass",NA,NA
"this","DT","this",4,"determiner","Determiner",NA,NA
"repository","NN","repository",10,"noun","Noun, singular or mass",NA,NA
".","SENT",".",1,"fullstop","Sentence ending punctuation",NA,NA
"Install","VV","install",7,"verb","Verb, base form",NA,NA
"Node","NP","Node",4,"name","Proper noun, singular",NA,NA
".","SENT",".",1,"fullstop","Sentence ending punctuation",NA,NA
"js","NNS","<unknown>",2,"noun","Noun, plural",NA,NA
".","SENT",".",1,"fullstop","Sentence ending punctuation",NA,NA
"Install","VV","install",7,"verb","Verb, base form",NA,NA
"Grunt","NP","<unknown>",5,"name","Proper noun, singular",NA,NA
"cli","NNS","<unknown>",3,"noun","Noun, plural",NA,NA
"and","CC","and",3,"conjunction","Coordinating conjunction",NA,NA
"bower","NN","bower",5,"noun","Noun, singular or mass",NA,NA
".","SENT",".",1,"fullstop","Sentence ending punctuation",NA,NA
"Install","VV","install",7,"verb","Verb, base form",NA,NA
"Yeoman","NP","Yeoman",6,"name","Proper noun, singular",NA,NA
".","SENT",".",1,"fullstop","Sentence ending punctuation",NA,NA
"Install","VV","install",7,"verb","Verb, base form",NA,NA
"components","NNS","component",10,"noun","Noun, plural",NA,NA
":","SENT",":",1,"fullstop","Sentence ending punctuation",NA,NA
"npm","NN","<unknown>",3,"noun","Noun, singular or mass",NA,NA
"install","VV","install",7,"verb","Verb, base form",NA,NA
"or","CC","or",2,"conjunction","Coordinating conjunction",NA,NA
"bower","NN","bower",5,"noun","Noun, singular or mass",NA,NA
"install","VVP","install",7,"verb","Verb, non-3rd person singular present",NA,NA
".","SENT",".",1,"fullstop","Sentence ending punctuation",NA,NA
"Run","NN","run",3,"noun","Noun, singular or mass",NA,NA
"grunt","NN","grunt",5,"noun","Noun, singular or mass",NA,NA
"serve","VVP","serve",5,"verb","Verb, non-3rd person singular present",NA,NA
"Copyright","NP","Copyright",9,"name","Proper noun, singular",NA,NA
"c","SYM","c",1,"symbol","Symbol",NA,NA
"Pradeep","NP","Pradeep",7,"name","Proper noun, singular",NA,NA
"Saran","NP","Saran",5,"name","Proper noun, singular",NA,NA
".","SENT",".",1,"fullstop","Sentence ending punctuation",NA,NA
"All","DT","all",3,"determiner","Determiner",NA,NA
"rights","NNS","right",6,"noun","Noun, plural",NA,NA
"reserved","VVD","reserve",8,"verb","Verb, past tense",NA,NA
".","SENT",".",1,"fullstop","Sentence ending punctuation",NA,NA
"Developed","VVN","develop",9,"verb","Verb, past participle",NA,NA
"by","IN","by",2,"preposition","Preposition or subordinating conjunction",NA,NA
"Devsaran","NP","<unknown>",8,"name","Proper noun, singular",NA,NA
