"token","tag","lemma","lttr","wclass","desc","stop","stem"
"real","JJ","real",4,"adjective","Adjective",NA,NA
"estate","NN","estate",6,"noun","Noun, singular or mass",NA,NA
"Some","DT","some",4,"determiner","Determiner",NA,NA
"code","NN","code",4,"noun","Noun, singular or mass",NA,NA
"to","TO","to",2,"to","to",NA,NA
"fetch","VV","fetch",5,"verb","Verb, base form",NA,NA
"data","NNS","datum",4,"noun","Noun, plural",NA,NA
"from","IN","from",4,"preposition","Preposition or subordinating conjunction",NA,NA
"real","JJ","real",4,"adjective","Adjective",NA,NA
"estate","NN","estate",6,"noun","Noun, singular or mass",NA,NA
"webs","NNS","web",4,"noun","Noun, plural",NA,NA
".","SENT",".",1,"fullstop","Sentence ending punctuation",NA,NA
