"token","tag","lemma","lttr","wclass","desc","stop","stem"
"img","NN","<unknown>",3,"noun","Noun, singular or mass",NA,NA
"src","NN","<unknown>",3,"noun","Noun, singular or mass",NA,NA
"Brytescore","NP","<unknown>",10,"name","Proper noun, singular",NA,NA
"API","NP","API",3,"name","Proper noun, singular",NA,NA
"Real","NP","Real",4,"name","Proper noun, singular",NA,NA
"Estate","NP","Estate",6,"name","Proper noun, singular",NA,NA
"Package","NP","<unknown>",7,"name","Proper noun, singular",NA,NA
"Brytescore","NP","<unknown>",10,"name","Proper noun, singular",NA,NA
"packages","NNS","package",8,"noun","Noun, plural",NA,NA
"are","VBP","be",3,"verb","Verb, non-3rd person singular present of ""to be""",NA,NA
"encapsulations","NNS","encapsulation",14,"noun","Noun, plural",NA,NA
"of","IN","of",2,"preposition","Preposition or subordinating conjunction",NA,NA
"rules","NNS","rule",5,"noun","Noun, plural",NA,NA
",",",",",",1,"comma","Comma",NA,NA
"objects","NNS","object",7,"noun","Noun, plural",NA,NA
",",",",",",1,"comma","Comma",NA,NA
"and","CC","and",3,"conjunction","Coordinating conjunction",NA,NA
"events","NNS","event",6,"noun","Noun, plural",NA,NA
"that","WDT","that",4,"determiner","Wh-determiner",NA,NA
"create","VVP","create",6,"verb","Verb, non-3rd person singular present",NA,NA
"boundaries","NNS","boundary",10,"noun","Noun, plural",NA,NA
"for","IN","for",3,"preposition","Preposition or subordinating conjunction",NA,NA
"the","DT","the",3,"determiner","Determiner",NA,NA
"API","NP","API",3,"name","Proper noun, singular",NA,NA
"when","WRB","when",4,"adverb","Wh-adverb",NA,NA
"scoring","VVG","score",7,"verb","Verb, gerund or present participle",NA,NA
"leads","NNS","lead",5,"noun","Noun, plural",NA,NA
"and","CC","and",3,"conjunction","Coordinating conjunction",NA,NA
"predicting","VVG","predict",10,"verb","Verb, gerund or present participle",NA,NA
"user","NN","user",4,"noun","Noun, singular or mass",NA,NA
"behaviors","NNS","behavior",9,"noun","Noun, plural",NA,NA
".","SENT",".",1,"fullstop","Sentence ending punctuation",NA,NA
"This","DT","this",4,"determiner","Determiner",NA,NA
"specific","JJ","specific",8,"adjective","Adjective",NA,NA
"package","NN","package",7,"noun","Noun, singular or mass",NA,NA
"is","VBZ","be",2,"verb","Verb, 3rd person singular present of ""to be""",NA,NA
"for","IN","for",3,"preposition","Preposition or subordinating conjunction",NA,NA
"the","DT","the",3,"determiner","Determiner",NA,NA
"real","JJ","real",4,"adjective","Adjective",NA,NA
"estate","NN","estate",6,"noun","Noun, singular or mass",NA,NA
"industry","NN","industry",8,"noun","Noun, singular or mass",NA,NA
".","SENT",".",1,"fullstop","Sentence ending punctuation",NA,NA
"Docs","NNS","doc",4,"noun","Noun, plural",NA,NA
"Documentation","NN","documentation",13,"noun","Noun, singular or mass",NA,NA
"on","IN","on",2,"preposition","Preposition or subordinating conjunction",NA,NA
"this","DT","this",4,"determiner","Determiner",NA,NA
"package","NN","package",7,"noun","Noun, singular or mass",NA,NA
"can","MD","can",3,"modal","Modal",NA,NA
"be","VB","be",2,"verb","Verb, base form of ""to be""",NA,NA
"found","VVN","find",5,"verb","Verb, past participle",NA,NA
"in","IN","in",2,"preposition","Preposition or subordinating conjunction",NA,NA
"the","DT","the",3,"determiner","Determiner",NA,NA
"Brytescore","NP","<unknown>",10,"name","Proper noun, singular",NA,NA
"API","NP","API",3,"name","Proper noun, singular",NA,NA
"documentation","NN","documentation",13,"noun","Noun, singular or mass",NA,NA
"GitHub","NP","<unknown>",6,"name","Proper noun, singular",NA,NA
"repo","NN","repo",4,"noun","Noun, singular or mass",NA,NA
"containing","VVG","contain",10,"verb","Verb, gerund or present participle",NA,NA
"the","DT","the",3,"determiner","Determiner",NA,NA
"javascript","NN","<unknown>",10,"noun","Noun, singular or mass",NA,NA
"library","NN","library",7,"noun","Noun, singular or mass",NA,NA
"for","IN","for",3,"preposition","Preposition or subordinating conjunction",NA,NA
"integrating","VVG","integrate",11,"verb","Verb, gerund or present participle",NA,NA
"the","DT","the",3,"determiner","Determiner",NA,NA
"Brytescore","NP","<unknown>",10,"name","Proper noun, singular",NA,NA
"API","NP","API",3,"name","Proper noun, singular",NA,NA
"License","NP","License",7,"name","Proper noun, singular",NA,NA
"This","DT","this",4,"determiner","Determiner",NA,NA
"package","NN","package",7,"noun","Noun, singular or mass",NA,NA
"is","VBZ","be",2,"verb","Verb, 3rd person singular present of ""to be""",NA,NA
"licensed","VVN","license",8,"verb","Verb, past participle",NA,NA
"under","IN","under",5,"preposition","Preposition or subordinating conjunction",NA,NA
"the","DT","the",3,"determiner","Determiner",NA,NA
"MIT","NP","MIT",3,"name","Proper noun, singular",NA,NA
"license","NN","license",7,"noun","Noun, singular or mass",NA,NA
"LICENSE","NP","License",7,"name","Proper noun, singular",NA,NA
".","SENT",".",1,"fullstop","Sentence ending punctuation",NA,NA
