"token","tag","lemma","lttr","wclass","desc","stop","stem"
"Prebake","NP","<unknown>",7,"name","Proper noun, singular",NA,NA
"Join","NP","<unknown>",4,"name","Proper noun, singular",NA,NA
"the","DT","the",3,"determiner","Determiner",NA,NA
"chat","NN","chat",4,"noun","Noun, singular or mass",NA,NA
"at","IN","at",2,"preposition","Preposition or subordinating conjunction",NA,NA
"A","DT","a",1,"determiner","Determiner",NA,NA
"set","NN","set",3,"noun","Noun, singular or mass",NA,NA
"of","IN","of",2,"preposition","Preposition or subordinating conjunction",NA,NA
"Adblock","NP","<unknown>",7,"name","Proper noun, singular",NA,NA
"filters","NNS","filter",7,"noun","Noun, plural",NA,NA
"to","TO","to",2,"to","to",NA,NA
"block","VV","block",5,"verb","Verb, base form",NA,NA
"obtrusive","JJ","obtrusive",9,"adjective","Adjective",NA,NA
"EU","NP","EU",2,"name","Proper noun, singular",NA,NA
"cookie","NN","cookie",6,"noun","Noun, singular or mass",NA,NA
"law","NN","law",3,"noun","Noun, singular or mass",NA,NA
"notices","NNS","notice",7,"noun","Noun, plural",NA,NA
".","SENT",".",1,"fullstop","Sentence ending punctuation",NA,NA
"Details","NNS","detail",7,"noun","Noun, plural",NA,NA
"The","DT","the",3,"determiner","Determiner",NA,NA
"Obtrusive","JJ","obtrusive",9,"adjective","Adjective",NA,NA
"list","NN","list",4,"noun","Noun, singular or mass",NA,NA
"blocks","VVZ","block",6,"verb","Verb, 3rd person singular present",NA,NA
"cookie","NN","cookie",6,"noun","Noun, singular or mass",NA,NA
"notices","NNS","notice",7,"noun","Noun, plural",NA,NA
"that","WDT","that",4,"determiner","Wh-determiner",NA,NA
"either","RB","either",6,"adverb","Adverb",NA,NA
"consume","VVP","consume",7,"verb","Verb, non-3rd person singular present",NA,NA
"a","DT","a",1,"determiner","Determiner",NA,NA
"considerable","JJ","considerable",12,"adjective","Adjective",NA,NA
"amount","NN","amount",6,"noun","Noun, singular or mass",NA,NA
"of","IN","of",2,"preposition","Preposition or subordinating conjunction",NA,NA
"screen","NN","screen",6,"noun","Noun, singular or mass",NA,NA
"real","JJ","real",4,"adjective","Adjective",NA,NA
"estate","NN","estate",6,"noun","Noun, singular or mass",NA,NA
"or","CC","or",2,"conjunction","Coordinating conjunction",NA,NA
"popup","JJ","popup",5,"adjective","Adjective",NA,NA
"and","CC","and",3,"conjunction","Coordinating conjunction",NA,NA
"distract","VV","distract",8,"verb","Verb, base form",NA,NA
"the","DT","the",3,"determiner","Determiner",NA,NA
"viewers","NNS","viewer",7,"noun","Noun, plural",NA,NA
"attention","NN","attention",9,"noun","Noun, singular or mass",NA,NA
".","SENT",".",1,"fullstop","Sentence ending punctuation",NA,NA
"The","DT","the",3,"determiner","Determiner",NA,NA
"Quiet","NP","Quiet",5,"name","Proper noun, singular",NA,NA
"list","NN","list",4,"noun","Noun, singular or mass",NA,NA
"blocks","VVZ","block",6,"verb","Verb, 3rd person singular present",NA,NA
"all","DT","all",3,"determiner","Determiner",NA,NA
"other","JJ","other",5,"adjective","Adjective",NA,NA
"notices","NNS","notice",7,"noun","Noun, plural",NA,NA
"regardless","RB","regardless",10,"adverb","Adverb",NA,NA
"of","IN","of",2,"preposition","Preposition or subordinating conjunction",NA,NA
"their","PP$","their",5,"pronoun","Possessive pronoun",NA,NA
"size","NN","size",4,"noun","Noun, singular or mass",NA,NA
"or","CC","or",2,"conjunction","Coordinating conjunction",NA,NA
"obnoxiousness","NN","obnoxiousness",13,"noun","Noun, singular or mass",NA,NA
".","SENT",".",1,"fullstop","Sentence ending punctuation",NA,NA
"Using","VVG","use",5,"verb","Verb, gerund or present participle",NA,NA
"this","DT","this",4,"determiner","Determiner",NA,NA
"list","NN","list",4,"noun","Noun, singular or mass",NA,NA
"isn","NN","<unknown>",3,"noun","Noun, singular or mass",NA,NA
"t","NN","t",1,"noun","Noun, singular or mass",NA,NA
"recommended","VVN","recommend",11,"verb","Verb, past participle",NA,NA
"but","CC","but",3,"conjunction","Coordinating conjunction",NA,NA
"is","VBZ","be",2,"verb","Verb, 3rd person singular present of ""to be""",NA,NA
"provided","VVN","provide",8,"verb","Verb, past participle",NA,NA
"for","IN","for",3,"preposition","Preposition or subordinating conjunction",NA,NA
"completeness","NN","completeness",12,"noun","Noun, singular or mass",NA,NA
".","SENT",".",1,"fullstop","Sentence ending punctuation",NA,NA
"Simple","NN","simple",6,"noun","Noun, singular or mass",NA,NA
"two","CD","two",3,"number","Cardinal number",NA,NA
"or","CC","or",2,"conjunction","Coordinating conjunction",NA,NA
"three","CD","three",5,"number","Cardinal number",NA,NA
"word","NN","word",4,"noun","Noun, singular or mass",NA,NA
"links","NNS","link",5,"noun","Noun, plural",NA,NA
"to","TO","to",2,"to","to",NA,NA
"privacy","NN","privacy",7,"noun","Noun, singular or mass",NA,NA
"pages","NNS","page",5,"noun","Noun, plural",NA,NA
"aren","NN","<unknown>",4,"noun","Noun, singular or mass",NA,NA
"t","NN","t",1,"noun","Noun, singular or mass",NA,NA
"blocked","VVD","block",7,"verb","Verb, past tense",NA,NA
"such","JJ","such",4,"adjective","Adjective",NA,NA
"as","IN","as",2,"preposition","Preposition or subordinating conjunction",NA,NA
"links","NNS","link",5,"noun","Noun, plural",NA,NA
"in","IN","in",2,"preposition","Preposition or subordinating conjunction",NA,NA
"a","DT","a",1,"determiner","Determiner",NA,NA
"page","NN","page",4,"noun","Noun, singular or mass",NA,NA
"footer","NN","footer",6,"noun","Noun, singular or mass",NA,NA
",",",",",",1,"comma","Comma",NA,NA
"but","CC","but",3,"conjunction","Coordinating conjunction",NA,NA
"a","DT","a",1,"determiner","Determiner",NA,NA
"lengthy","JJ","lengthy",7,"adjective","Adjective",NA,NA
"paragraph","NN","paragraph",9,"noun","Noun, singular or mass",NA,NA
"mid","JJ","mid",3,"adjective","Adjective",NA,NA
"page","NN","page",4,"noun","Noun, singular or mass",NA,NA
"will","MD","will",4,"modal","Modal",NA,NA
"be","VB","be",2,"verb","Verb, base form of ""to be""",NA,NA
".","SENT",".",1,"fullstop","Sentence ending punctuation",NA,NA
"Contribute","VVP","contribute",10,"verb","Verb, non-3rd person singular present",NA,NA
"There","EX","there",5,"existential","Existential there",NA,NA
"are","VBP","be",3,"verb","Verb, non-3rd person singular present of ""to be""",NA,NA
"going","VVG","go",5,"verb","Verb, gerund or present participle",NA,NA
"to","TO","to",2,"to","to",NA,NA
"be","VB","be",2,"verb","Verb, base form of ""to be""",NA,NA
"sites","NNS","site",5,"noun","Noun, plural",NA,NA
"that","IN/that","that",4,"preposition","Preposition or subordinating conjunction",NA,NA
"I","PP","I",1,"pronoun","Personal pronoun",NA,NA
"have","VHP","have",4,"verb","Verb, non-3rd person singular present of ""to have""",NA,NA
"missed","VVN","miss",6,"verb","Verb, past participle",NA,NA
",",",",",",1,"comma","Comma",NA,NA
"or","CC","or",2,"conjunction","Coordinating conjunction",NA,NA
"I","PP","I",1,"pronoun","Personal pronoun",NA,NA
"may","MD","may",3,"modal","Modal",NA,NA
"have","VH","have",4,"verb","Verb, base form of ""to have""",NA,NA
"just","RB","just",4,"adverb","Adverb",NA,NA
"screwed","VVN","screw",7,"verb","Verb, past participle",NA,NA
"up","RP","up",2,"particle"," Particle",NA,NA
"with","IN","with",4,"preposition","Preposition or subordinating conjunction",NA,NA
"a","DT","a",1,"determiner","Determiner",NA,NA
"CSS","NP","CSS",3,"name","Proper noun, singular",NA,NA
"selector","NN","selector",8,"noun","Noun, singular or mass",NA,NA
".","SENT",".",1,"fullstop","Sentence ending punctuation",NA,NA
"In","IN","in",2,"preposition","Preposition or subordinating conjunction",NA,NA
"any","DT","any",3,"determiner","Determiner",NA,NA
"case","NN","case",4,"noun","Noun, singular or mass",NA,NA
",",",",",",1,"comma","Comma",NA,NA
"feel","VVP","feel",4,"verb","Verb, non-3rd person singular present",NA,NA
"free","JJ","free",4,"adjective","Adjective",NA,NA
"to","TO","to",2,"to","to",NA,NA
"point","VV","point",5,"verb","Verb, base form",NA,NA
"out","RP","out",3,"particle"," Particle",NA,NA
"bugs","NNS","bug",4,"noun","Noun, plural",NA,NA
"or","CC","or",2,"conjunction","Coordinating conjunction",NA,NA
"request","VV","request",7,"verb","Verb, base form",NA,NA
"new","JJ","new",3,"adjective","Adjective",NA,NA
"sites","NNS","site",5,"noun","Noun, plural",NA,NA
"to","TO","to",2,"to","to",NA,NA
"be","VB","be",2,"verb","Verb, base form of ""to be""",NA,NA
"added","VVN","add",5,"verb","Verb, past participle",NA,NA
"via","IN","via",3,"preposition","Preposition or subordinating conjunction",NA,NA
"the","DT","the",3,"determiner","Determiner",NA,NA
"GitHub","NP","<unknown>",6,"name","Proper noun, singular",NA,NA
"issue","NN","issue",5,"noun","Noun, singular or mass",NA,NA
"tracker","NN","tracker",7,"noun","Noun, singular or mass",NA,NA
"or","CC","or",2,"conjunction","Coordinating conjunction",NA,NA
"submit","VV","submit",6,"verb","Verb, base form",NA,NA
"a","DT","a",1,"determiner","Determiner",NA,NA
"pull","NN","pull",4,"noun","Noun, singular or mass",NA,NA
"request","VVP","request",7,"verb","Verb, non-3rd person singular present",NA,NA
"Please","RB","please",6,"adverb","Adverb",NA,NA
"make","VV","make",4,"verb","Verb, base form",NA,NA
"sure","JJ","sure",4,"adjective","Adjective",NA,NA
"to","TO","to",2,"to","to",NA,NA
"test","VV","test",4,"verb","Verb, base form",NA,NA
"the","DT","the",3,"determiner","Determiner",NA,NA
"site","NN","site",4,"noun","Noun, singular or mass",NA,NA
"without","IN","without",7,"preposition","Preposition or subordinating conjunction",NA,NA
"any","DT","any",3,"determiner","Determiner",NA,NA
"other","JJ","other",5,"adjective","Adjective",NA,NA
"AdBlock","NP","<unknown>",7,"name","Proper noun, singular",NA,NA
"rules","NNS","rule",5,"noun","Noun, plural",NA,NA
"or","CC","or",2,"conjunction","Coordinating conjunction",NA,NA
"content","JJ","content",7,"adjective","Adjective",NA,NA
"blockers","NNS","blocker",8,"noun","Noun, plural",NA,NA
",",",",",",1,"comma","Comma",NA,NA
"using","VVG","use",5,"verb","Verb, gerund or present participle",NA,NA
"the","DT","the",3,"determiner","Determiner",NA,NA
"most","RBS","most",4,"adverb","Adverb, superlative",NA,NA
"recent","JJ","recent",6,"adjective","Adjective",NA,NA
"version","NN","version",7,"noun","Noun, singular or mass",NA,NA
"of","IN","of",2,"preposition","Preposition or subordinating conjunction",NA,NA
"the","DT","the",3,"determiner","Determiner",NA,NA
"Prebake","NP","<unknown>",7,"name","Proper noun, singular",NA,NA
"ruleset","NN","<unknown>",7,"noun","Noun, singular or mass",NA,NA
"before","IN","before",6,"preposition","Preposition or subordinating conjunction",NA,NA
"reporting","VVG","report",9,"verb","Verb, gerund or present participle",NA,NA
"bugs","NNS","bug",4,"noun","Noun, plural",NA,NA
".","SENT",".",1,"fullstop","Sentence ending punctuation",NA,NA
"When","WRB","when",4,"adverb","Wh-adverb",NA,NA
"adding","VVG","add",6,"verb","Verb, gerund or present participle",NA,NA
"a","DT","a",1,"determiner","Determiner",NA,NA
"new","JJ","new",3,"adjective","Adjective",NA,NA
"filter","NN","filter",6,"noun","Noun, singular or mass",NA,NA
",",",",",",1,"comma","Comma",NA,NA
"keep","VV","keep",4,"verb","Verb, base form",NA,NA
"the","DT","the",3,"determiner","Determiner",NA,NA
"list","NN","list",4,"noun","Noun, singular or mass",NA,NA
"sorted","VVN","sort",6,"verb","Verb, past participle",NA,NA
"and","CC","and",3,"conjunction","Coordinating conjunction",NA,NA
"update","VV","update",6,"verb","Verb, base form",NA,NA
"the","DT","the",3,"determiner","Determiner",NA,NA
"last","JJ","last",4,"adjective","Adjective",NA,NA
"modified","JJ","modified",8,"adjective","Adjective",NA,NA
"timestamp","NNS","<unknown>",9,"noun","Noun, plural",NA,NA
"to","TO","to",2,"to","to",NA,NA
"match","VV","match",5,"verb","Verb, base form",NA,NA
"the","DT","the",3,"determiner","Determiner",NA,NA
"current","JJ","current",7,"adjective","Adjective",NA,NA
"date","NN","date",4,"noun","Noun, singular or mass",NA,NA
".","SENT",".",1,"fullstop","Sentence ending punctuation",NA,NA
"Please","RB","please",6,"adverb","Adverb",NA,NA
"also","RB","also",4,"adverb","Adverb",NA,NA
"make","VVP","make",4,"verb","Verb, non-3rd person singular present",NA,NA
"sure","RB","sure",4,"adverb","Adverb",NA,NA
"you","PP","you",3,"pronoun","Personal pronoun",NA,NA
"don","VV","don",3,"verb","Verb, base form",NA,NA
"t","NN","t",1,"noun","Noun, singular or mass",NA,NA
"introduce","VV","introduce",9,"verb","Verb, base form",NA,NA
"duplicate","JJ","duplicate",9,"adjective","Adjective",NA,NA
"rules","NNS","rule",5,"noun","Noun, plural",NA,NA
":","SENT",":",1,"fullstop","Sentence ending punctuation",NA,NA
"Redundancy","NN","redundancy",10,"noun","Noun, singular or mass",NA,NA
"check","NN","check",5,"noun","Noun, singular or mass",NA,NA
"for","IN","for",3,"preposition","Preposition or subordinating conjunction",NA,NA
"Adblock","NP","<unknown>",7,"name","Proper noun, singular",NA,NA
"Plus","NP","Plus",4,"name","Proper noun, singular",NA,NA
"rules","VVZ","rule",5,"verb","Verb, 3rd person singular present",NA,NA
"User","NP","User",4,"name","Proper noun, singular",NA,NA
"Agreement","NP","Agreement",9,"name","Proper noun, singular",NA,NA
"By","IN","by",2,"preposition","Preposition or subordinating conjunction",NA,NA
"using","VVG","use",5,"verb","Verb, gerund or present participle",NA,NA
"these","DT","these",5,"determiner","Determiner",NA,NA
"filters","NNS","filter",7,"noun","Noun, plural",NA,NA
",",",",",",1,"comma","Comma",NA,NA
"you","PP","you",3,"pronoun","Personal pronoun",NA,NA
"are","VBP","be",3,"verb","Verb, non-3rd person singular present of ""to be""",NA,NA
"accepting","VVG","accept",9,"verb","Verb, gerund or present participle",NA,NA
"and","CC","and",3,"conjunction","Coordinating conjunction",NA,NA
"allowing","VVG","allow",8,"verb","Verb, gerund or present participle",NA,NA
"sites","NNS","site",5,"noun","Noun, plural",NA,NA
"to","TO","to",2,"to","to",NA,NA
"set","VV","set",3,"verb","Verb, base form",NA,NA
"cookies","NNS","cookie",7,"noun","Noun, plural",NA,NA
"by","IN","by",2,"preposition","Preposition or subordinating conjunction",NA,NA
"default","NN","default",7,"noun","Noun, singular or mass",NA,NA
".","SENT",".",1,"fullstop","Sentence ending punctuation",NA,NA
"You","PP","you",3,"pronoun","Personal pronoun",NA,NA
"agree","VVP","agree",5,"verb","Verb, non-3rd person singular present",NA,NA
"to","TO","to",2,"to","to",NA,NA
"allow","VV","allow",5,"verb","Verb, base form",NA,NA
"the","DT","the",3,"determiner","Determiner",NA,NA
"sites","NNS","site",5,"noun","Noun, plural",NA,NA
"you","PP","you",3,"pronoun","Personal pronoun",NA,NA
"visit","VVP","visit",5,"verb","Verb, non-3rd person singular present",NA,NA
"to","TO","to",2,"to","to",NA,NA
"set","VV","set",3,"verb","Verb, base form",NA,NA
"cookies","NNS","cookie",7,"noun","Noun, plural",NA,NA
".","SENT",".",1,"fullstop","Sentence ending punctuation",NA,NA
"Only","RB","only",4,"adverb","Adverb",NA,NA
"use","VV","use",3,"verb","Verb, base form",NA,NA
"these","DT","these",5,"determiner","Determiner",NA,NA
"filters","NNS","filter",7,"noun","Noun, plural",NA,NA
"if","IN","if",2,"preposition","Preposition or subordinating conjunction",NA,NA
"you","PP","you",3,"pronoun","Personal pronoun",NA,NA
"understand","VVP","understand",10,"verb","Verb, non-3rd person singular present",NA,NA
"the","DT","the",3,"determiner","Determiner",NA,NA
"implications","NNS","implication",12,"noun","Noun, plural",NA,NA
"of","IN","of",2,"preposition","Preposition or subordinating conjunction",NA,NA
"allowing","VVG","allow",8,"verb","Verb, gerund or present participle",NA,NA
"cookies","NNS","cookie",7,"noun","Noun, plural",NA,NA
".","SENT",".",1,"fullstop","Sentence ending punctuation",NA,NA
"License","VV","license",7,"verb","Verb, base form",NA,NA
"The","DT","the",3,"determiner","Determiner",NA,NA
"MIT","NP","MIT",3,"name","Proper noun, singular",NA,NA
"License","NP","License",7,"name","Proper noun, singular",NA,NA
"MIT","NP","MIT",3,"name","Proper noun, singular",NA,NA
"Copyright","NP","Copyright",9,"name","Proper noun, singular",NA,NA
"c","SYM","c",1,"symbol","Symbol",NA,NA
"Liam","NP","Liam",4,"name","Proper noun, singular",NA,NA
"Anderson","NP","Anderson",8,"name","Proper noun, singular",NA,NA
",",",",",",1,"comma","Comma",NA,NA
"Prebake","NP","<unknown>",7,"name","Proper noun, singular",NA,NA
"Contributors","NP","<unknown>",12,"name","Proper noun, singular",NA,NA
"Permission","NP","<unknown>",10,"name","Proper noun, singular",NA,NA
"is","VBZ","be",2,"verb","Verb, 3rd person singular present of ""to be""",NA,NA
"hereby","RB","hereby",6,"adverb","Adverb",NA,NA
"granted","JJ","granted",7,"adjective","Adjective",NA,NA
",",",",",",1,"comma","Comma",NA,NA
"free","JJ","free",4,"adjective","Adjective",NA,NA
"of","IN","of",2,"preposition","Preposition or subordinating conjunction",NA,NA
"charge","NN","charge",6,"noun","Noun, singular or mass",NA,NA
",",",",",",1,"comma","Comma",NA,NA
"to","TO","to",2,"to","to",NA,NA
"any","DT","any",3,"determiner","Determiner",NA,NA
"person","NN","person",6,"noun","Noun, singular or mass",NA,NA
"obtaining","VVG","obtain",9,"verb","Verb, gerund or present participle",NA,NA
"a","DT","a",1,"determiner","Determiner",NA,NA
"copy","NN","copy",4,"noun","Noun, singular or mass",NA,NA
"of","IN","of",2,"preposition","Preposition or subordinating conjunction",NA,NA
"this","DT","this",4,"determiner","Determiner",NA,NA
"software","NN","software",8,"noun","Noun, singular or mass",NA,NA
"and","CC","and",3,"conjunction","Coordinating conjunction",NA,NA
"associated","VVN","associate",10,"verb","Verb, past participle",NA,NA
"documentation","NN","documentation",13,"noun","Noun, singular or mass",NA,NA
"files","VVZ","file",5,"verb","Verb, 3rd person singular present",NA,NA
"the","DT","the",3,"determiner","Determiner",NA,NA
"Software","NP","Software",8,"name","Proper noun, singular",NA,NA
",",",",",",1,"comma","Comma",NA,NA
"to","TO","to",2,"to","to",NA,NA
"deal","VV","deal",4,"verb","Verb, base form",NA,NA
"in","IN","in",2,"preposition","Preposition or subordinating conjunction",NA,NA
"the","DT","the",3,"determiner","Determiner",NA,NA
"Software","NP","Software",8,"name","Proper noun, singular",NA,NA
"without","IN","without",7,"preposition","Preposition or subordinating conjunction",NA,NA
"restriction","NN","restriction",11,"noun","Noun, singular or mass",NA,NA
",",",",",",1,"comma","Comma",NA,NA
"including","VVG","include",9,"verb","Verb, gerund or present participle",NA,NA
"without","IN","without",7,"preposition","Preposition or subordinating conjunction",NA,NA
"limitation","NN","limitation",10,"noun","Noun, singular or mass",NA,NA
"the","DT","the",3,"determiner","Determiner",NA,NA
"rights","NNS","right",6,"noun","Noun, plural",NA,NA
"to","TO","to",2,"to","to",NA,NA
"use","VV","use",3,"verb","Verb, base form",NA,NA
",",",",",",1,"comma","Comma",NA,NA
"copy","VV","copy",4,"verb","Verb, base form",NA,NA
",",",",",",1,"comma","Comma",NA,NA
"modify","VV","modify",6,"verb","Verb, base form",NA,NA
",",",",",",1,"comma","Comma",NA,NA
"merge","VV","merge",5,"verb","Verb, base form",NA,NA
",",",",",",1,"comma","Comma",NA,NA
"publish","VV","publish",7,"verb","Verb, base form",NA,NA
",",",",",",1,"comma","Comma",NA,NA
"distribute","VV","distribute",10,"verb","Verb, base form",NA,NA
",",",",",",1,"comma","Comma",NA,NA
"sublicense","NN","sublicense",10,"noun","Noun, singular or mass",NA,NA
",",",",",",1,"comma","Comma",NA,NA
"and","CC","and",3,"conjunction","Coordinating conjunction",NA,NA
"or","CC","or",2,"conjunction","Coordinating conjunction",NA,NA
"sell","VV","sell",4,"verb","Verb, base form",NA,NA
"copies","NNS","copy",6,"noun","Noun, plural",NA,NA
"of","IN","of",2,"preposition","Preposition or subordinating conjunction",NA,NA
"the","DT","the",3,"determiner","Determiner",NA,NA
"Software","NP","Software",8,"name","Proper noun, singular",NA,NA
",",",",",",1,"comma","Comma",NA,NA
"and","CC","and",3,"conjunction","Coordinating conjunction",NA,NA
"to","TO","to",2,"to","to",NA,NA
"permit","VV","permit",6,"verb","Verb, base form",NA,NA
"persons","NNS","person",7,"noun","Noun, plural",NA,NA
"to","TO","to",2,"to","to",NA,NA
"whom","WP","whom",4,"pronoun","Wh-pronoun",NA,NA
"the","DT","the",3,"determiner","Determiner",NA,NA
"Software","NP","Software",8,"name","Proper noun, singular",NA,NA
"is","VBZ","be",2,"verb","Verb, 3rd person singular present of ""to be""",NA,NA
"furnished","VVN","furnish",9,"verb","Verb, past participle",NA,NA
"to","TO","to",2,"to","to",NA,NA
"do","VV","do",2,"verb","Verb, base form",NA,NA
"so","RB","so",2,"adverb","Adverb",NA,NA
",",",",",",1,"comma","Comma",NA,NA
"subject","JJ","subject",7,"adjective","Adjective",NA,NA
"to","TO","to",2,"to","to",NA,NA
"the","DT","the",3,"determiner","Determiner",NA,NA
"following","VVG","follow",9,"verb","Verb, gerund or present participle",NA,NA
"conditions","NNS","condition",10,"noun","Noun, plural",NA,NA
":","SENT",":",1,"fullstop","Sentence ending punctuation",NA,NA
"The","DT","the",3,"determiner","Determiner",NA,NA
"above","JJ","above",5,"adjective","Adjective",NA,NA
"copyright","NN","copyright",9,"noun","Noun, singular or mass",NA,NA
"notice","NN","notice",6,"noun","Noun, singular or mass",NA,NA
"and","CC","and",3,"conjunction","Coordinating conjunction",NA,NA
"this","DT","this",4,"determiner","Determiner",NA,NA
"permission","NN","permission",10,"noun","Noun, singular or mass",NA,NA
"notice","NN","notice",6,"noun","Noun, singular or mass",NA,NA
"shall","MD","shall",5,"modal","Modal",NA,NA
"be","VB","be",2,"verb","Verb, base form of ""to be""",NA,NA
"included","VVN","include",8,"verb","Verb, past participle",NA,NA
"in","IN","in",2,"preposition","Preposition or subordinating conjunction",NA,NA
"all","DT","all",3,"determiner","Determiner",NA,NA
"copies","NNS","copy",6,"noun","Noun, plural",NA,NA
"or","CC","or",2,"conjunction","Coordinating conjunction",NA,NA
"substantial","JJ","substantial",11,"adjective","Adjective",NA,NA
"portions","NNS","portion",8,"noun","Noun, plural",NA,NA
"of","IN","of",2,"preposition","Preposition or subordinating conjunction",NA,NA
"the","DT","the",3,"determiner","Determiner",NA,NA
"Software","NP","Software",8,"name","Proper noun, singular",NA,NA
".","SENT",".",1,"fullstop","Sentence ending punctuation",NA,NA
"THE","DT","the",3,"determiner","Determiner",NA,NA
"SOFTWARE","NP","Software",8,"name","Proper noun, singular",NA,NA
"IS","VBZ","be",2,"verb","Verb, 3rd person singular present of ""to be""",NA,NA
"PROVIDED","JJ","<unknown>",8,"adjective","Adjective",NA,NA
"AS","IN","as",2,"preposition","Preposition or subordinating conjunction",NA,NA
"IS","VBZ","be",2,"verb","Verb, 3rd person singular present of ""to be""",NA,NA
",",",",",",1,"comma","Comma",NA,NA
"WITHOUT","NP","<unknown>",7,"name","Proper noun, singular",NA,NA
"WARRANTY","NP","<unknown>",8,"name","Proper noun, singular",NA,NA
"OF","IN","of",2,"preposition","Preposition or subordinating conjunction",NA,NA
"ANY","NP","Any",3,"name","Proper noun, singular",NA,NA
"KIND","NP","Kind",4,"name","Proper noun, singular",NA,NA
",",",",",",1,"comma","Comma",NA,NA
"EXPRESS","NP","Express",7,"name","Proper noun, singular",NA,NA
"OR","NP","Or",2,"name","Proper noun, singular",NA,NA
"IMPLIED","NP","<unknown>",7,"name","Proper noun, singular",NA,NA
",",",",",",1,"comma","Comma",NA,NA
"INCLUDING","NP","Including",9,"name","Proper noun, singular",NA,NA
"BUT","NP","But",3,"name","Proper noun, singular",NA,NA
"NOT","NP","<unknown>",3,"name","Proper noun, singular",NA,NA
"LIMITED","NP","LIMITED",7,"name","Proper noun, singular",NA,NA
"TO","TO","TO",2,"to","to",NA,NA
"THE","DT","the",3,"determiner","Determiner",NA,NA
"WARRANTIES","NP","<unknown>",10,"name","Proper noun, singular",NA,NA
"OF","IN","of",2,"preposition","Preposition or subordinating conjunction",NA,NA
"MERCHANTABILITY","NP","<unknown>",15,"name","Proper noun, singular",NA,NA
",",",",",",1,"comma","Comma",NA,NA
"FITNESS","NN","fitness",7,"noun","Noun, singular or mass",NA,NA
"FOR","IN","for",3,"preposition","Preposition or subordinating conjunction",NA,NA
"A","DT","a",1,"determiner","Determiner",NA,NA
"PARTICULAR","JJ","particular",10,"adjective","Adjective",NA,NA
"PURPOSE","NN","purpose",7,"noun","Noun, singular or mass",NA,NA
"AND","CC","and",3,"conjunction","Coordinating conjunction",NA,NA
"NONINFRINGEMENT","NN","<unknown>",15,"noun","Noun, singular or mass",NA,NA
".","SENT",".",1,"fullstop","Sentence ending punctuation",NA,NA
"IN","IN","in",2,"preposition","Preposition or subordinating conjunction",NA,NA
"NO","DT","no",2,"determiner","Determiner",NA,NA
"EVENT","NP","Event",5,"name","Proper noun, singular",NA,NA
"SHALL","NP","Shall",5,"name","Proper noun, singular",NA,NA
"THE","NP","THE",3,"name","Proper noun, singular",NA,NA
"AUTHORS","NP","<unknown>",7,"name","Proper noun, singular",NA,NA
"OR","NP","Or",2,"name","Proper noun, singular",NA,NA
"COPYRIGHT","NP","Copyright",9,"name","Proper noun, singular",NA,NA
"HOLDERS","NP","<unknown>",7,"name","Proper noun, singular",NA,NA
"BE","NP","Be",2,"name","Proper noun, singular",NA,NA
"LIABLE","NP","<unknown>",6,"name","Proper noun, singular",NA,NA
"FOR","IN","for",3,"preposition","Preposition or subordinating conjunction",NA,NA
"ANY","NP","Any",3,"name","Proper noun, singular",NA,NA
"CLAIM","NP","Claim",5,"name","Proper noun, singular",NA,NA
",",",",",",1,"comma","Comma",NA,NA
"DAMAGES","NP","<unknown>",7,"name","Proper noun, singular",NA,NA
"OR","NP","Or",2,"name","Proper noun, singular",NA,NA
"OTHER","NP","Other",5,"name","Proper noun, singular",NA,NA
"LIABILITY","NP","Liability",9,"name","Proper noun, singular",NA,NA
",",",",",",1,"comma","Comma",NA,NA
"WHETHER","NP","Whether",7,"name","Proper noun, singular",NA,NA
"IN","IN","in",2,"preposition","Preposition or subordinating conjunction",NA,NA
"AN","DT","an",2,"determiner","Determiner",NA,NA
"ACTION","NN","action",6,"noun","Noun, singular or mass",NA,NA
"OF","IN","of",2,"preposition","Preposition or subordinating conjunction",NA,NA
"CONTRACT","NP","Contract",8,"name","Proper noun, singular",NA,NA
",",",",",",1,"comma","Comma",NA,NA
"TORT","NP","Tort",4,"name","Proper noun, singular",NA,NA
"OR","NP","Or",2,"name","Proper noun, singular",NA,NA
"OTHERWISE","NP","<unknown>",9,"name","Proper noun, singular",NA,NA
",",",",",",1,"comma","Comma",NA,NA
"ARISING","NP","<unknown>",7,"name","Proper noun, singular",NA,NA
"FROM","NP","From",4,"name","Proper noun, singular",NA,NA
",",",",",",1,"comma","Comma",NA,NA
"OUT","NN","out",3,"noun","Noun, singular or mass",NA,NA
"OF","IN","of",2,"preposition","Preposition or subordinating conjunction",NA,NA
"OR","NN","<unknown>",2,"noun","Noun, singular or mass",NA,NA
"IN","IN","in",2,"preposition","Preposition or subordinating conjunction",NA,NA
"CONNECTION","NP","<unknown>",10,"name","Proper noun, singular",NA,NA
"WITH","NP","<unknown>",4,"name","Proper noun, singular",NA,NA
"THE","NP","THE",3,"name","Proper noun, singular",NA,NA
"SOFTWARE","NP","Software",8,"name","Proper noun, singular",NA,NA
"OR","NP","Or",2,"name","Proper noun, singular",NA,NA
"THE","NP","THE",3,"name","Proper noun, singular",NA,NA
"USE","NP","Use",3,"name","Proper noun, singular",NA,NA
"OR","NP","Or",2,"name","Proper noun, singular",NA,NA
"OTHER","NP","Other",5,"name","Proper noun, singular",NA,NA
"DEALINGS","NP","<unknown>",8,"name","Proper noun, singular",NA,NA
"IN","IN","in",2,"preposition","Preposition or subordinating conjunction",NA,NA
"THE","DT","the",3,"determiner","Determiner",NA,NA
"SOFTWARE","NP","Software",8,"name","Proper noun, singular",NA,NA
".","SENT",".",1,"fullstop","Sentence ending punctuation",NA,NA
