"token","tag","lemma","lttr","wclass","desc","stop","stem"
"img","NN","<unknown>",3,"noun","Noun, singular or mass",NA,NA
"src","NN","<unknown>",3,"noun","Noun, singular or mass",NA,NA
"License","NP","License",7,"name","Proper noun, singular",NA,NA
"Maven","NP","<unknown>",5,"name","Proper noun, singular",NA,NA
"Central","NP","Central",7,"name","Proper noun, singular",NA,NA
"JavaDoc","NP","<unknown>",7,"name","Proper noun, singular",NA,NA
"Build","NP","<unknown>",5,"name","Proper noun, singular",NA,NA
"Status","NP","<unknown>",6,"name","Proper noun, singular",NA,NA
"Coverage","NP","Coverage",8,"name","Proper noun, singular",NA,NA
"Status","NP","<unknown>",6,"name","Proper noun, singular",NA,NA
"Introduction","NP","Introduction",12,"name","Proper noun, singular",NA,NA
"The","DT","the",3,"determiner","Determiner",NA,NA
"FlexyPool","NP","<unknown>",9,"name","Proper noun, singular",NA,NA
"library","NN","library",7,"noun","Noun, singular or mass",NA,NA
"adds","VVZ","add",4,"verb","Verb, 3rd person singular present",NA,NA
"metrics","NNS","metric",7,"noun","Noun, plural",NA,NA
"and","CC","and",3,"conjunction","Coordinating conjunction",NA,NA
"flexible","JJ","flexible",8,"adjective","Adjective",NA,NA
"strategies","NNS","strategy",10,"noun","Noun, plural",NA,NA
"to","TO","to",2,"to","to",NA,NA
"a","DT","a",1,"determiner","Determiner",NA,NA
"given","VVN","give",5,"verb","Verb, past participle",NA,NA
"Connection","NP","<unknown>",10,"name","Proper noun, singular",NA,NA
"Pool","NP","Pool",4,"name","Proper noun, singular",NA,NA
",",",",",",1,"comma","Comma",NA,NA
"allowing","VVG","allow",8,"verb","Verb, gerund or present participle",NA,NA
"it","PP","it",2,"pronoun","Personal pronoun",NA,NA
"to","TO","to",2,"to","to",NA,NA
"resize","VV","resize",6,"verb","Verb, base form",NA,NA
"on","IN","on",2,"preposition","Preposition or subordinating conjunction",NA,NA
"demand","NN","demand",6,"noun","Noun, singular or mass",NA,NA
".","SENT",".",1,"fullstop","Sentence ending punctuation",NA,NA
"This","DT","this",4,"determiner","Determiner",NA,NA
"is","VBZ","be",2,"verb","Verb, 3rd person singular present of ""to be""",NA,NA
"very","RB","very",4,"adverb","Adverb",NA,NA
"handy","JJ","handy",5,"adjective","Adjective",NA,NA
"since","IN","since",5,"preposition","Preposition or subordinating conjunction",NA,NA
"most","JJS","most",4,"adjective","Adjective, superlative",NA,NA
"connection","NN","connection",10,"noun","Noun, singular or mass",NA,NA
"pools","NNS","pool",5,"noun","Noun, plural",NA,NA
"offer","VVP","offer",5,"verb","Verb, non-3rd person singular present",NA,NA
"a","DT","a",1,"determiner","Determiner",NA,NA
"limited","JJ","limited",7,"adjective","Adjective",NA,NA
"set","NN","set",3,"noun","Noun, singular or mass",NA,NA
"of","IN","of",2,"preposition","Preposition or subordinating conjunction",NA,NA
"dynamic","JJ","dynamic",7,"adjective","Adjective",NA,NA
"configuration","NN","configuration",13,"noun","Noun, singular or mass",NA,NA
"strategies","NNS","strategy",10,"noun","Noun, plural",NA,NA
".","SENT",".",1,"fullstop","Sentence ending punctuation",NA,NA
"alt","JJ","alt",3,"adjective","Adjective",NA,NA
"text","NN","text",4,"noun","Noun, singular or mass",NA,NA
"Features","NP","<unknown>",8,"name","Proper noun, singular",NA,NA
"multiple","JJ","multiple",8,"adjective","Adjective",NA,NA
"environment","NN","environment",11,"noun","Noun, singular or mass",NA,NA
"options","NNS","option",7,"noun","Noun, plural",NA,NA
"Stand","VVP","stand",5,"verb","Verb, non-3rd person singular present",NA,NA
"alone","RB","alone",5,"adverb","Adverb",NA,NA
"Spring","NP","Spring",6,"name","Proper noun, singular",NA,NA
",",",",",",1,"comma","Comma",NA,NA
"Guice","NP","Guice",5,"name","Proper noun, singular",NA,NA
"Java","NP","Java",4,"name","Proper noun, singular",NA,NA
"EE","NP","EE",2,"name","Proper noun, singular",NA,NA
"extensive","JJ","extensive",9,"adjective","Adjective",NA,NA
"connection","NN","connection",10,"noun","Noun, singular or mass",NA,NA
"pool","NN","pool",4,"noun","Noun, singular or mass",NA,NA
"support","NN","support",7,"noun","Noun, singular or mass",NA,NA
"Apache","NP","Apache",6,"name","Proper noun, singular",NA,NA
"DBCP","NP","<unknown>",4,"name","Proper noun, singular",NA,NA
"Apache","NP","Apache",6,"name","Proper noun, singular",NA,NA
"DBCP","NP","<unknown>",4,"name","Proper noun, singular",NA,NA
"CP","NP","CP",2,"name","Proper noun, singular",NA,NA
"BoneCP","NP","<unknown>",6,"name","Proper noun, singular",NA,NA
"HikariCP","NP","<unknown>",8,"name","Proper noun, singular",NA,NA
"Tomcat","NP","<unknown>",6,"name","Proper noun, singular",NA,NA
"CP","NP","CP",2,"name","Proper noun, singular",NA,NA
"Vibur","NP","<unknown>",5,"name","Proper noun, singular",NA,NA
"DBCP","NP","<unknown>",4,"name","Proper noun, singular",NA,NA
"Bitronix","NP","<unknown>",8,"name","Proper noun, singular",NA,NA
"Transaction","NP","<unknown>",11,"name","Proper noun, singular",NA,NA
"Manager","NP","Manager",7,"name","Proper noun, singular",NA,NA
"Atomikos","NP","<unknown>",8,"name","Proper noun, singular",NA,NA
"TransactionsEssentials","NP","<unknown>",22,"name","Proper noun, singular",NA,NA
"statistics","NNS","statistic",10,"noun","Noun, plural",NA,NA
"support","VVP","support",7,"verb","Verb, non-3rd person singular present",NA,NA
"concurrent","JJ","concurrent",10,"adjective","Adjective",NA,NA
"connections","NNS","connection",11,"noun","Noun, plural",NA,NA
"histogram","NN","histogram",9,"noun","Noun, singular or mass",NA,NA
"concurrent","JJ","concurrent",10,"adjective","Adjective",NA,NA
"connection","NN","connection",10,"noun","Noun, singular or mass",NA,NA
"requests","NNS","request",8,"noun","Noun, plural",NA,NA
"histogram","NN","histogram",9,"noun","Noun, singular or mass",NA,NA
"data","NNS","datum",4,"noun","Noun, plural",NA,NA
"source","NN","source",6,"noun","Noun, singular or mass",NA,NA
"connection","NN","connection",10,"noun","Noun, singular or mass",NA,NA
"acquiring","VVG","acquire",9,"verb","Verb, gerund or present participle",NA,NA
"time","NN","time",4,"noun","Noun, singular or mass",NA,NA
"histogram","NN","histogram",9,"noun","Noun, singular or mass",NA,NA
"connection","NN","connection",10,"noun","Noun, singular or mass",NA,NA
"lease","NN","lease",5,"noun","Noun, singular or mass",NA,NA
"time","NN","time",4,"noun","Noun, singular or mass",NA,NA
"histogram","NN","histogram",9,"noun","Noun, singular or mass",NA,NA
"maximum","JJ","maximum",7,"adjective","Adjective",NA,NA
"pool","NN","pool",4,"noun","Noun, singular or mass",NA,NA
"size","NN","size",4,"noun","Noun, singular or mass",NA,NA
"histogram","NN","histogram",9,"noun","Noun, singular or mass",NA,NA
"total","JJ","total",5,"adjective","Adjective",NA,NA
"connection","NN","connection",10,"noun","Noun, singular or mass",NA,NA
"acquiring","VVG","acquire",9,"verb","Verb, gerund or present participle",NA,NA
"time","NN","time",4,"noun","Noun, singular or mass",NA,NA
"histogram","NN","histogram",9,"noun","Noun, singular or mass",NA,NA
"overflow","NN","overflow",8,"noun","Noun, singular or mass",NA,NA
"pool","NN","pool",4,"noun","Noun, singular or mass",NA,NA
"size","NN","size",4,"noun","Noun, singular or mass",NA,NA
"histogram","NN","histogram",9,"noun","Noun, singular or mass",NA,NA
"retries","VVZ","retry",7,"verb","Verb, 3rd person singular present",NA,NA
"attempts","NNS","attempt",8,"noun","Noun, plural",NA,NA
"histogram","NN","histogram",9,"noun","Noun, singular or mass",NA,NA
"Documentation","NN","documentation",13,"noun","Noun, singular or mass",NA,NA
".","SENT",".",1,"fullstop","Sentence ending punctuation",NA,NA
"Installation","NN","installation",12,"noun","Noun, singular or mass",NA,NA
"Guide","NP","Guide",5,"name","Proper noun, singular",NA,NA
".","SENT",".",1,"fullstop","Sentence ending punctuation",NA,NA
"User","NP","User",4,"name","Proper noun, singular",NA,NA
"Guide","NP","Guide",5,"name","Proper noun, singular",NA,NA
".","SENT",".",1,"fullstop","Sentence ending punctuation",NA,NA
"Developer","NN","developer",9,"noun","Noun, singular or mass",NA,NA
"Guide","NP","Guide",5,"name","Proper noun, singular",NA,NA
"In","IN","in",2,"preposition","Preposition or subordinating conjunction",NA,NA
"the","DT","the",3,"determiner","Determiner",NA,NA
"Press","NP","Press",5,"name","Proper noun, singular",NA,NA
".","SENT",".",1,"fullstop","Sentence ending punctuation",NA,NA
"The","DT","the",3,"determiner","Determiner",NA,NA
"anatomy","NN","anatomy",7,"noun","Noun, singular or mass",NA,NA
"of","IN","of",2,"preposition","Preposition or subordinating conjunction",NA,NA
"Connection","NP","<unknown>",10,"name","Proper noun, singular",NA,NA
"Pooling","NP","<unknown>",7,"name","Proper noun, singular",NA,NA
".","SENT",".",1,"fullstop","Sentence ending punctuation",NA,NA
"FlexyPool","NP","<unknown>",9,"name","Proper noun, singular",NA,NA
",",",",",",1,"comma","Comma",NA,NA
"reactive","JJ","reactive",8,"adjective","Adjective",NA,NA
"connection","NN","connection",10,"noun","Noun, singular or mass",NA,NA
"pooling","VVG","pool",7,"verb","Verb, gerund or present participle",NA,NA
".","SENT",".",1,"fullstop","Sentence ending punctuation",NA,NA
"Professional","JJ","professional",12,"adjective","Adjective",NA,NA
"connection","NN","connection",10,"noun","Noun, singular or mass",NA,NA
"pool","NN","pool",4,"noun","Noun, singular or mass",NA,NA
"sizing","VVG","size",6,"verb","Verb, gerund or present participle",NA,NA
".","SENT",".",1,"fullstop","Sentence ending punctuation",NA,NA
"The","DT","the",3,"determiner","Determiner",NA,NA
"simple","JJ","simple",6,"adjective","Adjective",NA,NA
"scalability","NN","scalability",11,"noun","Noun, singular or mass",NA,NA
"equation","NN","equation",8,"noun","Noun, singular or mass",NA,NA
".","SENT",".",1,"fullstop","Sentence ending punctuation",NA,NA
"How","WRB","How",3,"adverb","Wh-adverb",NA,NA
"to","TO","to",2,"to","to",NA,NA
"monitor","VV","monitor",7,"verb","Verb, base form",NA,NA
"a","DT","a",1,"determiner","Determiner",NA,NA
"Java","NP","Java",4,"name","Proper noun, singular",NA,NA
"EE","NP","EE",2,"name","Proper noun, singular",NA,NA
"DataSource","NP","<unknown>",10,"name","Proper noun, singular",NA,NA
".","SENT",".",1,"fullstop","Sentence ending punctuation",NA,NA
"How","WRB","How",3,"adverb","Wh-adverb",NA,NA
"does","VVZ","do",4,"verb","Verb, 3rd person singular present",NA,NA
"FlexyPool","NP","<unknown>",9,"name","Proper noun, singular",NA,NA
"support","VV","support",7,"verb","Verb, base form",NA,NA
"the","DT","the",3,"determiner","Determiner",NA,NA
"Dropwizard","NP","<unknown>",10,"name","Proper noun, singular",NA,NA
"Metrics","NP","Metrics",7,"name","Proper noun, singular",NA,NA
"package","NN","package",7,"noun","Noun, singular or mass",NA,NA
"renaming","VVG","rename",8,"verb","Verb, gerund or present participle",NA,NA
".","SENT",".",1,"fullstop","Sentence ending punctuation",NA,NA
"How","WRB","How",3,"adverb","Wh-adverb",NA,NA
"does","VVZ","do",4,"verb","Verb, 3rd person singular present",NA,NA
"FlexyPool","NP","<unknown>",9,"name","Proper noun, singular",NA,NA
"support","NN","support",7,"noun","Noun, singular or mass",NA,NA
"both","CC","both",4,"conjunction","Coordinating conjunction",NA,NA
"Connection","NN","connection",10,"noun","Noun, singular or mass",NA,NA
"proxies","NNS","proxy",7,"noun","Noun, plural",NA,NA
"and","CC","and",3,"conjunction","Coordinating conjunction",NA,NA
"decorators","NNS","decorator",10,"noun","Noun, plural",NA,NA
".","SENT",".",1,"fullstop","Sentence ending punctuation",NA,NA
"Applying","VVG","apply",8,"verb","Verb, gerund or present participle",NA,NA
"Queueing","NP","<unknown>",8,"name","Proper noun, singular",NA,NA
"Theory","NP","<unknown>",6,"name","Proper noun, singular",NA,NA
"to","TO","to",2,"to","to",NA,NA
"Dynamic","NP","<unknown>",7,"name","Proper noun, singular",NA,NA
"Connection","NP","<unknown>",10,"name","Proper noun, singular",NA,NA
"Pool","NP","Pool",4,"name","Proper noun, singular",NA,NA
"Sizing","NP","<unknown>",6,"name","Proper noun, singular",NA,NA
"with","IN","with",4,"preposition","Preposition or subordinating conjunction",NA,NA
"FlexyPool","NP","<unknown>",9,"name","Proper noun, singular",NA,NA
"Win","NP","Win",3,"name","Proper noun, singular",NA,NA
"a","DT","a",1,"determiner","Determiner",NA,NA
"copy","NN","copy",4,"noun","Noun, singular or mass",NA,NA
"of","IN","of",2,"preposition","Preposition or subordinating conjunction",NA,NA
"my","PP$","my",2,"pronoun","Possessive pronoun",NA,NA
"book","NN","book",4,"noun","Noun, singular or mass",NA,NA
"a","DT","a",1,"determiner","Determiner",NA,NA
"href","NN","<unknown>",4,"noun","Noun, singular or mass",NA,NA
"img","NN","<unknown>",3,"noun","Noun, singular or mass",NA,NA
"src","NN","<unknown>",3,"noun","Noun, singular or mass",NA,NA
"a","DT","a",1,"determiner","Determiner",NA,NA
"If","IN","if",2,"preposition","Preposition or subordinating conjunction",NA,NA
"you","PP","you",3,"pronoun","Personal pronoun",NA,NA
"want","VVP","want",4,"verb","Verb, non-3rd person singular present",NA,NA
"a","DT","a",1,"determiner","Determiner",NA,NA
"free","JJ","free",4,"adjective","Adjective",NA,NA
"copy","NN","copy",4,"noun","Noun, singular or mass",NA,NA
"of","IN","of",2,"preposition","Preposition or subordinating conjunction",NA,NA
"my","PP$","my",2,"pronoun","Possessive pronoun",NA,NA
"book","NN","book",4,"noun","Noun, singular or mass",NA,NA
",",",",",",1,"comma","Comma",NA,NA
"High","NP","High",4,"name","Proper noun, singular",NA,NA
"Performance","NP","Performance",11,"name","Proper noun, singular",NA,NA
"Java","NP","Java",4,"name","Proper noun, singular",NA,NA
"Persistence","NP","<unknown>",11,"name","Proper noun, singular",NA,NA
".","SENT",".",1,"fullstop","Sentence ending punctuation",NA,NA
"Give","VV","give",4,"verb","Verb, base form",NA,NA
"FlexyPool","NP","<unknown>",9,"name","Proper noun, singular",NA,NA
"a","DT","a",1,"determiner","Determiner",NA,NA
"try","NN","try",3,"noun","Noun, singular or mass",NA,NA
".","SENT",".",1,"fullstop","Sentence ending punctuation",NA,NA
"Use","VV","use",3,"verb","Verb, base form",NA,NA
"it","PP","it",2,"pronoun","Personal pronoun",NA,NA
"in","IN","in",2,"preposition","Preposition or subordinating conjunction",NA,NA
"production","NN","production",10,"noun","Noun, singular or mass",NA,NA
"to","TO","to",2,"to","to",NA,NA
"configure","VV","configure",9,"verb","Verb, base form",NA,NA
"the","DT","the",3,"determiner","Determiner",NA,NA
"connection","NN","connection",10,"noun","Noun, singular or mass",NA,NA
"pool","NN","pool",4,"noun","Noun, singular or mass",NA,NA
"size","NN","size",4,"noun","Noun, singular or mass",NA,NA
".","SENT",".",1,"fullstop","Sentence ending punctuation",NA,NA
"Write","VV","write",5,"verb","Verb, base form",NA,NA
"a","DT","a",1,"determiner","Determiner",NA,NA
"testimonial","NN","testimonial",11,"noun","Noun, singular or mass",NA,NA
"of","IN","of",2,"preposition","Preposition or subordinating conjunction",NA,NA
"your","PP$","your",4,"pronoun","Possessive pronoun",NA,NA
"FlexyPool","NP","<unknown>",9,"name","Proper noun, singular",NA,NA
"usage","NN","usage",5,"noun","Noun, singular or mass",NA,NA
"For","IN","for",3,"preposition","Preposition or subordinating conjunction",NA,NA
"the","DT","the",3,"determiner","Determiner",NA,NA
"moment","NN","moment",6,"noun","Noun, singular or mass",NA,NA
",",",",",",1,"comma","Comma",NA,NA
"there","EX","there",5,"existential","Existential there",NA,NA
"are","VBP","be",3,"verb","Verb, non-3rd person singular present of ""to be""",NA,NA
"three","CD","three",5,"number","Cardinal number",NA,NA
"testimonials","NNS","testimonial",12,"noun","Noun, plural",NA,NA
",",",",",",1,"comma","Comma",NA,NA
"so","RB","so",2,"adverb","Adverb",NA,NA
"the","DT","the",3,"determiner","Determiner",NA,NA
"next","JJ","next",4,"adjective","Adjective",NA,NA
"two","CD","two",3,"number","Cardinal number",NA,NA
"will","MD","will",4,"modal","Modal",NA,NA
"win","VV","win",3,"verb","Verb, base form",NA,NA
"a","DT","a",1,"determiner","Determiner",NA,NA
"free","JJ","free",4,"adjective","Adjective",NA,NA
"copy","NN","copy",4,"noun","Noun, singular or mass",NA,NA
"of","IN","of",2,"preposition","Preposition or subordinating conjunction",NA,NA
"my","PP$","my",2,"pronoun","Possessive pronoun",NA,NA
"book","NN","book",4,"noun","Noun, singular or mass",NA,NA
".","SENT",".",1,"fullstop","Sentence ending punctuation",NA,NA
"Who","WP","who",3,"pronoun","Wh-pronoun",NA,NA
"uses","VVZ","use",4,"verb","Verb, 3rd person singular present",NA,NA
"FlexyPool","NP","<unknown>",9,"name","Proper noun, singular",NA,NA
"a","DT","a",1,"determiner","Determiner",NA,NA
"href","NN","<unknown>",4,"noun","Noun, singular or mass",NA,NA
"New","NP","New",3,"name","Proper noun, singular",NA,NA
"Etuovi","NP","<unknown>",6,"name","Proper noun, singular",NA,NA
".","SENT",".",1,"fullstop","Sentence ending punctuation",NA,NA
"com","NN","com",3,"noun","Noun, singular or mass",NA,NA
"has","VHZ","have",3,"verb","Verb, 3rd person singular present of ""to have""",NA,NA
"used","VVN","use",4,"verb","Verb, past participle",NA,NA
"FlexyPool","NP","<unknown>",9,"name","Proper noun, singular",NA,NA
"in","IN","in",2,"preposition","Preposition or subordinating conjunction",NA,NA
"production","NN","production",10,"noun","Noun, singular or mass",NA,NA
"since","IN","since",5,"preposition","Preposition or subordinating conjunction",NA,NA
"early","JJ","early",5,"adjective","Adjective",NA,NA
".","SENT",".",1,"fullstop","Sentence ending punctuation",NA,NA
"The","DT","the",3,"determiner","Determiner",NA,NA
"library","NN","library",7,"noun","Noun, singular or mass",NA,NA
"has","VHZ","have",3,"verb","Verb, 3rd person singular present of ""to have""",NA,NA
"proven","VVN","prove",6,"verb","Verb, past participle",NA,NA
"to","TO","to",2,"to","to",NA,NA
"be","VB","be",2,"verb","Verb, base form of ""to be""",NA,NA
"reliable","JJ","reliable",8,"adjective","Adjective",NA,NA
"and","CC","and",3,"conjunction","Coordinating conjunction",NA,NA
"allows","VVZ","allow",6,"verb","Verb, 3rd person singular present",NA,NA
"our","PP$","our",3,"pronoun","Possessive pronoun",NA,NA
"infrastructure","NN","infrastructure",14,"noun","Noun, singular or mass",NA,NA
"to","TO","to",2,"to","to",NA,NA
"handle","VV","handle",6,"verb","Verb, base form",NA,NA
"temporary","JJ","temporary",9,"adjective","Adjective",NA,NA
"spikes","NNS","spike",6,"noun","Noun, plural",NA,NA
"much","RB","much",4,"adverb","Adverb",NA,NA
"better","RBR","well",6,"adverb","Adverb, comparative",NA,NA
".","SENT",".",1,"fullstop","Sentence ending punctuation",NA,NA
"We","PP","we",2,"pronoun","Personal pronoun",NA,NA
"use","VVP","use",3,"verb","Verb, non-3rd person singular present",NA,NA
"it","PP","it",2,"pronoun","Personal pronoun",NA,NA
"everywhere","RB","everywhere",10,"adverb","Adverb",NA,NA
"in","IN","in",2,"preposition","Preposition or subordinating conjunction",NA,NA
"our","PP$","our",3,"pronoun","Possessive pronoun",NA,NA
"stack","NN","stack",5,"noun","Noun, singular or mass",NA,NA
",",",",",",1,"comma","Comma",NA,NA
"ranging","VVG","range",7,"verb","Verb, gerund or present participle",NA,NA
"from","IN","from",4,"preposition","Preposition or subordinating conjunction",NA,NA
"our","PP$","our",3,"pronoun","Possessive pronoun",NA,NA
"frontends","NNS","<unknown>",9,"noun","Noun, plural",NA,NA
"to","TO","to",2,"to","to",NA,NA
"the","DT","the",3,"determiner","Determiner",NA,NA
"backend","NN","<unknown>",7,"noun","Noun, singular or mass",NA,NA
"services","NNS","service",8,"noun","Noun, plural",NA,NA
".","SENT",".",1,"fullstop","Sentence ending punctuation",NA,NA
"cite","VV","cite",4,"verb","Verb, base form",NA,NA
"Antti","NP","Antti",5,"name","Proper noun, singular",NA,NA
"Koivisto","NP","Koivisto",8,"name","Proper noun, singular",NA,NA
",",",",",",1,"comma","Comma",NA,NA
"Software","NP","Software",8,"name","Proper noun, singular",NA,NA
"Architect","NP","<unknown>",9,"name","Proper noun, singular",NA,NA
",",",",",",1,"comma","Comma",NA,NA
"Etuovi","NP","<unknown>",6,"name","Proper noun, singular",NA,NA
".","SENT",".",1,"fullstop","Sentence ending punctuation",NA,NA
"com","NN","com",3,"noun","Noun, singular or mass",NA,NA
"cite","VVP","cite",4,"verb","Verb, non-3rd person singular present",NA,NA
"a","DT","a",1,"determiner","Determiner",NA,NA
"href","NN","<unknown>",4,"noun","Noun, singular or mass",NA,NA
"Mitch","NP","Mitch",5,"name","Proper noun, singular",NA,NA
"Mates","NP","Mates",5,"name","Proper noun, singular",NA,NA
"uses","VVZ","use",4,"verb","Verb, 3rd person singular present",NA,NA
"FlexyPool","NP","<unknown>",9,"name","Proper noun, singular",NA,NA
"in","IN","in",2,"preposition","Preposition or subordinating conjunction",NA,NA
"all","RB","all",3,"adverb","Adverb",NA,NA
"it","PP","it",2,"pronoun","Personal pronoun",NA,NA
"s","JJ","<unknown>",1,"adjective","Adjective",NA,NA
"environments","NNS","environment",12,"noun","Noun, plural",NA,NA
".","SENT",".",1,"fullstop","Sentence ending punctuation",NA,NA
"It","PP","it",2,"pronoun","Personal pronoun",NA,NA
"gives","VVZ","give",5,"verb","Verb, 3rd person singular present",NA,NA
"us","PP","us",2,"pronoun","Personal pronoun",NA,NA
"the","DT","the",3,"determiner","Determiner",NA,NA
"ability","NN","ability",7,"noun","Noun, singular or mass",NA,NA
"to","TO","to",2,"to","to",NA,NA
"measure","VV","measure",7,"verb","Verb, base form",NA,NA
"performance","NN","performance",11,"noun","Noun, singular or mass",NA,NA
"and","CC","and",3,"conjunction","Coordinating conjunction",NA,NA
"scalability","NN","scalability",11,"noun","Noun, singular or mass",NA,NA
",",",",",",1,"comma","Comma",NA,NA
"detect","VV","detect",6,"verb","Verb, base form",NA,NA
"potential","JJ","potential",9,"adjective","Adjective",NA,NA
"flaws","NNS","flaw",5,"noun","Noun, plural",NA,NA
"and","CC","and",3,"conjunction","Coordinating conjunction",NA,NA
"improve","VV","improve",7,"verb","Verb, base form",NA,NA
"intensive","JJ","intensive",9,"adjective","Adjective",NA,NA
"loads","NNS","load",5,"noun","Noun, plural",NA,NA
".","SENT",".",1,"fullstop","Sentence ending punctuation",NA,NA
"Additionally","RB","additionally",12,"adverb","Adverb",NA,NA
",",",",",",1,"comma","Comma",NA,NA
"we","PP","we",2,"pronoun","Personal pronoun",NA,NA
"compared","VVD","compare",8,"verb","Verb, past tense",NA,NA
"several","JJ","several",7,"adjective","Adjective",NA,NA
"connection","NN","connection",10,"noun","Noun, singular or mass",NA,NA
"pool","NN","pool",4,"noun","Noun, singular or mass",NA,NA
"libraries","NNS","library",9,"noun","Noun, plural",NA,NA
"which","WDT","which",5,"determiner","Wh-determiner",NA,NA
"decided","VVD","decide",7,"verb","Verb, past tense",NA,NA
"us","PP","us",2,"pronoun","Personal pronoun",NA,NA
"to","TO","to",2,"to","to",NA,NA
"switch","VV","switch",6,"verb","Verb, base form",NA,NA
"to","TO","to",2,"to","to",NA,NA
"another","DT","another",7,"determiner","Determiner",NA,NA
"provider","NN","provider",8,"noun","Noun, singular or mass",NA,NA
".","SENT",".",1,"fullstop","Sentence ending punctuation",NA,NA
"cite","VV","cite",4,"verb","Verb, base form",NA,NA
"Bram","NP","Bram",4,"name","Proper noun, singular",NA,NA
"Mommaerts","NP","<unknown>",9,"name","Proper noun, singular",NA,NA
",",",",",",1,"comma","Comma",NA,NA
"Software","NP","Software",8,"name","Proper noun, singular",NA,NA
"Engineer","NP","<unknown>",8,"name","Proper noun, singular",NA,NA
",",",",",",1,"comma","Comma",NA,NA
"Mitch","NP","Mitch",5,"name","Proper noun, singular",NA,NA
"Mates","NP","Mates",5,"name","Proper noun, singular",NA,NA
"NV","NP","NV",2,"name","Proper noun, singular",NA,NA
"cite","VVP","cite",4,"verb","Verb, non-3rd person singular present",NA,NA
"a","DT","a",1,"determiner","Determiner",NA,NA
"href","NN","<unknown>",4,"noun","Noun, singular or mass",NA,NA
"We","PP","we",2,"pronoun","Personal pronoun",NA,NA
"have","VHP","have",4,"verb","Verb, non-3rd person singular present of ""to have""",NA,NA
"tried","VVN","try",5,"verb","Verb, past participle",NA,NA
"FlexyPool","NP","<unknown>",9,"name","Proper noun, singular",NA,NA
"in","IN","in",2,"preposition","Preposition or subordinating conjunction",NA,NA
"Scentbird","NP","<unknown>",9,"name","Proper noun, singular",NA,NA
",",",",",",1,"comma","Comma",NA,NA
"after","IN","after",5,"preposition","Preposition or subordinating conjunction",NA,NA
"one","CD","one",3,"number","Cardinal number",NA,NA
"week","NN","week",4,"noun","Noun, singular or mass",NA,NA
"of","IN","of",2,"preposition","Preposition or subordinating conjunction",NA,NA
"intensive","JJ","intensive",9,"adjective","Adjective",NA,NA
"testing","NN","testing",7,"noun","Noun, singular or mass",NA,NA
"we","PP","we",2,"pronoun","Personal pronoun",NA,NA
"decided","VVD","decide",7,"verb","Verb, past tense",NA,NA
"switch","VV","switch",6,"verb","Verb, base form",NA,NA
"it","PP","it",2,"pronoun","Personal pronoun",NA,NA
"to","TO","to",2,"to","to",NA,NA
"FlexyPool","NP","<unknown>",9,"name","Proper noun, singular",NA,NA
"HikariCP","NP","<unknown>",8,"name","Proper noun, singular",NA,NA
"in","IN","in",2,"preposition","Preposition or subordinating conjunction",NA,NA
"production","NN","production",10,"noun","Noun, singular or mass",NA,NA
"mode","NN","mode",4,"noun","Noun, singular or mass",NA,NA
",",",",",",1,"comma","Comma",NA,NA
"and","CC","and",3,"conjunction","Coordinating conjunction",NA,NA
"everything","NN","everything",10,"noun","Noun, singular or mass",NA,NA
"works","VVZ","work",5,"verb","Verb, 3rd person singular present",NA,NA
"very","RB","very",4,"adverb","Adverb",NA,NA
"robust","JJ","robust",6,"adjective","Adjective",NA,NA
"and","CC","and",3,"conjunction","Coordinating conjunction",NA,NA
"fast","RB","fast",4,"adverb","Adverb",NA,NA
",",",",",",1,"comma","Comma",NA,NA
"we","PP","we",2,"pronoun","Personal pronoun",NA,NA
"so","RB","so",2,"adverb","Adverb",NA,NA
"happy","JJ","happy",5,"adjective","Adjective",NA,NA
"about","RB","about",5,"adverb","Adverb",NA,NA
"that","RB","that",4,"adverb","Adverb",NA,NA
"Thank","VV","thank",5,"verb","Verb, base form",NA,NA
"you","PP","you",3,"pronoun","Personal pronoun",NA,NA
"for","IN","for",3,"preposition","Preposition or subordinating conjunction",NA,NA
"this","DT","this",4,"determiner","Determiner",NA,NA
"library","NN","library",7,"noun","Noun, singular or mass",NA,NA
".","SENT",".",1,"fullstop","Sentence ending punctuation",NA,NA
"cite","VV","cite",4,"verb","Verb, base form",NA,NA
"Andrey","NP","Andrey",6,"name","Proper noun, singular",NA,NA
"Rebrov","NP","<unknown>",6,"name","Proper noun, singular",NA,NA
",",",",",",1,"comma","Comma",NA,NA
"CTO","JJ","CTO",3,"adjective","Adjective",NA,NA
",",",",",",1,"comma","Comma",NA,NA
"Scentbird","NP","<unknown>",9,"name","Proper noun, singular",NA,NA
"cite","VVP","cite",4,"verb","Verb, non-3rd person singular present",NA,NA
"Requirements","NP","<unknown>",12,"name","Proper noun, singular",NA,NA
"Java","NP","Java",4,"name","Proper noun, singular",NA,NA
".","SENT",".",1,"fullstop","Sentence ending punctuation",NA,NA
"or","CC","or",2,"conjunction","Coordinating conjunction",NA,NA
"above","IN","above",5,"preposition","Preposition or subordinating conjunction",NA,NA
"for","IN","for",3,"preposition","Preposition or subordinating conjunction",NA,NA
"all","DT","all",3,"determiner","Determiner",NA,NA
"modules","NNS","module",7,"noun","Noun, plural",NA,NA
"but","CC","but",3,"conjunction","Coordinating conjunction",NA,NA
"the","DT","the",3,"determiner","Determiner",NA,NA
"flexy","JJ","<unknown>",5,"adjective","Adjective",NA,NA
"dbcp","NN","<unknown>",4,"noun","Noun, singular or mass",NA,NA
"which","WDT","which",5,"determiner","Wh-determiner",NA,NA
"requires","VVZ","require",8,"verb","Verb, 3rd person singular present",NA,NA
"at","IN","at",2,"preposition","Preposition or subordinating conjunction",NA,NA
"least","JJS","least",5,"adjective","Adjective, superlative",NA,NA
"Java","NP","Java",4,"name","Proper noun, singular",NA,NA
".","SENT",".",1,"fullstop","Sentence ending punctuation",NA,NA
"SLFJ","NP","<unknown>",4,"name","Proper noun, singular",NA,NA
