"token","tag","lemma","lttr","wclass","desc","stop","stem"
"twitter","NN","twitter",7,"noun","Noun, singular or mass",NA,NA
"realtor","NN","realtor",7,"noun","Noun, singular or mass",NA,NA
"The","DT","the",3,"determiner","Determiner",NA,NA
"goal","NN","goal",4,"noun","Noun, singular or mass",NA,NA
"of","IN","of",2,"preposition","Preposition or subordinating conjunction",NA,NA
"this","DT","this",4,"determiner","Determiner",NA,NA
"program","NN","program",7,"noun","Noun, singular or mass",NA,NA
"is","VBZ","be",2,"verb","Verb, 3rd person singular present of ""to be""",NA,NA
"to","TO","to",2,"to","to",NA,NA
"collect","VV","collect",7,"verb","Verb, base form",NA,NA
"real","JJ","real",4,"adjective","Adjective",NA,NA
"estate","NN","estate",6,"noun","Noun, singular or mass",NA,NA
"related","JJ","related",7,"adjective","Adjective",NA,NA
"tweets","VVZ","tweet",6,"verb","Verb, 3rd person singular present",NA,NA
"and","CC","and",3,"conjunction","Coordinating conjunction",NA,NA
"build","VV","build",5,"verb","Verb, base form",NA,NA
"a","DT","a",1,"determiner","Determiner",NA,NA
"web","NN","web",3,"noun","Noun, singular or mass",NA,NA
"app","NN","<unknown>",3,"noun","Noun, singular or mass",NA,NA
"which","WDT","which",5,"determiner","Wh-determiner",NA,NA
"can","MD","can",3,"modal","Modal",NA,NA
"provide","VV","provide",7,"verb","Verb, base form",NA,NA
"a","DT","a",1,"determiner","Determiner",NA,NA
"search","NN","search",6,"noun","Noun, singular or mass",NA,NA
"function","NN","function",8,"noun","Noun, singular or mass",NA,NA
"and","CC","and",3,"conjunction","Coordinating conjunction",NA,NA
"display","VV","display",7,"verb","Verb, base form",NA,NA
"the","DT","the",3,"determiner","Determiner",NA,NA
"trend","NN","trend",5,"noun","Noun, singular or mass",NA,NA
"topic","NN","topic",5,"noun","Noun, singular or mass",NA,NA
"of","IN","of",2,"preposition","Preposition or subordinating conjunction",NA,NA
"daily","JJ","daily",5,"adjective","Adjective",NA,NA
"weekly","NN","weekly",6,"noun","Noun, singular or mass",NA,NA
"tweets","VVZ","tweet",6,"verb","Verb, 3rd person singular present",NA,NA
".","SENT",".",1,"fullstop","Sentence ending punctuation",NA,NA
