"token","tag","lemma","lttr","wclass","desc","stop","stem"
"real","JJ","real",4,"adjective","Adjective",NA,NA
"estate","NN","estate",6,"noun","Noun, singular or mass",NA,NA
"web","NN","web",3,"noun","Noun, singular or mass",NA,NA
"crawler","NN","crawler",7,"noun","Noun, singular or mass",NA,NA
"Real","JJ","real",4,"adjective","Adjective",NA,NA
"estate","NN","estate",6,"noun","Noun, singular or mass",NA,NA
"web","NN","web",3,"noun","Noun, singular or mass",NA,NA
"crawler","NN","crawler",7,"noun","Noun, singular or mass",NA,NA
"using","VVG","use",5,"verb","Verb, gerund or present participle",NA,NA
"scrapy","NN","<unknown>",6,"noun","Noun, singular or mass",NA,NA
".","SENT",".",1,"fullstop","Sentence ending punctuation",NA,NA
"How","WRB","How",3,"adverb","Wh-adverb",NA,NA
"to","TO","to",2,"to","to",NA,NA
"run","VV","run",3,"verb","Verb, base form",NA,NA
"scrapy","NN","<unknown>",6,"noun","Noun, singular or mass",NA,NA
"crawl","NN","crawl",5,"noun","Noun, singular or mass",NA,NA
"realtysouth","NN","<unknown>",11,"noun","Noun, singular or mass",NA,NA
"o","NN","o",1,"noun","Noun, singular or mass",NA,NA
"items","NNS","item",5,"noun","Noun, plural",NA,NA
".","SENT",".",1,"fullstop","Sentence ending punctuation",NA,NA
"csv","NN","<unknown>",3,"noun","Noun, singular or mass",NA,NA
"Originally","RB","originally",10,"adverb","Adverb",NA,NA
"done","VVN","do",4,"verb","Verb, past participle",NA,NA
"for","IN","for",3,"preposition","Preposition or subordinating conjunction",NA,NA
"freelancing","VVG","freelance",11,"verb","Verb, gerund or present participle",NA,NA
"but","CC","but",3,"conjunction","Coordinating conjunction",NA,NA
"he","PP","he",2,"pronoun","Personal pronoun",NA,NA
"cancelled","VVD","cancel",9,"verb","Verb, past tense",NA,NA
"the","DT","the",3,"determiner","Determiner",NA,NA
"job","NN","job",3,"noun","Noun, singular or mass",NA,NA
"in","IN","in",2,"preposition","Preposition or subordinating conjunction",NA,NA
"between","IN","between",7,"preposition","Preposition or subordinating conjunction",NA,NA
":","SENT",":",1,"fullstop","Sentence ending punctuation",NA,NA
"Same","JJ","same",4,"adjective","Adjective",NA,NA
"reason","NN","reason",6,"noun","Noun, singular or mass",NA,NA
"to","TO","to",2,"to","to",NA,NA
"have","VH","have",4,"verb","Verb, base form of ""to have""",NA,NA
"only","RB","only",4,"adverb","Adverb",NA,NA
"one","CD","one",3,"number","Cardinal number",NA,NA
"spider","NN","spider",6,"noun","Noun, singular or mass",NA,NA
