"token","tag","lemma","lttr","wclass","desc","stop","stem"
"fake","JJ","fake",4,"adjective","Adjective",NA,NA
"properties","NNS","property",10,"noun","Noun, plural",NA,NA
"Fake","NP","Fake",4,"name","Proper noun, singular",NA,NA
"Properties","NPS","Properties",10,"name","Proper noun, plural",NA,NA
"let","VVP","let",3,"verb","Verb, non-3rd person singular present",NA,NA
"you","PP","you",3,"pronoun","Personal pronoun",NA,NA
"generate","VV","generate",8,"verb","Verb, base form",NA,NA
"real","JJ","real",4,"adjective","Adjective",NA,NA
"estate","NN","estate",6,"noun","Noun, singular or mass",NA,NA
"properties","NNS","property",10,"noun","Noun, plural",NA,NA
"randomly","RB","randomly",8,"adverb","Adverb",NA,NA
