"token","tag","lemma","lttr","wclass","desc","stop","stem"
"real","JJ","real",4,"adjective","Adjective",NA,NA
"estate","NN","estate",6,"noun","Noun, singular or mass",NA,NA
"scraper","NN","scraper",7,"noun","Noun, singular or mass",NA,NA
"Real","NP","Real",4,"name","Proper noun, singular",NA,NA
"Estate","NP","Estate",6,"name","Proper noun, singular",NA,NA
"Scraper","NP","<unknown>",7,"name","Proper noun, singular",NA,NA
"politely","RB","politely",8,"adverb","Adverb",NA,NA
"scrape","VV","scrape",6,"verb","Verb, base form",NA,NA
"data","NNS","datum",4,"noun","Noun, plural",NA,NA
"to","TO","to",2,"to","to",NA,NA
"help","VV","help",4,"verb","Verb, base form",NA,NA
"you","PP","you",3,"pronoun","Personal pronoun",NA,NA
"make","VV","make",4,"verb","Verb, base form",NA,NA
"a","DT","a",1,"determiner","Determiner",NA,NA
"better","JJR","good",6,"adjective","Adjective, comparative",NA,NA
"decision","NN","decision",8,"noun","Noun, singular or mass",NA,NA
"on","IN","on",2,"preposition","Preposition or subordinating conjunction",NA,NA
"buying","VVG","buy",6,"verb","Verb, gerund or present participle",NA,NA
"a","DT","a",1,"determiner","Determiner",NA,NA
"real","JJ","real",4,"adjective","Adjective",NA,NA
"estate","NN","estate",6,"noun","Noun, singular or mass",NA,NA
