"token","tag","lemma","lttr","wclass","desc","stop","stem"
"Real","JJ","real",4,"adjective","Adjective",NA,NA
"Estate","NP","Estate",6,"name","Proper noun, singular",NA,NA
"A","NP","A",1,"name","Proper noun, singular",NA,NA
"Real","NP","Real",4,"name","Proper noun, singular",NA,NA
"Estate","NP","Estate",6,"name","Proper noun, singular",NA,NA
"site","NN","site",4,"noun","Noun, singular or mass",NA,NA
"for","IN","for",3,"preposition","Preposition or subordinating conjunction",NA,NA
"Steve","NP","Steve",5,"name","Proper noun, singular",NA,NA
"Shelton","NP","Shelton",7,"name","Proper noun, singular",NA,NA
".","SENT",".",1,"fullstop","Sentence ending punctuation",NA,NA
"Getting","VVG","get",7,"verb","Verb, gerund or present participle",NA,NA
"Started","NP","<unknown>",7,"name","Proper noun, singular",NA,NA
"A","DT","a",1,"determiner","Determiner",NA,NA
"site","NN","site",4,"noun","Noun, singular or mass",NA,NA
"for","IN","for",3,"preposition","Preposition or subordinating conjunction",NA,NA
"Steve","NP","Steve",5,"name","Proper noun, singular",NA,NA
"to","TO","to",2,"to","to",NA,NA
"promote","VV","promote",7,"verb","Verb, base form",NA,NA
"his","PP$","his",3,"pronoun","Possessive pronoun",NA,NA
"real","JJ","real",4,"adjective","Adjective",NA,NA
"estate","NN","estate",6,"noun","Noun, singular or mass",NA,NA
"business","NN","business",8,"noun","Noun, singular or mass",NA,NA
"Focusing","NP","<unknown>",8,"name","Proper noun, singular",NA,NA
"on","IN","on",2,"preposition","Preposition or subordinating conjunction",NA,NA
"CSS","NP","CSS",3,"name","Proper noun, singular",NA,NA
