"token","tag","lemma","lttr","wclass","desc","stop","stem"
"spectrwm","NN","<unknown>",8,"noun","Noun, singular or mass",NA,NA
"spectrwm","NN","<unknown>",8,"noun","Noun, singular or mass",NA,NA
"is","VBZ","be",2,"verb","Verb, 3rd person singular present of ""to be""",NA,NA
"a","DT","a",1,"determiner","Determiner",NA,NA
"small","JJ","small",5,"adjective","Adjective",NA,NA
"dynamic","JJ","dynamic",7,"adjective","Adjective",NA,NA
"tiling","NN","tiling",6,"noun","Noun, singular or mass",NA,NA
"and","CC","and",3,"conjunction","Coordinating conjunction",NA,NA
"reparenting","NN","<unknown>",11,"noun","Noun, singular or mass",NA,NA
"window","NN","window",6,"noun","Noun, singular or mass",NA,NA
"manager","NN","manager",7,"noun","Noun, singular or mass",NA,NA
"for","IN","for",3,"preposition","Preposition or subordinating conjunction",NA,NA
"X.","NP","X.",2,"name","Proper noun, singular",NA,NA
"It","PP","it",2,"pronoun","Personal pronoun",NA,NA
"tries","VVZ","try",5,"verb","Verb, 3rd person singular present",NA,NA
"to","TO","to",2,"to","to",NA,NA
"stay","VV","stay",4,"verb","Verb, base form",NA,NA
"out","RP","out",3,"particle"," Particle",NA,NA
"of","IN","of",2,"preposition","Preposition or subordinating conjunction",NA,NA
"the","DT","the",3,"determiner","Determiner",NA,NA
"way","NN","way",3,"noun","Noun, singular or mass",NA,NA
"so","IN","so",2,"preposition","Preposition or subordinating conjunction",NA,NA
"that","DT","that",4,"determiner","Determiner",NA,NA
"valuable","JJ","valuable",8,"adjective","Adjective",NA,NA
"screen","NN","screen",6,"noun","Noun, singular or mass",NA,NA
"real","JJ","real",4,"adjective","Adjective",NA,NA
"estate","NN","estate",6,"noun","Noun, singular or mass",NA,NA
"can","MD","can",3,"modal","Modal",NA,NA
"be","VB","be",2,"verb","Verb, base form of ""to be""",NA,NA
"used","VVN","use",4,"verb","Verb, past participle",NA,NA
"for","IN","for",3,"preposition","Preposition or subordinating conjunction",NA,NA
"much","RB","much",4,"adverb","Adverb",NA,NA
"more","JJR","more",4,"adjective","Adjective, comparative",NA,NA
"important","JJ","important",9,"adjective","Adjective",NA,NA
"stuff","NN","stuff",5,"noun","Noun, singular or mass",NA,NA
".","SENT",".",1,"fullstop","Sentence ending punctuation",NA,NA
"It","PP","it",2,"pronoun","Personal pronoun",NA,NA
"has","VHZ","have",3,"verb","Verb, 3rd person singular present of ""to have""",NA,NA
"sane","JJ","sane",4,"adjective","Adjective",NA,NA
"defaults","NNS","default",8,"noun","Noun, plural",NA,NA
"and","CC","and",3,"conjunction","Coordinating conjunction",NA,NA
"does","VVZ","do",4,"verb","Verb, 3rd person singular present",NA,NA
"not","RB","not",3,"adverb","Adverb",NA,NA
"require","VV","require",7,"verb","Verb, base form",NA,NA
"one","PP","one",3,"pronoun","Personal pronoun",NA,NA
"to","TO","to",2,"to","to",NA,NA
"learn","VV","learn",5,"verb","Verb, base form",NA,NA
"a","DT","a",1,"determiner","Determiner",NA,NA
"language","NN","language",8,"noun","Noun, singular or mass",NA,NA
"to","TO","to",2,"to","to",NA,NA
"do","VV","do",2,"verb","Verb, base form",NA,NA
"any","DT","any",3,"determiner","Determiner",NA,NA
"configuration","NN","configuration",13,"noun","Noun, singular or mass",NA,NA
".","SENT",".",1,"fullstop","Sentence ending punctuation",NA,NA
"It","PP","it",2,"pronoun","Personal pronoun",NA,NA
"is","VBZ","be",2,"verb","Verb, 3rd person singular present of ""to be""",NA,NA
"written","VVN","write",7,"verb","Verb, past participle",NA,NA
"by","IN","by",2,"preposition","Preposition or subordinating conjunction",NA,NA
"hackers","NNS","hacker",7,"noun","Noun, plural",NA,NA
"for","IN","for",3,"preposition","Preposition or subordinating conjunction",NA,NA
"hackers","NNS","hacker",7,"noun","Noun, plural",NA,NA
"and","CC","and",3,"conjunction","Coordinating conjunction",NA,NA
"it","PP","it",2,"pronoun","Personal pronoun",NA,NA
"strives","VVZ","strive",7,"verb","Verb, 3rd person singular present",NA,NA
"to","TO","to",2,"to","to",NA,NA
"be","VB","be",2,"verb","Verb, base form of ""to be""",NA,NA
"small","JJ","small",5,"adjective","Adjective",NA,NA
",",",",",",1,"comma","Comma",NA,NA
"compact","JJ","compact",7,"adjective","Adjective",NA,NA
"and","CC","and",3,"conjunction","Coordinating conjunction",NA,NA
"fast","JJ","fast",4,"adjective","Adjective",NA,NA
".","SENT",".",1,"fullstop","Sentence ending punctuation",NA,NA
"It","PP","it",2,"pronoun","Personal pronoun",NA,NA
"was","VBD","be",3,"verb","Verb, past tense of ""to be""",NA,NA
"largely","RB","largely",7,"adverb","Adverb",NA,NA
"inspired","VVN","inspire",8,"verb","Verb, past participle",NA,NA
"by","IN","by",2,"preposition","Preposition or subordinating conjunction",NA,NA
"xmonad","NN","<unknown>",6,"noun","Noun, singular or mass",NA,NA
"dwm","NN","<unknown>",3,"noun","Noun, singular or mass",NA,NA
"like","IN","like",4,"preposition","Preposition or subordinating conjunction",NA,NA
":","SENT",":",1,"fullstop","Sentence ending punctuation",NA,NA
"crazy","JJ","crazy",5,"adjective","Adjective",NA,NA
"unportable","JJ","<unknown>",10,"adjective","Adjective",NA,NA
"language","NN","language",8,"noun","Noun, singular or mass",NA,NA
"syndrome","NN","syndrome",8,"noun","Noun, singular or mass",NA,NA
",",",",",",1,"comma","Comma",NA,NA
"silly","JJ","silly",5,"adjective","Adjective",NA,NA
"defaults","NNS","default",8,"noun","Noun, plural",NA,NA
",",",",",",1,"comma","Comma",NA,NA
"asymmetrical","JJ","asymmetrical",12,"adjective","Adjective",NA,NA
"window","NN","window",6,"noun","Noun, singular or mass",NA,NA
"layout","NN","layout",6,"noun","Noun, singular or mass",NA,NA
",",",",",",1,"comma","Comma",NA,NA
"how","WRB","how",3,"adverb","Wh-adverb",NA,NA
"hard","RB","hard",4,"adverb","Adverb",NA,NA
"can","MD","can",3,"modal","Modal",NA,NA
"it","PP","it",2,"pronoun","Personal pronoun",NA,NA
"be","VB","be",2,"verb","Verb, base form of ""to be""",NA,NA
"and","CC","and",3,"conjunction","Coordinating conjunction",NA,NA
"good","JJ","good",4,"adjective","Adjective",NA,NA
"old","JJ","old",3,"adjective","Adjective",NA,NA
"NIH","NP","NIH",3,"name","Proper noun, singular",NA,NA
".","SENT",".",1,"fullstop","Sentence ending punctuation",NA,NA
"Nevertheless","RB","nevertheless",12,"adverb","Adverb",NA,NA
"dwm","NN","<unknown>",3,"noun","Noun, singular or mass",NA,NA
"and","CC","and",3,"conjunction","Coordinating conjunction",NA,NA
"code","NN","code",4,"noun","Noun, singular or mass",NA,NA
"was","VBD","be",3,"verb","Verb, past tense of ""to be""",NA,NA
"borrowed","VVN","borrow",8,"verb","Verb, past participle",NA,NA
"from","IN","from",4,"preposition","Preposition or subordinating conjunction",NA,NA
"it","PP","it",2,"pronoun","Personal pronoun",NA,NA
".","SENT",".",1,"fullstop","Sentence ending punctuation",NA,NA
"On","IN","on",2,"preposition","Preposition or subordinating conjunction",NA,NA
"the","DT","the",3,"determiner","Determiner",NA,NA
"other","JJ","other",5,"adjective","Adjective",NA,NA
"hand","NN","hand",4,"noun","Noun, singular or mass",NA,NA
"xmonad","NN","<unknown>",6,"noun","Noun, singular or mass",NA,NA
"has","VHZ","have",3,"verb","Verb, 3rd person singular present of ""to have""",NA,NA
"great","JJ","great",5,"adjective","Adjective",NA,NA
"defaults","NNS","default",8,"noun","Noun, plural",NA,NA
",",",",",",1,"comma","Comma",NA,NA
"key","JJ","key",3,"adjective","Adjective",NA,NA
"bindings","NNS","binding",8,"noun","Noun, plural",NA,NA
"and","CC","and",3,"conjunction","Coordinating conjunction",NA,NA
"xinerama","NN","<unknown>",8,"noun","Noun, singular or mass",NA,NA
"support","NN","support",7,"noun","Noun, singular or mass",NA,NA
"but","CC","but",3,"conjunction","Coordinating conjunction",NA,NA
"is","VBZ","be",2,"verb","Verb, 3rd person singular present of ""to be""",NA,NA
"crippled","VVN","cripple",8,"verb","Verb, past participle",NA,NA
"by","IN","by",2,"preposition","Preposition or subordinating conjunction",NA,NA
"not","RB","not",3,"adverb","Adverb",NA,NA
"being","VBG","be",5,"verb","Verb, gerund or present participle of ""to be""",NA,NA
"written","VVN","write",7,"verb","Verb, past participle",NA,NA
"in","IN","in",2,"preposition","Preposition or subordinating conjunction",NA,NA
"C.","NP","C.",2,"name","Proper noun, singular",NA,NA
"spectrwm","NN","<unknown>",8,"noun","Noun, singular or mass",NA,NA
"is","VBZ","be",2,"verb","Verb, 3rd person singular present of ""to be""",NA,NA
"a","DT","a",1,"determiner","Determiner",NA,NA
"beautiful","JJ","beautiful",9,"adjective","Adjective",NA,NA
"pearl","NN","pearl",5,"noun","Noun, singular or mass",NA,NA
"For","IN","for",3,"preposition","Preposition or subordinating conjunction",NA,NA
"it","PP","it",2,"pronoun","Personal pronoun",NA,NA
"too","RB","too",3,"adverb","Adverb",NA,NA
",",",",",",1,"comma","Comma",NA,NA
"was","VBD","be",3,"verb","Verb, past tense of ""to be""",NA,NA
"created","VVN","create",7,"verb","Verb, past participle",NA,NA
"by","IN","by",2,"preposition","Preposition or subordinating conjunction",NA,NA
"grinding","VVG","grind",8,"verb","Verb, gerund or present participle",NA,NA
"irritation","NN","irritation",10,"noun","Noun, singular or mass",NA,NA
".","SENT",".",1,"fullstop","Sentence ending punctuation",NA,NA
"Nothing","NN","nothing",7,"noun","Noun, singular or mass",NA,NA
"is","VBZ","be",2,"verb","Verb, 3rd person singular present of ""to be""",NA,NA
"a","DT","a",1,"determiner","Determiner",NA,NA
"bigger","JJR","big",6,"adjective","Adjective, comparative",NA,NA
"waste","NN","waste",5,"noun","Noun, singular or mass",NA,NA
"of","IN","of",2,"preposition","Preposition or subordinating conjunction",NA,NA
"time","NN","time",4,"noun","Noun, singular or mass",NA,NA
"than","IN","than",4,"preposition","Preposition or subordinating conjunction",NA,NA
"moving","VVG","move",6,"verb","Verb, gerund or present participle",NA,NA
"windows","NNS","window",7,"noun","Noun, plural",NA,NA
"around","RP","around",6,"particle"," Particle",NA,NA
"until","IN","until",5,"preposition","Preposition or subordinating conjunction",NA,NA
"they","PP","they",4,"pronoun","Personal pronoun",NA,NA
"are","VBP","be",3,"verb","Verb, non-3rd person singular present of ""to be""",NA,NA
"the","DT","the",3,"determiner","Determiner",NA,NA
"right","JJ","right",5,"adjective","Adjective",NA,NA
"size","NN","size",4,"noun","Noun, singular or mass",NA,NA
"ish","NNS","<unknown>",3,"noun","Noun, plural",NA,NA
"or","CC","or",2,"conjunction","Coordinating conjunction",NA,NA
"having","VHG","have",6,"verb","Verb, gerund or present participle of ""to have""",NA,NA
"just","RB","just",4,"adverb","Adverb",NA,NA
"about","IN","about",5,"preposition","Preposition or subordinating conjunction",NA,NA
"any","DT","any",3,"determiner","Determiner",NA,NA
"relevant","JJ","relevant",8,"adjective","Adjective",NA,NA
"key","JJ","key",3,"adjective","Adjective",NA,NA
"combination","NN","combination",11,"noun","Noun, singular or mass",NA,NA
"being","VBG","be",5,"verb","Verb, gerund or present participle of ""to be""",NA,NA
"eaten","VVN","eat",5,"verb","Verb, past participle",NA,NA
"for","IN","for",3,"preposition","Preposition or subordinating conjunction",NA,NA
"some","DT","some",4,"determiner","Determiner",NA,NA
"task","NN","task",4,"noun","Noun, singular or mass",NA,NA
"one","PP","one",3,"pronoun","Personal pronoun",NA,NA
"never","RB","never",5,"adverb","Adverb",NA,NA
"needs","VVZ","need",5,"verb","Verb, 3rd person singular present",NA,NA
".","SENT",".",1,"fullstop","Sentence ending punctuation",NA,NA
"The","DT","the",3,"determiner","Determiner",NA,NA
"path","NN","path",4,"noun","Noun, singular or mass",NA,NA
"of","IN","of",2,"preposition","Preposition or subordinating conjunction",NA,NA
"agony","NN","agony",5,"noun","Noun, singular or mass",NA,NA
"is","VBZ","be",2,"verb","Verb, 3rd person singular present of ""to be""",NA,NA
"too","RB","too",3,"adverb","Adverb",NA,NA
"long","JJ","long",4,"adjective","Adjective",NA,NA
"to","TO","to",2,"to","to",NA,NA
"quote","VV","quote",5,"verb","Verb, base form",NA,NA
"and","CC","and",3,"conjunction","Coordinating conjunction",NA,NA
"in","IN","in",2,"preposition","Preposition or subordinating conjunction",NA,NA
"classical","JJ","classical",9,"adjective","Adjective",NA,NA
"OpenBSD","NN","<unknown>",7,"noun","Noun, singular or mass",NA,NA
"brand","NN","brand",5,"noun","Noun, singular or mass",NA,NA
"new","JJ","new",3,"adjective","Adjective",NA,NA
"window","NN","window",6,"noun","Noun, singular or mass",NA,NA
"manager","NN","manager",7,"noun","Noun, singular or mass",NA,NA
"was","VBD","be",3,"verb","Verb, past tense of ""to be""",NA,NA
"whooped","VVN","whoop",7,"verb","Verb, past participle",NA,NA
"up","RP","up",2,"particle"," Particle",NA,NA
"to","TO","to",2,"to","to",NA,NA
"serve","VV","serve",5,"verb","Verb, base form",NA,NA
"no","DT","no",2,"determiner","Determiner",NA,NA
"other","JJ","other",5,"adjective","Adjective",NA,NA
"purpose","NN","purpose",7,"noun","Noun, singular or mass",NA,NA
"than","IN","than",4,"preposition","Preposition or subordinating conjunction",NA,NA
"to","TO","to",2,"to","to",NA,NA
"obey","VV","obey",4,"verb","Verb, base form",NA,NA
"its","PP$","its",3,"pronoun","Possessive pronoun",NA,NA
"masters","NNS","master",7,"noun","Noun, plural",NA,NA
".","SENT",".",1,"fullstop","Sentence ending punctuation",NA,NA
"It","PP","it",2,"pronoun","Personal pronoun",NA,NA
"is","VBZ","be",2,"verb","Verb, 3rd person singular present of ""to be""",NA,NA
"released","VVN","release",8,"verb","Verb, past participle",NA,NA
"under","IN","under",5,"preposition","Preposition or subordinating conjunction",NA,NA
"the","DT","the",3,"determiner","Determiner",NA,NA
"ISC","NP","ISC",3,"name","Proper noun, singular",NA,NA
"license","NN","license",7,"noun","Noun, singular or mass",NA,NA
".","SENT",".",1,"fullstop","Sentence ending punctuation",NA,NA
"Patches","NNS","patch",7,"noun","Noun, plural",NA,NA
"can","MD","can",3,"modal","Modal",NA,NA
"be","VB","be",2,"verb","Verb, base form of ""to be""",NA,NA
"accepted","VVN","accept",8,"verb","Verb, past participle",NA,NA
"provided","VVN","provide",8,"verb","Verb, past participle",NA,NA
"they","PP","they",4,"pronoun","Personal pronoun",NA,NA
"are","VBP","be",3,"verb","Verb, non-3rd person singular present of ""to be""",NA,NA
"ISC","NP","ISC",3,"name","Proper noun, singular",NA,NA
"licensed","VVD","license",8,"verb","Verb, past tense",NA,NA
"as","RB","as",2,"adverb","Adverb",NA,NA
"well","RB","well",4,"adverb","Adverb",NA,NA
".","SENT",".",1,"fullstop","Sentence ending punctuation",NA,NA
"Feedback","NN","feedback",8,"noun","Noun, singular or mass",NA,NA
"and","CC","and",3,"conjunction","Coordinating conjunction",NA,NA
"questions","NNS","question",9,"noun","Noun, plural",NA,NA
"You","PP","you",3,"pronoun","Personal pronoun",NA,NA
"can","MD","can",3,"modal","Modal",NA,NA
"and","CC","and",3,"conjunction","Coordinating conjunction",NA,NA
"come","VV","come",4,"verb","Verb, base form",NA,NA
"chat","VV","chat",4,"verb","Verb, base form",NA,NA
"with","IN","with",4,"preposition","Preposition or subordinating conjunction",NA,NA
"us","PP","us",2,"pronoun","Personal pronoun",NA,NA
"on","IN","on",2,"preposition","Preposition or subordinating conjunction",NA,NA
"IRC","NP","Irc",3,"name","Proper noun, singular",NA,NA
".","SENT",".",1,"fullstop","Sentence ending punctuation",NA,NA
"We","PP","we",2,"pronoun","Personal pronoun",NA,NA
"use","VVP","use",3,"verb","Verb, non-3rd person singular present",NA,NA
"OFTC","NP","<unknown>",4,"name","Proper noun, singular",NA,NA
"channel","NN","channel",7,"noun","Noun, singular or mass",NA,NA
"spectrwm","NN","<unknown>",8,"noun","Noun, singular or mass",NA,NA
".","SENT",".",1,"fullstop","Sentence ending punctuation",NA,NA
"Major","JJ","major",5,"adjective","Adjective",NA,NA
"features","NNS","feature",8,"noun","Noun, plural",NA,NA
"Dynamic","JJ","dynamic",7,"adjective","Adjective",NA,NA
"RandR","NP","<unknown>",5,"name","Proper noun, singular",NA,NA
"support","NN","support",7,"noun","Noun, singular or mass",NA,NA
"multi","NN","<unknown>",5,"noun","Noun, singular or mass",NA,NA
"head","NN","head",4,"noun","Noun, singular or mass",NA,NA
"Navigation","NP","Navigation",10,"name","Proper noun, singular",NA,NA
"anywhere","RB","anywhere",8,"adverb","Adverb",NA,NA
"on","IN","on",2,"preposition","Preposition or subordinating conjunction",NA,NA
"all","DT","all",3,"determiner","Determiner",NA,NA
"screens","NNS","screen",7,"noun","Noun, plural",NA,NA
"with","IN","with",4,"preposition","Preposition or subordinating conjunction",NA,NA
"either","CC","either",6,"conjunction","Coordinating conjunction",NA,NA
"the","DT","the",3,"determiner","Determiner",NA,NA
"keyboard","NN","keyboard",8,"noun","Noun, singular or mass",NA,NA
"or","CC","or",2,"conjunction","Coordinating conjunction",NA,NA
"mouse","NN","mouse",5,"noun","Noun, singular or mass",NA,NA
"Customizable","JJ","<unknown>",12,"adjective","Adjective",NA,NA
"status","NN","status",6,"noun","Noun, singular or mass",NA,NA
"bar","IN","bar",3,"preposition","Preposition or subordinating conjunction",NA,NA
"Human","JJ","human",5,"adjective","Adjective",NA,NA
"readable","JJ","readable",8,"adjective","Adjective",NA,NA
"configuration","NN","configuration",13,"noun","Noun, singular or mass",NA,NA
"file","NN","file",4,"noun","Noun, singular or mass",NA,NA
"Restartable","JJ","<unknown>",11,"adjective","Adjective",NA,NA
"without","IN","without",7,"preposition","Preposition or subordinating conjunction",NA,NA
"losing","VVG","lose",6,"verb","Verb, gerund or present participle",NA,NA
"state","NN","state",5,"noun","Noun, singular or mass",NA,NA
"Quick","RB","quick",5,"adverb","Adverb",NA,NA
"launch","VV","launch",6,"verb","Verb, base form",NA,NA
"menu","NN","menu",4,"noun","Noun, singular or mass",NA,NA
"Many","JJ","many",4,"adjective","Adjective",NA,NA
"screen","NN","screen",6,"noun","Noun, singular or mass",NA,NA
"layouts","NNS","layout",7,"noun","Noun, plural",NA,NA
"possible","JJ","possible",8,"adjective","Adjective",NA,NA
"with","IN","with",4,"preposition","Preposition or subordinating conjunction",NA,NA
"a","DT","a",1,"determiner","Determiner",NA,NA
"few","JJ","few",3,"adjective","Adjective",NA,NA
"simple","JJ","simple",6,"adjective","Adjective",NA,NA
"key","NN","key",3,"noun","Noun, singular or mass",NA,NA
"strokes","VVZ","stroke",7,"verb","Verb, 3rd person singular present",NA,NA
"Windows","NP","<unknown>",7,"name","Proper noun, singular",NA,NA
"can","MD","can",3,"modal","Modal",NA,NA
"be","VB","be",2,"verb","Verb, base form of ""to be""",NA,NA
"added","VVN","add",5,"verb","Verb, past participle",NA,NA
"or","CC","or",2,"conjunction","Coordinating conjunction",NA,NA
"removed","VVN","remove",7,"verb","Verb, past participle",NA,NA
"from","IN","from",4,"preposition","Preposition or subordinating conjunction",NA,NA
"master","NN","master",6,"noun","Noun, singular or mass",NA,NA
"area","NN","area",4,"noun","Noun, singular or mass",NA,NA
"Windows","NP","<unknown>",7,"name","Proper noun, singular",NA,NA
"can","MD","can",3,"modal","Modal",NA,NA
"be","VB","be",2,"verb","Verb, base form of ""to be""",NA,NA
"moved","VVN","move",5,"verb","Verb, past participle",NA,NA
"to","TO","to",2,"to","to",NA,NA
"any","DT","any",3,"determiner","Determiner",NA,NA
"workspace","NN","workspace",9,"noun","Noun, singular or mass",NA,NA
"or","CC","or",2,"conjunction","Coordinating conjunction",NA,NA
"within","IN","within",6,"preposition","Preposition or subordinating conjunction",NA,NA
"a","DT","a",1,"determiner","Determiner",NA,NA
"region","NN","region",6,"noun","Noun, singular or mass",NA,NA
"Resizable","JJ","<unknown>",9,"adjective","Adjective",NA,NA
"master","NN","master",6,"noun","Noun, singular or mass",NA,NA
"area","NN","area",4,"noun","Noun, singular or mass",NA,NA
"Move","VVP","move",4,"verb","Verb, non-3rd person singular present",NA,NA
"resize","VV","resize",6,"verb","Verb, base form",NA,NA
"floating","JJ","floating",8,"adjective","Adjective",NA,NA
"windows","NNS","window",7,"noun","Noun, plural",NA,NA
"Drag","NP","<unknown>",4,"name","Proper noun, singular",NA,NA
"to","TO","to",2,"to","to",NA,NA
"float","VV","float",5,"verb","Verb, base form",NA,NA
"Extended","NP","<unknown>",8,"name","Proper noun, singular",NA,NA
"Window","NP","<unknown>",6,"name","Proper noun, singular",NA,NA
"Manager","NP","Manager",7,"name","Proper noun, singular",NA,NA
"Hints","NP","<unknown>",5,"name","Proper noun, singular",NA,NA
"EWMH","NP","<unknown>",4,"name","Proper noun, singular",NA,NA
"Support","NP","<unknown>",7,"name","Proper noun, singular",NA,NA
"Configureable","NP","<unknown>",13,"name","Proper noun, singular",NA,NA
"tiling","VVG","tile",6,"verb","Verb, gerund or present participle",NA,NA
"Adjustable","JJ","adjustable",10,"adjective","Adjective",NA,NA
"tile","NN","tile",4,"noun","Noun, singular or mass",NA,NA
"gap","NN","gap",3,"noun","Noun, singular or mass",NA,NA
"allows","VVZ","allow",6,"verb","Verb, 3rd person singular present",NA,NA
"for","IN","for",3,"preposition","Preposition or subordinating conjunction",NA,NA
"a","DT","a",1,"determiner","Determiner",NA,NA
"true","JJ","true",4,"adjective","Adjective",NA,NA
"one","CD","one",3,"number","Cardinal number",NA,NA
"pixel","NN","<unknown>",5,"noun","Noun, singular or mass",NA,NA
"border","NN","border",6,"noun","Noun, singular or mass",NA,NA
".","SENT",".",1,"fullstop","Sentence ending punctuation",NA,NA
"Customizable","JJ","<unknown>",12,"adjective","Adjective",NA,NA
"colors","NNS","color",6,"noun","Noun, plural",NA,NA
"and","CC","and",3,"conjunction","Coordinating conjunction",NA,NA
"border","NN","border",6,"noun","Noun, singular or mass",NA,NA
"width","NN","width",5,"noun","Noun, singular or mass",NA,NA
".","SENT",".",1,"fullstop","Sentence ending punctuation",NA,NA
"User","NN","user",4,"noun","Noun, singular or mass",NA,NA
"definable","JJ","definable",9,"adjective","Adjective",NA,NA
"regions","NNS","region",7,"noun","Noun, plural",NA,NA
"User","NP","User",4,"name","Proper noun, singular",NA,NA
"definable","JJ","definable",9,"adjective","Adjective",NA,NA
"modkey","NN","<unknown>",6,"noun","Noun, singular or mass",NA,NA
"key","NN","key",3,"noun","Noun, singular or mass",NA,NA
"bindings","NNS","binding",8,"noun","Noun, plural",NA,NA
"User","NP","User",4,"name","Proper noun, singular",NA,NA
"definable","JJ","definable",9,"adjective","Adjective",NA,NA
"quirk","NN","quirk",5,"noun","Noun, singular or mass",NA,NA
"bindings","NNS","binding",8,"noun","Noun, plural",NA,NA
"User","NP","User",4,"name","Proper noun, singular",NA,NA
"definable","JJ","definable",9,"adjective","Adjective",NA,NA
"key","JJ","key",3,"adjective","Adjective",NA,NA
"bindings","NNS","binding",8,"noun","Noun, plural",NA,NA
"to","TO","to",2,"to","to",NA,NA
"launch","VV","launch",6,"verb","Verb, base form",NA,NA
"applications","NNS","application",12,"noun","Noun, plural",NA,NA
"Multi","NNS","Multi",5,"noun","Noun, plural",NA,NA
"OS","NN","os",2,"noun","Noun, singular or mass",NA,NA
"support","NN","support",7,"noun","Noun, singular or mass",NA,NA
"BSD","NP","BSD",3,"name","Proper noun, singular",NA,NA
",",",",",",1,"comma","Comma",NA,NA
"Linux","NP","Linux",5,"name","Proper noun, singular",NA,NA
",",",",",",1,"comma","Comma",NA,NA
"OSX","NP","<unknown>",3,"name","Proper noun, singular",NA,NA
",",",",",",1,"comma","Comma",NA,NA
"Windows","NP","<unknown>",7,"name","Proper noun, singular",NA,NA
"cygwin","NP","<unknown>",6,"name","Proper noun, singular",NA,NA
"Reparenting","NP","<unknown>",11,"name","Proper noun, singular",NA,NA
"window","NN","window",6,"noun","Noun, singular or mass",NA,NA
"manager","NN","manager",7,"noun","Noun, singular or mass",NA,NA
"Documentation","NP","<unknown>",13,"name","Proper noun, singular",NA,NA
"Click","NP","Click",5,"name","Proper noun, singular",NA,NA
"here","RB","here",4,"adverb","Adverb",NA,NA
"for","IN","for",3,"preposition","Preposition or subordinating conjunction",NA,NA
"current","JJ","current",7,"adjective","Adjective",NA,NA
"man","NN","man",3,"noun","Noun, singular or mass",NA,NA
"page","NN","page",4,"noun","Noun, singular or mass",NA,NA
"License","NN","license",7,"noun","Noun, singular or mass",NA,NA
"spectrwm","NN","<unknown>",8,"noun","Noun, singular or mass",NA,NA
"is","VBZ","be",2,"verb","Verb, 3rd person singular present of ""to be""",NA,NA
"ISC","NP","ISC",3,"name","Proper noun, singular",NA,NA
"licensed","VVD","license",8,"verb","Verb, past tense",NA,NA
"unless","IN","unless",6,"preposition","Preposition or subordinating conjunction",NA,NA
"otherwise","RB","otherwise",9,"adverb","Adverb",NA,NA
"specified","VVN","specify",9,"verb","Verb, past participle",NA,NA
"in","IN","in",2,"preposition","Preposition or subordinating conjunction",NA,NA
"individual","JJ","individual",10,"adjective","Adjective",NA,NA
"files","NNS","file",5,"noun","Noun, plural",NA,NA
".","SENT",".",1,"fullstop","Sentence ending punctuation",NA,NA
"Screenshots","NP","<unknown>",11,"name","Proper noun, singular",NA,NA
"Vertical","NP","<unknown>",8,"name","Proper noun, singular",NA,NA
"stack","VV","stack",5,"verb","Verb, base form",NA,NA
"Horizontal","NP","<unknown>",10,"name","Proper noun, singular",NA,NA
"stack","VV","stack",5,"verb","Verb, base form",NA,NA
"Horizontal","NP","<unknown>",10,"name","Proper noun, singular",NA,NA
"stack","VV","stack",5,"verb","Verb, base form",NA,NA
"Vertical","JJ","vertical",8,"adjective","Adjective",NA,NA
"stack","NN","stack",5,"noun","Noun, singular or mass",NA,NA
"with","IN","with",4,"preposition","Preposition or subordinating conjunction",NA,NA
"floater","NN","floater",7,"noun","Noun, singular or mass",NA,NA
"and","CC","and",3,"conjunction","Coordinating conjunction",NA,NA
"extra","JJ","extra",5,"adjective","Adjective",NA,NA
"window","NN","window",6,"noun","Noun, singular or mass",NA,NA
"in","IN","in",2,"preposition","Preposition or subordinating conjunction",NA,NA
"master","NN","master",6,"noun","Noun, singular or mass",NA,NA
"area","NN","area",4,"noun","Noun, singular or mass",NA,NA
"mplayer","NN","<unknown>",7,"noun","Noun, singular or mass",NA,NA
",",",",",",1,"comma","Comma",NA,NA
"resized","VVN","resize",7,"verb","Verb, past participle",NA,NA
"and","CC","and",3,"conjunction","Coordinating conjunction",NA,NA
"moved","VVN","move",5,"verb","Verb, past participle",NA,NA
