"token","tag","lemma","lttr","wclass","desc","stop","stem"
"Ruby","NP","Ruby",4,"name","Proper noun, singular",NA,NA
"on","IN","on",2,"preposition","Preposition or subordinating conjunction",NA,NA
"Rails","NP","<unknown>",5,"name","Proper noun, singular",NA,NA
"Property","NP","Property",8,"name","Proper noun, singular",NA,NA
"Real","NP","Real",4,"name","Proper noun, singular",NA,NA
"Estate","NP","Estate",6,"name","Proper noun, singular",NA,NA
"Portal","NP","Portal",6,"name","Proper noun, singular",NA,NA
"App","NP","App",3,"name","Proper noun, singular",NA,NA
"A","DT","a",1,"determiner","Determiner",NA,NA
"work","NN","work",4,"noun","Noun, singular or mass",NA,NA
"in","IN","in",2,"preposition","Preposition or subordinating conjunction",NA,NA
"progress","NN","progress",8,"noun","Noun, singular or mass",NA,NA
"to","TO","to",2,"to","to",NA,NA
"learn","VV","learn",5,"verb","Verb, base form",NA,NA
"ruby","NN","ruby",4,"noun","Noun, singular or mass",NA,NA
"on","IN","on",2,"preposition","Preposition or subordinating conjunction",NA,NA
"rails","NNS","rail",5,"noun","Noun, plural",NA,NA
"Ruby","NP","Ruby",4,"name","Proper noun, singular",NA,NA
"..",":","...",2,"punctuation","Punctuation",NA,NA
"or","CC","or",2,"conjunction","Coordinating conjunction",NA,NA
"later","JJR","late",5,"adjective","Adjective, comparative",NA,NA
"Rails","NNS","rail",5,"noun","Noun, plural",NA,NA
"..",":","...",2,"punctuation","Punctuation",NA,NA
"ImageMagick","NP","<unknown>",11,"name","Proper noun, singular",NA,NA
"Uses","NP","<unknown>",4,"name","Proper noun, singular",NA,NA
"some","DT","some",4,"determiner","Determiner",NA,NA
"AngularJS","NP","<unknown>",9,"name","Proper noun, singular",NA,NA
"Setup","NP","<unknown>",5,"name","Proper noun, singular",NA,NA
"for","IN","for",3,"preposition","Preposition or subordinating conjunction",NA,NA
"Heroku","NP","<unknown>",6,"name","Proper noun, singular",NA,NA
