"token","tag","lemma","lttr","wclass","desc","stop","stem"
"YieldCalculator","NP","<unknown>",15,"name","Proper noun, singular",NA,NA
"A","NP","A",1,"name","Proper noun, singular",NA,NA
"tool","NN","tool",4,"noun","Noun, singular or mass",NA,NA
"that","WDT","that",4,"determiner","Wh-determiner",NA,NA
"helps","VVZ","help",5,"verb","Verb, 3rd person singular present",NA,NA
"real","JJ","real",4,"adjective","Adjective",NA,NA
"estate","NN","estate",6,"noun","Noun, singular or mass",NA,NA
"investors","NNS","investor",9,"noun","Noun, plural",NA,NA
"buy","VVP","buy",3,"verb","Verb, non-3rd person singular present",NA,NA
"income","NN","income",6,"noun","Noun, singular or mass",NA,NA
"properties","NNS","property",10,"noun","Noun, plural",NA,NA
