"token","tag","lemma","lttr","wclass","desc","stop","stem"
"Real","JJ","real",4,"adjective","Adjective",NA,NA
"Estate","NP","Estate",6,"name","Proper noun, singular",NA,NA
"Math","NP","Math",4,"name","Proper noun, singular",NA,NA
"..",":","...",2,"punctuation","Punctuation",NA,NA
"image","NN","image",5,"noun","Noun, singular or mass",NA,NA
":","SENT",":",1,"fullstop","Sentence ending punctuation",NA,NA
":","SENT",":",1,"fullstop","Sentence ending punctuation",NA,NA
":","SENT",":",1,"fullstop","Sentence ending punctuation",NA,NA
"target","NN","target",6,"noun","Noun, singular or mass",NA,NA
":","SENT",":",1,"fullstop","Sentence ending punctuation",NA,NA
"..",":","...",2,"punctuation","Punctuation",NA,NA
"image","NN","image",5,"noun","Noun, singular or mass",NA,NA
":","SENT",":",1,"fullstop","Sentence ending punctuation",NA,NA
":","SENT",":",1,"fullstop","Sentence ending punctuation",NA,NA
":","SENT",":",1,"fullstop","Sentence ending punctuation",NA,NA
"target","NN","target",6,"noun","Noun, singular or mass",NA,NA
":","SENT",":",1,"fullstop","Sentence ending punctuation",NA,NA
"Real","NP","Real",4,"name","Proper noun, singular",NA,NA
"Estate","NP","Estate",6,"name","Proper noun, singular",NA,NA
"Math","NP","Math",4,"name","Proper noun, singular",NA,NA
"contains","VVZ","contain",8,"verb","Verb, 3rd person singular present",NA,NA
"common","JJ","common",6,"adjective","Adjective",NA,NA
"math","NN","math",4,"noun","Noun, singular or mass",NA,NA
"equations","NNS","equation",9,"noun","Noun, plural",NA,NA
"for","IN","for",3,"preposition","Preposition or subordinating conjunction",NA,NA
"real","JJ","real",4,"adjective","Adjective",NA,NA
"estate","NN","estate",6,"noun","Noun, singular or mass",NA,NA
"analysis","NN","analysis",8,"noun","Noun, singular or mass",NA,NA
"Free","JJ","free",4,"adjective","Adjective",NA,NA
"software","NN","software",8,"noun","Noun, singular or mass",NA,NA
":","SENT",":",1,"fullstop","Sentence ending punctuation",NA,NA
"ISC","NP","ISC",3,"name","Proper noun, singular",NA,NA
"license","NN","license",7,"noun","Noun, singular or mass",NA,NA
"Documentation","NN","documentation",13,"noun","Noun, singular or mass",NA,NA
":","SENT",":",1,"fullstop","Sentence ending punctuation",NA,NA
"Features","VVZ","feature",8,"verb","Verb, 3rd person singular present",NA,NA
"TODO","NP","<unknown>",4,"name","Proper noun, singular",NA,NA
