"token","tag","lemma","lttr","wclass","desc","stop","stem"
"real","JJ","real",4,"adjective","Adjective",NA,NA
"estate","NN","estate",6,"noun","Noun, singular or mass",NA,NA
"search","NN","search",6,"noun","Noun, singular or mass",NA,NA
"is","VBZ","be",2,"verb","Verb, 3rd person singular present of ""to be""",NA,NA
"an","DT","an",2,"determiner","Determiner",NA,NA
"application","NN","application",11,"noun","Noun, singular or mass",NA,NA
"that","WDT","that",4,"determiner","Wh-determiner",NA,NA
"allows","VVZ","allow",6,"verb","Verb, 3rd person singular present",NA,NA
"users","NNS","user",5,"noun","Noun, plural",NA,NA
"to","TO","to",2,"to","to",NA,NA
"login","NN","<unknown>",5,"noun","Noun, singular or mass",NA,NA
"and","CC","and",3,"conjunction","Coordinating conjunction",NA,NA
"search","NN","search",6,"noun","Noun, singular or mass",NA,NA
"for","IN","for",3,"preposition","Preposition or subordinating conjunction",NA,NA
"real","JJ","real",4,"adjective","Adjective",NA,NA
"estate","NN","estate",6,"noun","Noun, singular or mass",NA,NA
"or","CC","or",2,"conjunction","Coordinating conjunction",NA,NA
"post","VV","post",4,"verb","Verb, base form",NA,NA
"real","JJ","real",4,"adjective","Adjective",NA,NA
"estate","NN","estate",6,"noun","Noun, singular or mass",NA,NA
"for","IN","for",3,"preposition","Preposition or subordinating conjunction",NA,NA
"sale","NN","sale",4,"noun","Noun, singular or mass",NA,NA
"JavaFX","NP","<unknown>",6,"name","Proper noun, singular",NA,NA
",",",",",",1,"comma","Comma",NA,NA
"Scene","NP","<unknown>",5,"name","Proper noun, singular",NA,NA
"Builder","NP","<unknown>",7,"name","Proper noun, singular",NA,NA
",",",",",",1,"comma","Comma",NA,NA
"MYSQL","NP","<unknown>",5,"name","Proper noun, singular",NA,NA
