"token","tag","lemma","lttr","wclass","desc","stop","stem"
"Apimo","NP","<unknown>",5,"name","Proper noun, singular",NA,NA
"open","JJ","open",4,"adjective","Adjective",NA,NA
"source","NN","source",6,"noun","Noun, singular or mass",NA,NA
"Real","JJ","real",4,"adjective","Adjective",NA,NA
"estate","NN","estate",6,"noun","Noun, singular or mass",NA,NA
"software","NN","software",8,"noun","Noun, singular or mass",NA,NA
"for","IN","for",3,"preposition","Preposition or subordinating conjunction",NA,NA
"estate","NN","estate",6,"noun","Noun, singular or mass",NA,NA
"agents","NNS","agent",6,"noun","Noun, plural",NA,NA
"Apimo","NP","<unknown>",5,"name","Proper noun, singular",NA,NA
"Fran�","NP","<unknown>",5,"name","Proper noun, singular",NA,NA
"ais","NNS","ai",3,"noun","Noun, plural",NA,NA
"Logiciel","NP","<unknown>",8,"name","Proper noun, singular",NA,NA
"immobilier","NP","<unknown>",10,"name","Proper noun, singular",NA,NA
"sur","NP","Sur",3,"name","Proper noun, singular",NA,NA
"Apimo","NP","<unknown>",5,"name","Proper noun, singular",NA,NA
".","SENT",".",1,"fullstop","Sentence ending punctuation",NA,NA
"fr","NN","Fr",2,"noun","Noun, singular or mass",NA,NA
"apimofr","NN","<unknown>",7,"noun","Noun, singular or mass",NA,NA
"apimofr","NN","<unknown>",7,"noun","Noun, singular or mass",NA,NA
":","SENT",":",1,"fullstop","Sentence ending punctuation",NA,NA
"Apimo","NP","<unknown>",5,"name","Proper noun, singular",NA,NA
"Italia","NP","Italia",6,"name","Proper noun, singular",NA,NA
"Software","NP","Software",8,"name","Proper noun, singular",NA,NA
"immobiliare","NP","Immobiliare",11,"name","Proper noun, singular",NA,NA
"Apimo","NP","<unknown>",5,"name","Proper noun, singular",NA,NA
".","SENT",".",1,"fullstop","Sentence ending punctuation",NA,NA
"it","PP","it",2,"pronoun","Personal pronoun",NA,NA
"apimoit","VVP","<unknown>",7,"verb","Verb, non-3rd person singular present",NA,NA
"apimoit","NN","<unknown>",7,"noun","Noun, singular or mass",NA,NA
":","SENT",":",1,"fullstop","Sentence ending punctuation",NA,NA
