"token","tag","lemma","lttr","wclass","desc","stop","stem"
"GPRealEstate","NP","<unknown>",12,"name","Proper noun, singular",NA,NA
"Grief","NP","Grief",5,"name","Proper noun, singular",NA,NA
"Prevention","NP","<unknown>",10,"name","Proper noun, singular",NA,NA
"Real","NP","Real",4,"name","Proper noun, singular",NA,NA
"Estate","NP","Estate",6,"name","Proper noun, singular",NA,NA
"aims","VVZ","aim",4,"verb","Verb, 3rd person singular present",NA,NA
"to","TO","to",2,"to","to",NA,NA
"extend","VV","extend",6,"verb","Verb, base form",NA,NA
"the","DT","the",3,"determiner","Determiner",NA,NA
"Grief","NP","Grief",5,"name","Proper noun, singular",NA,NA
"Prevention","NN","prevention",10,"noun","Noun, singular or mass",NA,NA
"plugin","NN","<unknown>",6,"noun","Noun, singular or mass",NA,NA
"by","IN","by",2,"preposition","Preposition or subordinating conjunction",NA,NA
"allowing","VVG","allow",8,"verb","Verb, gerund or present participle",NA,NA
"users","NNS","user",5,"noun","Noun, plural",NA,NA
"to","TO","to",2,"to","to",NA,NA
"be","VB","be",2,"verb","Verb, base form of ""to be""",NA,NA
"able","JJ","able",4,"adjective","Adjective",NA,NA
"to","TO","to",2,"to","to",NA,NA
"buy","VV","buy",3,"verb","Verb, base form",NA,NA
"and","CC","and",3,"conjunction","Coordinating conjunction",NA,NA
"sell","VV","sell",4,"verb","Verb, base form",NA,NA
"claims","NNS","claim",6,"noun","Noun, plural",NA,NA
"or","CC","or",2,"conjunction","Coordinating conjunction",NA,NA
"subclaims","NNS","<unknown>",9,"noun","Noun, plural",NA,NA
".","SENT",".",1,"fullstop","Sentence ending punctuation",NA,NA
"Currently","RB","currently",9,"adverb","Adverb",NA,NA
"this","DT","this",4,"determiner","Determiner",NA,NA
"is","VBZ","be",2,"verb","Verb, 3rd person singular present of ""to be""",NA,NA
"one","CD","one",3,"number","Cardinal number",NA,NA
"of","IN","of",2,"preposition","Preposition or subordinating conjunction",NA,NA
"the","DT","the",3,"determiner","Determiner",NA,NA
"biggest","JJS","big",7,"adjective","Adjective, superlative",NA,NA
"requests","NNS","request",8,"noun","Noun, plural",NA,NA
"that","WDT","that",4,"determiner","Wh-determiner",NA,NA
"are","VBP","be",3,"verb","Verb, non-3rd person singular present of ""to be""",NA,NA
"made","VVN","make",4,"verb","Verb, past participle",NA,NA
"for","IN","for",3,"preposition","Preposition or subordinating conjunction",NA,NA
"this","DT","this",4,"determiner","Determiner",NA,NA
"plugin","NN","<unknown>",6,"noun","Noun, singular or mass",NA,NA
"and","CC","and",3,"conjunction","Coordinating conjunction",NA,NA
"the","DT","the",3,"determiner","Determiner",NA,NA
"author","NN","author",6,"noun","Noun, singular or mass",NA,NA
"has","VHZ","have",3,"verb","Verb, 3rd person singular present of ""to have""",NA,NA
"pointed","VVN","point",7,"verb","Verb, past participle",NA,NA
"out","RP","out",3,"particle"," Particle",NA,NA
"that","IN/that","that",4,"preposition","Preposition or subordinating conjunction",NA,NA
"they","PP","they",4,"pronoun","Personal pronoun",NA,NA
"are","VBP","be",3,"verb","Verb, non-3rd person singular present of ""to be""",NA,NA
"concentrating","VVG","concentrate",13,"verb","Verb, gerund or present participle",NA,NA
"on","IN","on",2,"preposition","Preposition or subordinating conjunction",NA,NA
"anti","JJ","anti",4,"adjective","Adjective",NA,NA
"griefing","JJ","<unknown>",8,"adjective","Adjective",NA,NA
"aspect","NN","aspect",6,"noun","Noun, singular or mass",NA,NA
"of","IN","of",2,"preposition","Preposition or subordinating conjunction",NA,NA
"GP","NN","GP",2,"noun","Noun, singular or mass",NA,NA
"and","CC","and",3,"conjunction","Coordinating conjunction",NA,NA
"that","IN/that","that",4,"preposition","Preposition or subordinating conjunction",NA,NA
"the","DT","the",3,"determiner","Determiner",NA,NA
"API","NP","API",3,"name","Proper noun, singular",NA,NA
"is","VBZ","be",2,"verb","Verb, 3rd person singular present of ""to be""",NA,NA
"there","RB","there",5,"adverb","Adverb",NA,NA
"for","IN","for",3,"preposition","Preposition or subordinating conjunction",NA,NA
"anyone","NN","anyone",6,"noun","Noun, singular or mass",NA,NA
"that","WDT","that",4,"determiner","Wh-determiner",NA,NA
"wants","VVZ","want",5,"verb","Verb, 3rd person singular present",NA,NA
"to","TO","to",2,"to","to",NA,NA
"help","VV","help",4,"verb","Verb, base form",NA,NA
"extend","VV","extend",6,"verb","Verb, base form",NA,NA
"the","DT","the",3,"determiner","Determiner",NA,NA
"project","NN","project",7,"noun","Noun, singular or mass",NA,NA
"Originally","RB","originally",10,"adverb","Adverb",NA,NA
"the","DT","the",3,"determiner","Determiner",NA,NA
"was","VBD","be",3,"verb","Verb, past tense of ""to be""",NA,NA
"started","VVN","start",7,"verb","Verb, past participle",NA,NA
"by","IN","by",2,"preposition","Preposition or subordinating conjunction",NA,NA
"leezallen","NP","<unknown>",9,"name","Proper noun, singular",NA,NA
",",",",",",1,"comma","Comma",NA,NA
"but","CC","but",3,"conjunction","Coordinating conjunction",NA,NA
"it","PP","it",2,"pronoun","Personal pronoun",NA,NA
"has","VHZ","have",3,"verb","Verb, 3rd person singular present of ""to have""",NA,NA
"not","RB","not",3,"adverb","Adverb",NA,NA
"been","VBN","be",4,"verb","Verb, past participle of ""to be""",NA,NA
"active","JJ","active",6,"adjective","Adjective",NA,NA
"in","IN","in",2,"preposition","Preposition or subordinating conjunction",NA,NA
"months","NNS","month",6,"noun","Noun, plural",NA,NA
".","SENT",".",1,"fullstop","Sentence ending punctuation",NA,NA
"So","RB","so",2,"adverb","Adverb",NA,NA
"I","PP","I",1,"pronoun","Personal pronoun",NA,NA
"decided","VVD","decide",7,"verb","Verb, past tense",NA,NA
"to","TO","to",2,"to","to",NA,NA
"fix","VV","fix",3,"verb","Verb, base form",NA,NA
"and","CC","and",3,"conjunction","Coordinating conjunction",NA,NA
"continue","VV","continue",8,"verb","Verb, base form",NA,NA
"it","PP","it",2,"pronoun","Personal pronoun",NA,NA
".","SENT",".",1,"fullstop","Sentence ending punctuation",NA,NA
