"token","tag","lemma","lttr","wclass","desc","stop","stem"
"Two","CD","Two",3,"number","Cardinal number",NA,NA
"web","NN","web",3,"noun","Noun, singular or mass",NA,NA
"infographics","NNS","<unknown>",12,"noun","Noun, plural",NA,NA
"on","IN","on",2,"preposition","Preposition or subordinating conjunction",NA,NA
"real","JJ","real",4,"adjective","Adjective",NA,NA
"Estate","NP","Estate",6,"name","Proper noun, singular",NA,NA
"in","IN","in",2,"preposition","Preposition or subordinating conjunction",NA,NA
"Russia","NP","Russia",6,"name","Proper noun, singular",NA,NA
",",",",",",1,"comma","Comma",NA,NA
"for","IN","for",3,"preposition","Preposition or subordinating conjunction",NA,NA
"RILOS","NP","<unknown>",5,"name","Proper noun, singular",NA,NA
"dependencies","NNS","dependency",12,"noun","Noun, plural",NA,NA
":","SENT",":",1,"fullstop","Sentence ending punctuation",NA,NA
"d","SYM","d",1,"symbol","Symbol",NA,NA
"cartodb","NN","<unknown>",7,"noun","Noun, singular or mass",NA,NA
".","SENT",".",1,"fullstop","Sentence ending punctuation",NA,NA
"js","NNS","<unknown>",2,"noun","Noun, plural",NA,NA
"with","IN","with",4,"preposition","Preposition or subordinating conjunction",NA,NA
"an","DT","an",2,"determiner","Determiner",NA,NA
"active","JJ","active",6,"adjective","Adjective",NA,NA
"use","NN","use",3,"noun","Noun, singular or mass",NA,NA
"of","IN","of",2,"preposition","Preposition or subordinating conjunction",NA,NA
"the","DT","the",3,"determiner","Determiner",NA,NA
"service","NN","service",7,"noun","Noun, singular or mass",NA,NA
"cartodb","NN","<unknown>",7,"noun","Noun, singular or mass",NA,NA
".","SENT",".",1,"fullstop","Sentence ending punctuation",NA,NA
"com","NN","com",3,"noun","Noun, singular or mass",NA,NA
"cartodb","NN","<unknown>",7,"noun","Noun, singular or mass",NA,NA
".","SENT",".",1,"fullstop","Sentence ending punctuation",NA,NA
"com","NN","com",3,"noun","Noun, singular or mass",NA,NA
