"token","tag","lemma","lttr","wclass","desc","stop","stem"
"RubyMotion","NP","<unknown>",10,"name","Proper noun, singular",NA,NA
"Autolayout","NP","<unknown>",10,"name","Proper noun, singular",NA,NA
"DSL","NP","DSL",3,"name","Proper noun, singular",NA,NA
"Demo","NP","Demo",4,"name","Proper noun, singular",NA,NA
"This","DT","this",4,"determiner","Determiner",NA,NA
"is","VBZ","be",2,"verb","Verb, 3rd person singular present of ""to be""",NA,NA
"a","DT","a",1,"determiner","Determiner",NA,NA
"very","RB","very",4,"adverb","Adverb",NA,NA
"simple","JJ","simple",6,"adjective","Adjective",NA,NA
"RubyMotion","NP","<unknown>",10,"name","Proper noun, singular",NA,NA
"app","NP","App",3,"name","Proper noun, singular",NA,NA
"that","WDT","that",4,"determiner","Wh-determiner",NA,NA
"implements","VVZ","implement",10,"verb","Verb, 3rd person singular present",NA,NA
"a","DT","a",1,"determiner","Determiner",NA,NA
"very","RB","very",4,"adverb","Adverb",NA,NA
"basic","JJ","basic",5,"adjective","Adjective",NA,NA
"and","CC","and",3,"conjunction","Coordinating conjunction",NA,NA
"generic","JJ","generic",7,"adjective","Adjective",NA,NA
"DSL","NP","DSL",3,"name","Proper noun, singular",NA,NA
"to","TO","to",2,"to","to",NA,NA
"create","VV","create",6,"verb","Verb, base form",NA,NA
"iOS","NNS","<unknown>",3,"noun","Noun, plural",NA,NA
"views","NNS","view",5,"noun","Noun, plural",NA,NA
".","SENT",".",1,"fullstop","Sentence ending punctuation",NA,NA
"This","DT","this",4,"determiner","Determiner",NA,NA
"code","NN","code",4,"noun","Noun, singular or mass",NA,NA
"...",":","...",3,"punctuation","Punctuation",NA,NA
"createViews","NNS","<unknown>",11,"noun","Noun, plural",NA,NA
"label","VVP","label",5,"verb","Verb, non-3rd person singular present",NA,NA
"Welcome","VV","welcome",7,"verb","Verb, base form",NA,NA
"label","NN","label",5,"noun","Noun, singular or mass",NA,NA
"Click","NP","Click",5,"name","Proper noun, singular",NA,NA
"on","IN","on",2,"preposition","Preposition or subordinating conjunction",NA,NA
"a","DT","a",1,"determiner","Determiner",NA,NA
"button","NN","button",6,"noun","Noun, singular or mass",NA,NA
"image","NN","image",5,"noun","Noun, singular or mass",NA,NA
"view","NN","view",4,"noun","Noun, singular or mass",NA,NA
"rubymotion","NN","<unknown>",10,"noun","Noun, singular or mass",NA,NA
"image","NN","image",5,"noun","Noun, singular or mass",NA,NA
"view","NN","view",4,"noun","Noun, singular or mass",NA,NA
"rubymotion","NN","<unknown>",10,"noun","Noun, singular or mass",NA,NA
"image","NN","image",5,"noun","Noun, singular or mass",NA,NA
"view","NN","view",4,"noun","Noun, singular or mass",NA,NA
"rubymotion","NN","<unknown>",10,"noun","Noun, singular or mass",NA,NA
"button","NN","button",6,"noun","Noun, singular or mass",NA,NA
"Say","NP","Say",3,"name","Proper noun, singular",NA,NA
"Hi","NP","Hi",2,"name","Proper noun, singular",NA,NA
",",",",",",1,"comma","Comma",NA,NA
"hi","UH","hi",2,"interjection","Interjection",NA,NA
"button","NN","button",6,"noun","Noun, singular or mass",NA,NA
"Say","VVP","say",3,"verb","Verb, non-3rd person singular present",NA,NA
"Bye","NP","Bye",3,"name","Proper noun, singular",NA,NA
",",",",",",1,"comma","Comma",NA,NA
"bye","NN","bye",3,"noun","Noun, singular or mass",NA,NA
"�","NN","<unknown>",1,"noun","Noun, singular or mass",NA,NA
"creates","VVZ","create",7,"verb","Verb, 3rd person singular present",NA,NA
"this","DT","this",4,"determiner","Determiner",NA,NA
"view","NN","view",4,"noun","Noun, singular or mass",NA,NA
":","SENT",":",1,"fullstop","Sentence ending punctuation",NA,NA
"RubyMotion","NN","<unknown>",10,"noun","Noun, singular or mass",NA,NA
"Autolayout","NN","<unknown>",10,"noun","Noun, singular or mass",NA,NA
"Screenshot","NP","<unknown>",10,"name","Proper noun, singular",NA,NA
"How","WRB","How",3,"adverb","Wh-adverb",NA,NA
"does","VVZ","do",4,"verb","Verb, 3rd person singular present",NA,NA
"it","PP","it",2,"pronoun","Personal pronoun",NA,NA
"work","NN","work",4,"noun","Noun, singular or mass",NA,NA
"createViews","NNS","<unknown>",11,"noun","Noun, plural",NA,NA
"is","VBZ","be",2,"verb","Verb, 3rd person singular present of ""to be""",NA,NA
"a","DT","a",1,"determiner","Determiner",NA,NA
"generic","JJ","generic",7,"adjective","Adjective",NA,NA
"layout","NN","layout",6,"noun","Noun, singular or mass",NA,NA
"method","NN","method",6,"noun","Noun, singular or mass",NA,NA
"that","WDT","that",4,"determiner","Wh-determiner",NA,NA
"takes","VVZ","take",5,"verb","Verb, 3rd person singular present",NA,NA
"a","DT","a",1,"determiner","Determiner",NA,NA
"string","NN","string",6,"noun","Noun, singular or mass",NA,NA
"like","IN","like",4,"preposition","Preposition or subordinating conjunction",NA,NA
"shown","VVN","show",5,"verb","Verb, past participle",NA,NA
"above","IN","above",5,"preposition","Preposition or subordinating conjunction",NA,NA
"to","TO","to",2,"to","to",NA,NA
"build","VV","build",5,"verb","Verb, base form",NA,NA
"a","DT","a",1,"determiner","Determiner",NA,NA
"simple","JJ","simple",6,"adjective","Adjective",NA,NA
"UI","NP","UI",2,"name","Proper noun, singular",NA,NA
".","SENT",".",1,"fullstop","Sentence ending punctuation",NA,NA
"At","IN","at",2,"preposition","Preposition or subordinating conjunction",NA,NA
"the","DT","the",3,"determiner","Determiner",NA,NA
"moment","NN","moment",6,"noun","Noun, singular or mass",NA,NA
"it","PP","it",2,"pronoun","Personal pronoun",NA,NA
"simply","RB","simply",6,"adverb","Adverb",NA,NA
"distributes","VVZ","distribute",11,"verb","Verb, 3rd person singular present",NA,NA
"the","DT","the",3,"determiner","Determiner",NA,NA
"available","JJ","available",9,"adjective","Adjective",NA,NA
"screen","NN","screen",6,"noun","Noun, singular or mass",NA,NA
"real","JJ","real",4,"adjective","Adjective",NA,NA
"estate","NN","estate",6,"noun","Noun, singular or mass",NA,NA
"evenly","RB","evenly",6,"adverb","Adverb",NA,NA
"to","TO","to",2,"to","to",NA,NA
"all","DT","all",3,"determiner","Determiner",NA,NA
"elements","NNS","element",8,"noun","Noun, plural",NA,NA
".","SENT",".",1,"fullstop","Sentence ending punctuation",NA,NA
"It","PP","it",2,"pronoun","Personal pronoun",NA,NA
"turns","VVZ","turn",5,"verb","Verb, 3rd person singular present",NA,NA
"button","NN","button",6,"noun","Noun, singular or mass",NA,NA
"into","IN","into",4,"preposition","Preposition or subordinating conjunction",NA,NA
"UIButton","NP","<unknown>",8,"name","Proper noun, singular",NA,NA
",",",",",",1,"comma","Comma",NA,NA
"label","NN","label",5,"noun","Noun, singular or mass",NA,NA
"into","IN","into",4,"preposition","Preposition or subordinating conjunction",NA,NA
"UILabel","NP","<unknown>",7,"name","Proper noun, singular",NA,NA
"and","CC","and",3,"conjunction","Coordinating conjunction",NA,NA
"image","NN","image",5,"noun","Noun, singular or mass",NA,NA
"view","NN","view",4,"noun","Noun, singular or mass",NA,NA
"into","IN","into",4,"preposition","Preposition or subordinating conjunction",NA,NA
"UIImageView","NP","<unknown>",11,"name","Proper noun, singular",NA,NA
"The","DT","the",3,"determiner","Determiner",NA,NA
"first","JJ","first",5,"adjective","Adjective",NA,NA
"arg","NN","<unknown>",3,"noun","Noun, singular or mass",NA,NA
"in","IN","in",2,"preposition","Preposition or subordinating conjunction",NA,NA
"parentheses","NNS","parenthesis",11,"noun","Noun, plural",NA,NA
"is","VBZ","be",2,"verb","Verb, 3rd person singular present of ""to be""",NA,NA
"the","DT","the",3,"determiner","Determiner",NA,NA
"title","NN","title",5,"noun","Noun, singular or mass",NA,NA
"or","CC","or",2,"conjunction","Coordinating conjunction",NA,NA
"the","DT","the",3,"determiner","Determiner",NA,NA
"name","NN","name",4,"noun","Noun, singular or mass",NA,NA
"of","IN","of",2,"preposition","Preposition or subordinating conjunction",NA,NA
"a","DT","a",1,"determiner","Determiner",NA,NA
"bundled","VVN","bundle",7,"verb","Verb, past participle",NA,NA
"image","NN","image",5,"noun","Noun, singular or mass",NA,NA
",",",",",",1,"comma","Comma",NA,NA
"the","DT","the",3,"determiner","Determiner",NA,NA
"second","JJ","second",6,"adjective","Adjective",NA,NA
"arg","NN","<unknown>",3,"noun","Noun, singular or mass",NA,NA
"is","VBZ","be",2,"verb","Verb, 3rd person singular present of ""to be""",NA,NA
"an","DT","an",2,"determiner","Determiner",NA,NA
"action","NN","action",6,"noun","Noun, singular or mass",NA,NA
"in","IN","in",2,"preposition","Preposition or subordinating conjunction",NA,NA
"case","NN","case",4,"noun","Noun, singular or mass",NA,NA
"of","IN","of",2,"preposition","Preposition or subordinating conjunction",NA,NA
"buttons","NNS","button",7,"noun","Noun, plural",NA,NA
".","SENT",".",1,"fullstop","Sentence ending punctuation",NA,NA
"That","DT","that",4,"determiner","Determiner",NA,NA
"s","NN","S",1,"noun","Noun, singular or mass",NA,NA
"it","PP","it",2,"pronoun","Personal pronoun",NA,NA
".","SENT",".",1,"fullstop","Sentence ending punctuation",NA,NA
"It","PP","it",2,"pronoun","Personal pronoun",NA,NA
"s","VVZ","<unknown>",1,"verb","Verb, 3rd person singular present",NA,NA
"very","RB","very",4,"adverb","Adverb",NA,NA
"basic","JJ","basic",5,"adjective","Adjective",NA,NA
",",",",",",1,"comma","Comma",NA,NA
"but","CC","but",3,"conjunction","Coordinating conjunction",NA,NA
"I","PP","I",1,"pronoun","Personal pronoun",NA,NA
"might","MD","might",5,"modal","Modal",NA,NA
"enhance","VV","enhance",7,"verb","Verb, base form",NA,NA
"it","PP","it",2,"pronoun","Personal pronoun",NA,NA
"in","IN","in",2,"preposition","Preposition or subordinating conjunction",NA,NA
"the","DT","the",3,"determiner","Determiner",NA,NA
"future","NN","future",6,"noun","Noun, singular or mass",NA,NA
".","SENT",".",1,"fullstop","Sentence ending punctuation",NA,NA
