"token","tag","lemma","lttr","wclass","desc","stop","stem"
"retools","VVZ","retool",7,"verb","Verb, 3rd person singular present",NA,NA
"tools","NNS","tool",5,"noun","Noun, plural",NA,NA
"for","IN","for",3,"preposition","Preposition or subordinating conjunction",NA,NA
"real","JJ","real",4,"adjective","Adjective",NA,NA
"estate","NN","estate",6,"noun","Noun, singular or mass",NA,NA
",",",",",",1,"comma","Comma",NA,NA
"investment","NN","investment",10,"noun","Noun, singular or mass",NA,NA
",",",",",",1,"comma","Comma",NA,NA
"and","CC","and",3,"conjunction","Coordinating conjunction",NA,NA
"loans","NNS","loan",5,"noun","Noun, plural",NA,NA
