"token","tag","lemma","lttr","wclass","desc","stop","stem"
"Arendator","NN","<unknown>",9,"noun","Noun, singular or mass",NA,NA
"An","DT","an",2,"determiner","Determiner",NA,NA
"application","NN","application",11,"noun","Noun, singular or mass",NA,NA
"for","IN","for",3,"preposition","Preposition or subordinating conjunction",NA,NA
"aggregating","VVG","aggregate",11,"verb","Verb, gerund or present participle",NA,NA
"some","DT","some",4,"determiner","Determiner",NA,NA
"real","JJ","real",4,"adjective","Adjective",NA,NA
"estate","NN","estate",6,"noun","Noun, singular or mass",NA,NA
"databases","NNS","database",9,"noun","Noun, plural",NA,NA
