"token","tag","lemma","lttr","wclass","desc","stop","stem"
"Trump","NP","Trump",5,"name","Proper noun, singular",NA,NA
"Filter","NP","Filter",6,"name","Proper noun, singular",NA,NA
"A","NP","A",1,"name","Proper noun, singular",NA,NA
"Chrome","NP","<unknown>",6,"name","Proper noun, singular",NA,NA
"extension","NN","extension",9,"noun","Noun, singular or mass",NA,NA
"that","WDT","that",4,"determiner","Wh-determiner",NA,NA
"removes","VVZ","remove",7,"verb","Verb, 3rd person singular present",NA,NA
"Donald","NP","Donald",6,"name","Proper noun, singular",NA,NA
"Trump","NP","Trump",5,"name","Proper noun, singular",NA,NA
"from","IN","from",4,"preposition","Preposition or subordinating conjunction",NA,NA
"the","DT","the",3,"determiner","Determiner",NA,NA
"Internet","NN","Internet",8,"noun","Noun, singular or mass",NA,NA
".","SENT",".",1,"fullstop","Sentence ending punctuation",NA,NA
"Overview","NN","overview",8,"noun","Noun, singular or mass",NA,NA
"In","IN","in",2,"preposition","Preposition or subordinating conjunction",NA,NA
"a","DT","a",1,"determiner","Determiner",NA,NA
"culture","NN","culture",7,"noun","Noun, singular or mass",NA,NA
"fueled","VVN","fuel",6,"verb","Verb, past participle",NA,NA
"by","IN","by",2,"preposition","Preposition or subordinating conjunction",NA,NA
"celebrity","NN","celebrity",9,"noun","Noun, singular or mass",NA,NA
"and","CC","and",3,"conjunction","Coordinating conjunction",NA,NA
"an","DT","an",2,"determiner","Determiner",NA,NA
"electorate","NN","electorate",10,"noun","Noun, singular or mass",NA,NA
"engineered","VVN","engineer",10,"verb","Verb, past participle",NA,NA
"for","IN","for",3,"preposition","Preposition or subordinating conjunction",NA,NA
"polarity","NN","polarity",8,"noun","Noun, singular or mass",NA,NA
",",",",",",1,"comma","Comma",NA,NA
"how","WRB","how",3,"adverb","Wh-adverb",NA,NA
"can","MD","can",3,"modal","Modal",NA,NA
"any","DT","any",3,"determiner","Determiner",NA,NA
"one","CD","one",3,"number","Cardinal number",NA,NA
"in","IN","in",2,"preposition","Preposition or subordinating conjunction",NA,NA
"these","DT","these",5,"determiner","Determiner",NA,NA
"United","NP","United",6,"name","Proper noun, singular",NA,NA
"States","NPS","States",6,"name","Proper noun, plural",NA,NA
"of","IN","of",2,"preposition","Preposition or subordinating conjunction",NA,NA
"America","NP","America",7,"name","Proper noun, singular",NA,NA
"be","VB","be",2,"verb","Verb, base form of ""to be""",NA,NA
"surprised","VVN","surprise",9,"verb","Verb, past participle",NA,NA
"by","IN","by",2,"preposition","Preposition or subordinating conjunction",NA,NA
"the","DT","the",3,"determiner","Determiner",NA,NA
"campaign","NN","campaign",8,"noun","Noun, singular or mass",NA,NA
"of","IN","of",2,"preposition","Preposition or subordinating conjunction",NA,NA
"Donald","NP","Donald",6,"name","Proper noun, singular",NA,NA
"J.","NP","J.",2,"name","Proper noun, singular",NA,NA
"Trump","NP","Trump",5,"name","Proper noun, singular",NA,NA
"Minted","NP","<unknown>",6,"name","Proper noun, singular",NA,NA
"by","IN","by",2,"preposition","Preposition or subordinating conjunction",NA,NA
"shady","JJ","shady",5,"adjective","Adjective",NA,NA
"back","JJ","back",4,"adjective","Adjective",NA,NA
"room","NN","room",4,"noun","Noun, singular or mass",NA,NA
"real","JJ","real",4,"adjective","Adjective",NA,NA
"estate","NN","estate",6,"noun","Noun, singular or mass",NA,NA
",",",",",",1,"comma","Comma",NA,NA
"distributed","VVN","distribute",11,"verb","Verb, past participle",NA,NA
"by","IN","by",2,"preposition","Preposition or subordinating conjunction",NA,NA
"reality","NN","reality",7,"noun","Noun, singular or mass",NA,NA
"television","NN","television",10,"noun","Noun, singular or mass",NA,NA
"and","CC","and",3,"conjunction","Coordinating conjunction",NA,NA
"crowned","VVN","crown",7,"verb","Verb, past participle",NA,NA
"by","IN","by",2,"preposition","Preposition or subordinating conjunction",NA,NA
"incessant","JJ","incessant",9,"adjective","Adjective",NA,NA
"polling","NN","polling",7,"noun","Noun, singular or mass",NA,NA
"of","IN","of",2,"preposition","Preposition or subordinating conjunction",NA,NA
"ultra","JJ","ultra",5,"adjective","Adjective",NA,NA
"early","JJ","early",5,"adjective","Adjective",NA,NA
"primary","JJ","primary",7,"adjective","Adjective",NA,NA
"voters","NNS","voter",6,"noun","Noun, plural",NA,NA
",",",",",",1,"comma","Comma",NA,NA
"Trump","NP","Trump",5,"name","Proper noun, singular",NA,NA
"is","VBZ","be",2,"verb","Verb, 3rd person singular present of ""to be""",NA,NA
"the","DT","the",3,"determiner","Determiner",NA,NA
"latest","JJS","late",6,"adjective","Adjective, superlative",NA,NA
",",",",",",1,"comma","Comma",NA,NA
"hilarious","JJ","hilarious",9,"adjective","Adjective",NA,NA
"permutation","NN","permutation",11,"noun","Noun, singular or mass",NA,NA
"of","IN","of",2,"preposition","Preposition or subordinating conjunction",NA,NA
"American","JJ","American",8,"adjective","Adjective",NA,NA
"leadership","NN","leadership",10,"noun","Noun, singular or mass",NA,NA
".","SENT",".",1,"fullstop","Sentence ending punctuation",NA,NA
"He","PP","he",2,"pronoun","Personal pronoun",NA,NA
"is","VBZ","be",2,"verb","Verb, 3rd person singular present of ""to be""",NA,NA
"not","RB","not",3,"adverb","Adverb",NA,NA
"the","DT","the",3,"determiner","Determiner",NA,NA
"candidate","NN","candidate",9,"noun","Noun, singular or mass",NA,NA
"we","PP","we",2,"pronoun","Personal pronoun",NA,NA
"need","VVP","need",4,"verb","Verb, non-3rd person singular present",NA,NA
",",",",",",1,"comma","Comma",NA,NA
"but","CC","but",3,"conjunction","Coordinating conjunction",NA,NA
"surely","RB","surely",6,"adverb","Adverb",NA,NA
"the","DT","the",3,"determiner","Determiner",NA,NA
"one","CD","one",3,"number","Cardinal number",NA,NA
"we","PP","we",2,"pronoun","Personal pronoun",NA,NA
"deserve","VVP","deserve",7,"verb","Verb, non-3rd person singular present",NA,NA
".","SENT",".",1,"fullstop","Sentence ending punctuation",NA,NA
"In","IN","in",2,"preposition","Preposition or subordinating conjunction",NA,NA
"a","DT","a",1,"determiner","Determiner",NA,NA
"political","JJ","political",9,"adjective","Adjective",NA,NA
"atmosphere","NN","atmosphere",10,"noun","Noun, singular or mass",NA,NA
"where","WRB","where",5,"adverb","Wh-adverb",NA,NA
"ascendance","NN","ascendance",10,"noun","Noun, singular or mass",NA,NA
"can","MD","can",3,"modal","Modal",NA,NA
"be","VB","be",2,"verb","Verb, base form of ""to be""",NA,NA
"manufactured","VVN","manufacture",12,"verb","Verb, past participle",NA,NA
"through","IN","through",7,"preposition","Preposition or subordinating conjunction",NA,NA
"attention","NN","attention",9,"noun","Noun, singular or mass",NA,NA
",",",",",",1,"comma","Comma",NA,NA
"the","DT","the",3,"determiner","Determiner",NA,NA
"only","JJ","only",4,"adjective","Adjective",NA,NA
"way","NN","way",3,"noun","Noun, singular or mass",NA,NA
"to","TO","to",2,"to","to",NA,NA
"deflate","VV","deflate",7,"verb","Verb, base form",NA,NA
"Trump","NP","Trump",5,"name","Proper noun, singular",NA,NA
"s","JJ","<unknown>",1,"adjective","Adjective",NA,NA
"political","JJ","political",9,"adjective","Adjective",NA,NA
"star","NN","star",4,"noun","Noun, singular or mass",NA,NA
"is","VBZ","be",2,"verb","Verb, 3rd person singular present of ""to be""",NA,NA
"through","IN","through",7,"preposition","Preposition or subordinating conjunction",NA,NA
"suffocation","NN","suffocation",11,"noun","Noun, singular or mass",NA,NA
".","SENT",".",1,"fullstop","Sentence ending punctuation",NA,NA
"Trump","NP","Trump",5,"name","Proper noun, singular",NA,NA
"can","MD","can",3,"modal","Modal",NA,NA
"only","RB","only",4,"adverb","Adverb",NA,NA
"lose","VV","lose",4,"verb","Verb, base form",NA,NA
"if","IN","if",2,"preposition","Preposition or subordinating conjunction",NA,NA
"we","PP","we",2,"pronoun","Personal pronoun",NA,NA
"turn","VVP","turn",4,"verb","Verb, non-3rd person singular present",NA,NA
"off","RP","off",3,"particle"," Particle",NA,NA
"the","DT","the",3,"determiner","Determiner",NA,NA
"TV","NN","TV",2,"noun","Noun, singular or mass",NA,NA
".","SENT",".",1,"fullstop","Sentence ending punctuation",NA,NA
"Thus","RB","thus",4,"adverb","Adverb",NA,NA
",",",",",",1,"comma","Comma",NA,NA
"the","DT","the",3,"determiner","Determiner",NA,NA
"Trump","NP","Trump",5,"name","Proper noun, singular",NA,NA
"Filter","NP","Filter",6,"name","Proper noun, singular",NA,NA
"is","VBZ","be",2,"verb","Verb, 3rd person singular present of ""to be""",NA,NA
"presented","VVN","present",9,"verb","Verb, past participle",NA,NA
"as","IN","as",2,"preposition","Preposition or subordinating conjunction",NA,NA
"part","NN","part",4,"noun","Noun, singular or mass",NA,NA
"of","IN","of",2,"preposition","Preposition or subordinating conjunction",NA,NA
"the","DT","the",3,"determiner","Determiner",NA,NA
"antidote","NN","antidote",8,"noun","Noun, singular or mass",NA,NA
"for","IN","for",3,"preposition","Preposition or subordinating conjunction",NA,NA
"this","DT","this",4,"determiner","Determiner",NA,NA
"toxic","JJ","toxic",5,"adjective","Adjective",NA,NA
"candidacy","NN","candidacy",9,"noun","Noun, singular or mass",NA,NA
".","SENT",".",1,"fullstop","Sentence ending punctuation",NA,NA
"This","DT","this",4,"determiner","Determiner",NA,NA
"Chrome","NP","<unknown>",6,"name","Proper noun, singular",NA,NA
"extension","NN","extension",9,"noun","Noun, singular or mass",NA,NA
"will","MD","will",4,"modal","Modal",NA,NA
"identify","VV","identify",8,"verb","Verb, base form",NA,NA
"parts","NNS","part",5,"noun","Noun, plural",NA,NA
"of","IN","of",2,"preposition","Preposition or subordinating conjunction",NA,NA
"a","DT","a",1,"determiner","Determiner",NA,NA
"web","NN","web",3,"noun","Noun, singular or mass",NA,NA
"page","NN","page",4,"noun","Noun, singular or mass",NA,NA
"likely","JJ","likely",6,"adjective","Adjective",NA,NA
"to","TO","to",2,"to","to",NA,NA
"contain","VV","contain",7,"verb","Verb, base form",NA,NA
"Donald","NP","Donald",6,"name","Proper noun, singular",NA,NA
"Trump","NP","Trump",5,"name","Proper noun, singular",NA,NA
"and","CC","and",3,"conjunction","Coordinating conjunction",NA,NA
"erase","VV","erase",5,"verb","Verb, base form",NA,NA
"them","PP","them",4,"pronoun","Personal pronoun",NA,NA
"from","IN","from",4,"preposition","Preposition or subordinating conjunction",NA,NA
"the","DT","the",3,"determiner","Determiner",NA,NA
"Internet","NN","Internet",8,"noun","Noun, singular or mass",NA,NA
".","SENT",".",1,"fullstop","Sentence ending punctuation",NA,NA
"Share","NN","share",5,"noun","Noun, singular or mass",NA,NA
"with","IN","with",4,"preposition","Preposition or subordinating conjunction",NA,NA
"your","PP$","your",4,"pronoun","Possessive pronoun",NA,NA
"friends","NNS","friend",7,"noun","Noun, plural",NA,NA
"and","CC","and",3,"conjunction","Coordinating conjunction",NA,NA
"eliminate","VV","eliminate",9,"verb","Verb, base form",NA,NA
"the","DT","the",3,"determiner","Determiner",NA,NA
"only","JJ","only",4,"adjective","Adjective",NA,NA
"currency","NN","currency",8,"noun","Noun, singular or mass",NA,NA
"Trump","NP","Trump",5,"name","Proper noun, singular",NA,NA
"can","MD","can",3,"modal","Modal",NA,NA
"spend","VV","spend",5,"verb","Verb, base form",NA,NA
"to","TO","to",2,"to","to",NA,NA
"win","VV","win",3,"verb","Verb, base form",NA,NA
":","SENT",":",1,"fullstop","Sentence ending punctuation",NA,NA
"brand","NN","brand",5,"noun","Noun, singular or mass",NA,NA
"recognition","NN","recognition",11,"noun","Noun, singular or mass",NA,NA
".","SENT",".",1,"fullstop","Sentence ending punctuation",NA,NA
"Features","NNS","feature",8,"noun","Noun, plural",NA,NA
"Detects","VVZ","detect",7,"verb","Verb, 3rd person singular present",NA,NA
"instances","NNS","instance",9,"noun","Noun, plural",NA,NA
"of","IN","of",2,"preposition","Preposition or subordinating conjunction",NA,NA
"Donald","NP","Donald",6,"name","Proper noun, singular",NA,NA
"Trump","NP","Trump",5,"name","Proper noun, singular",NA,NA
"on","IN","on",2,"preposition","Preposition or subordinating conjunction",NA,NA
"web","NN","web",3,"noun","Noun, singular or mass",NA,NA
"pages","NNS","page",5,"noun","Noun, plural",NA,NA
",",",",",",1,"comma","Comma",NA,NA
"warning","VVG","warn",7,"verb","Verb, gerund or present participle",NA,NA
"users","NNS","user",5,"noun","Noun, plural",NA,NA
"of","IN","of",2,"preposition","Preposition or subordinating conjunction",NA,NA
"the","DT","the",3,"determiner","Determiner",NA,NA
"horror","NN","horror",6,"noun","Noun, singular or mass",NA,NA
"they","PP","they",4,"pronoun","Personal pronoun",NA,NA
"may","MD","may",3,"modal","Modal",NA,NA
"contain","VV","contain",7,"verb","Verb, base form",NA,NA
".","SENT",".",1,"fullstop","Sentence ending punctuation",NA,NA
"Attempts","NNS","attempt",8,"noun","Noun, plural",NA,NA
"to","TO","to",2,"to","to",NA,NA
"identify","VV","identify",8,"verb","Verb, base form",NA,NA
"semantically","RB","semantically",12,"adverb","Adverb",NA,NA
"sections","NNS","section",8,"noun","Noun, plural",NA,NA
"of","IN","of",2,"preposition","Preposition or subordinating conjunction",NA,NA
"the","DT","the",3,"determiner","Determiner",NA,NA
"page","NN","page",4,"noun","Noun, singular or mass",NA,NA
"likely","JJ","likely",6,"adjective","Adjective",NA,NA
"to","TO","to",2,"to","to",NA,NA
"contain","VV","contain",7,"verb","Verb, base form",NA,NA
"Donald","NP","Donald",6,"name","Proper noun, singular",NA,NA
"Trump","NP","Trump",5,"name","Proper noun, singular",NA,NA
"and","CC","and",3,"conjunction","Coordinating conjunction",NA,NA
"removes","VVZ","remove",7,"verb","Verb, 3rd person singular present",NA,NA
"them","PP","them",4,"pronoun","Personal pronoun",NA,NA
"from","IN","from",4,"preposition","Preposition or subordinating conjunction",NA,NA
"the","DT","the",3,"determiner","Determiner",NA,NA
"page","NN","page",4,"noun","Noun, singular or mass",NA,NA
".","SENT",".",1,"fullstop","Sentence ending punctuation",NA,NA
"Sensitivity","NN","sensitivity",11,"noun","Noun, singular or mass",NA,NA
"settings","NNS","setting",8,"noun","Noun, plural",NA,NA
"to","TO","to",2,"to","to",NA,NA
"customize","VV","customize",9,"verb","Verb, base form",NA,NA
"the","DT","the",3,"determiner","Determiner",NA,NA
"aggressiveness","NN","aggressiveness",14,"noun","Noun, singular or mass",NA,NA
"of","IN","of",2,"preposition","Preposition or subordinating conjunction",NA,NA
"the","DT","the",3,"determiner","Determiner",NA,NA
"filter","NN","filter",6,"noun","Noun, singular or mass",NA,NA
"remove","VV","remove",6,"verb","Verb, base form",NA,NA
"single","JJ","single",6,"adjective","Adjective",NA,NA
"references","NNS","reference",10,"noun","Noun, plural",NA,NA
",",",",",",1,"comma","Comma",NA,NA
"chunks","NNS","chunk",6,"noun","Noun, plural",NA,NA
"or","CC","or",2,"conjunction","Coordinating conjunction",NA,NA
"the","DT","the",3,"determiner","Determiner",NA,NA
"entire","JJ","entire",6,"adjective","Adjective",NA,NA
"page","NN","page",4,"noun","Noun, singular or mass",NA,NA
".","SENT",".",1,"fullstop","Sentence ending punctuation",NA,NA
"Installation","NN","installation",12,"noun","Noun, singular or mass",NA,NA
"for","IN","for",3,"preposition","Preposition or subordinating conjunction",NA,NA
"Users","NNS","user",5,"noun","Noun, plural",NA,NA
"Just","RB","just",4,"adverb","Adverb",NA,NA
"install","VVP","install",7,"verb","Verb, non-3rd person singular present",NA,NA
"the","DT","the",3,"determiner","Determiner",NA,NA
"extension","NN","extension",9,"noun","Noun, singular or mass",NA,NA
"from","IN","from",4,"preposition","Preposition or subordinating conjunction",NA,NA
"the","DT","the",3,"determiner","Determiner",NA,NA
"Chrome","NP","<unknown>",6,"name","Proper noun, singular",NA,NA
"Web","NP","Web",3,"name","Proper noun, singular",NA,NA
"Store","NP","Store",5,"name","Proper noun, singular",NA,NA
"Then","RB","then",4,"adverb","Adverb",NA,NA
"surf","VVP","surf",4,"verb","Verb, non-3rd person singular present",NA,NA
"the","DT","the",3,"determiner","Determiner",NA,NA
"web","NN","web",3,"noun","Noun, singular or mass",NA,NA
",",",",",",1,"comma","Comma",NA,NA
"comforted","VVN","comfort",9,"verb","Verb, past participle",NA,NA
"by","IN","by",2,"preposition","Preposition or subordinating conjunction",NA,NA
"the","DT","the",3,"determiner","Determiner",NA,NA
"protection","NN","protection",10,"noun","Noun, singular or mass",NA,NA
"you","PP","you",3,"pronoun","Personal pronoun",NA,NA
"are","VBP","be",3,"verb","Verb, non-3rd person singular present of ""to be""",NA,NA
"now","RB","now",3,"adverb","Adverb",NA,NA
"afforded","VVN","afford",8,"verb","Verb, past participle",NA,NA
".","SENT",".",1,"fullstop","Sentence ending punctuation",NA,NA
"Installation","NN","installation",12,"noun","Noun, singular or mass",NA,NA
"for","IN","for",3,"preposition","Preposition or subordinating conjunction",NA,NA
"Developers","NP","Developers",10,"name","Proper noun, singular",NA,NA
"Want","NP","Want",4,"name","Proper noun, singular",NA,NA
"to","TO","to",2,"to","to",NA,NA
"hack","VV","hack",4,"verb","Verb, base form",NA,NA
"on","IN","on",2,"preposition","Preposition or subordinating conjunction",NA,NA
"the","DT","the",3,"determiner","Determiner",NA,NA
"Trump","NP","Trump",5,"name","Proper noun, singular",NA,NA
"Filter","NP","Filter",6,"name","Proper noun, singular",NA,NA
"Sweet","NP","Sweet",5,"name","Proper noun, singular",NA,NA
"Here","RB","here",4,"adverb","Adverb",NA,NA
"s","VVZ","<unknown>",1,"verb","Verb, 3rd person singular present",NA,NA
"a","DT","a",1,"determiner","Determiner",NA,NA
"howto","NN","<unknown>",5,"noun","Noun, singular or mass",NA,NA
"to","TO","to",2,"to","to",NA,NA
"get","VV","get",3,"verb","Verb, base form",NA,NA
"the","DT","the",3,"determiner","Determiner",NA,NA
"source","NN","source",6,"noun","Noun, singular or mass",NA,NA
"of","IN","of",2,"preposition","Preposition or subordinating conjunction",NA,NA
"the","DT","the",3,"determiner","Determiner",NA,NA
"Chrome","NP","<unknown>",6,"name","Proper noun, singular",NA,NA
"Extension","NP","Extension",9,"name","Proper noun, singular",NA,NA
"running","VVG","run",7,"verb","Verb, gerund or present participle",NA,NA
"in","IN","in",2,"preposition","Preposition or subordinating conjunction",NA,NA
"your","PP$","your",4,"pronoun","Possessive pronoun",NA,NA
"environment","NN","environment",11,"noun","Noun, singular or mass",NA,NA
".","SENT",".",1,"fullstop","Sentence ending punctuation",NA,NA
"Grab","VV","grab",4,"verb","Verb, base form",NA,NA
"latest","JJS","late",6,"adjective","Adjective, superlative",NA,NA
"source","NN","source",6,"noun","Noun, singular or mass",NA,NA
"pre","NN","<unknown>",3,"noun","Noun, singular or mass",NA,NA
"git","NN","git",3,"noun","Noun, singular or mass",NA,NA
"clone","NN","clone",5,"noun","Noun, singular or mass",NA,NA
"pre","NN","<unknown>",3,"noun","Noun, singular or mass",NA,NA
"Enable","NP","<unknown>",6,"name","Proper noun, singular",NA,NA
"Chrome","NP","<unknown>",6,"name","Proper noun, singular",NA,NA
"Extension","NP","Extension",9,"name","Proper noun, singular",NA,NA
"in","IN","in",2,"preposition","Preposition or subordinating conjunction",NA,NA
"your","PP$","your",4,"pronoun","Possessive pronoun",NA,NA
"Chrome","NN","chrome",6,"noun","Noun, singular or mass",NA,NA
"install","VV","install",7,"verb","Verb, base form",NA,NA
"pre","NP","Pre",3,"name","Proper noun, singular",NA,NA
"Open","NP","Open",4,"name","Proper noun, singular",NA,NA
"Chrome","NP","<unknown>",6,"name","Proper noun, singular",NA,NA
".","SENT",".",1,"fullstop","Sentence ending punctuation",NA,NA
"Navigate","VV","navigate",8,"verb","Verb, base form",NA,NA
"to","TO","to",2,"to","to",NA,NA
"Settings","NP","<unknown>",8,"name","Proper noun, singular",NA,NA
"...",":","...",3,"punctuation","Punctuation",NA,NA
"Tools","NP","Tools",5,"name","Proper noun, singular",NA,NA
"...",":","...",3,"punctuation","Punctuation",NA,NA
"Extensions","NNS","extension",10,"noun","Noun, plural",NA,NA
".","SENT",".",1,"fullstop","Sentence ending punctuation",NA,NA
"Click","NN","click",5,"noun","Noun, singular or mass",NA,NA
"on","IN","on",2,"preposition","Preposition or subordinating conjunction",NA,NA
"Developer","NN","developer",9,"noun","Noun, singular or mass",NA,NA
"mode","NN","mode",4,"noun","Noun, singular or mass",NA,NA
"Click","NP","Click",5,"name","Proper noun, singular",NA,NA
"Load","NP","<unknown>",4,"name","Proper noun, singular",NA,NA
"unpacked","VVD","unpack",8,"verb","Verb, past tense",NA,NA
"extensions","NNS","extension",10,"noun","Noun, plural",NA,NA
"...",":","...",3,"punctuation","Punctuation",NA,NA
"Navigate","NN","<unknown>",8,"noun","Noun, singular or mass",NA,NA
"to","TO","to",2,"to","to",NA,NA
"directory","NN","directory",9,"noun","Noun, singular or mass",NA,NA
"you","PP","you",3,"pronoun","Personal pronoun",NA,NA
"installed","VVD","install",9,"verb","Verb, past tense",NA,NA
"Trump","NP","Trump",5,"name","Proper noun, singular",NA,NA
"Filter","NP","Filter",6,"name","Proper noun, singular",NA,NA
"and","CC","and",3,"conjunction","Coordinating conjunction",NA,NA
"click","VV","click",5,"verb","Verb, base form",NA,NA
"Open","JJ","open",4,"adjective","Adjective",NA,NA
".","SENT",".",1,"fullstop","Sentence ending punctuation",NA,NA
"Chuckle","NN","chuckle",7,"noun","Noun, singular or mass",NA,NA
"to","TO","to",2,"to","to",NA,NA
"self","NN","self",4,"noun","Noun, singular or mass",NA,NA
"as","IN","as",2,"preposition","Preposition or subordinating conjunction",NA,NA
"you","PP","you",3,"pronoun","Personal pronoun",NA,NA
"reload","VVP","<unknown>",6,"verb","Verb, non-3rd person singular present",NA,NA
"this","DT","this",4,"determiner","Determiner",NA,NA
"page","NN","page",4,"noun","Noun, singular or mass",NA,NA
"and","CC","and",3,"conjunction","Coordinating conjunction",NA,NA
"significant","JJ","significant",11,"adjective","Adjective",NA,NA
"chunks","NNS","chunk",6,"noun","Noun, plural",NA,NA
"of","IN","of",2,"preposition","Preposition or subordinating conjunction",NA,NA
"it","PP","it",2,"pronoun","Personal pronoun",NA,NA
"suddenly","RB","suddenly",8,"adverb","Adverb",NA,NA
"disappear","VVP","disappear",9,"verb","Verb, non-3rd person singular present",NA,NA
".","SENT",".",1,"fullstop","Sentence ending punctuation",NA,NA
"pre","NNS","<unknown>",3,"noun","Noun, plural",NA,NA
"Make","VVP","make",4,"verb","Verb, non-3rd person singular present",NA,NA
"the","DT","the",3,"determiner","Determiner",NA,NA
"world","NN","world",5,"noun","Noun, singular or mass",NA,NA
"a","DT","a",1,"determiner","Determiner",NA,NA
"safer","JJR","safe",5,"adjective","Adjective, comparative",NA,NA
"place","NN","place",5,"noun","Noun, singular or mass",NA,NA
".","SENT",".",1,"fullstop","Sentence ending punctuation",NA,NA
"Meta","NP","Meta",4,"name","Proper noun, singular",NA,NA
"Created","NP","<unknown>",7,"name","Proper noun, singular",NA,NA
"by","IN","by",2,"preposition","Preposition or subordinating conjunction",NA,NA
"Rob","NP","Rob",3,"name","Proper noun, singular",NA,NA
"Spectre","NP","<unknown>",7,"name","Proper noun, singular",NA,NA
"This","DT","this",4,"determiner","Determiner",NA,NA
"work","NN","work",4,"noun","Noun, singular or mass",NA,NA
"is","VBZ","be",2,"verb","Verb, 3rd person singular present of ""to be""",NA,NA
"licensed","VVN","license",8,"verb","Verb, past participle",NA,NA
"under","IN","under",5,"preposition","Preposition or subordinating conjunction",NA,NA
"GPLv","NP","<unknown>",4,"name","Proper noun, singular",NA,NA
".","SENT",".",1,"fullstop","Sentence ending punctuation",NA,NA
"Lovingly","RB","lovingly",8,"adverb","Adverb",NA,NA
"crafted","VVN","craft",7,"verb","Verb, past participle",NA,NA
"in","IN","in",2,"preposition","Preposition or subordinating conjunction",NA,NA
"Brooklyn","NP","Brooklyn",8,"name","Proper noun, singular",NA,NA
",",",",",",1,"comma","Comma",NA,NA
"NY","NP","NY",2,"name","Proper noun, singular",NA,NA
".","SENT",".",1,"fullstop","Sentence ending punctuation",NA,NA
