"token","tag","lemma","lttr","wclass","desc","stop","stem"
"cafofalizador","NN","<unknown>",13,"noun","Noun, singular or mass",NA,NA
"Real","NP","Real",4,"name","Proper noun, singular",NA,NA
"Estate","NP","Estate",6,"name","Proper noun, singular",NA,NA
"search","NN","search",6,"noun","Noun, singular or mass",NA,NA
"engine","NN","engine",6,"noun","Noun, singular or mass",NA,NA
"in","IN","in",2,"preposition","Preposition or subordinating conjunction",NA,NA
"a","DT","a",1,"determiner","Determiner",NA,NA
"single","JJ","single",6,"adjective","Adjective",NA,NA
"page","NN","page",4,"noun","Noun, singular or mass",NA,NA
"fashion","NN","fashion",7,"noun","Noun, singular or mass",NA,NA
