"token","tag","lemma","lttr","wclass","desc","stop","stem"
"realestate","VV","realestate",10,"verb","Verb, base form",NA,NA
"Real","NP","Real",4,"name","Proper noun, singular",NA,NA
"Estate","NP","Estate",6,"name","Proper noun, singular",NA,NA
"Service","NP","Service",7,"name","Proper noun, singular",NA,NA
"using","VVG","use",5,"verb","Verb, gerund or present participle",NA,NA
"Asp","NP","Asp",3,"name","Proper noun, singular",NA,NA
".","SENT",".",1,"fullstop","Sentence ending punctuation",NA,NA
"net","JJ","net",3,"adjective","Adjective",NA,NA
"core","NN","core",4,"noun","Noun, singular or mass",NA,NA
