"token","tag","lemma","lttr","wclass","desc","stop","stem"
"Funda","NP","<unknown>",5,"name","Proper noun, singular",NA,NA
".","SENT",".",1,"fullstop","Sentence ending punctuation",NA,NA
"Assignment","NN","assignment",10,"noun","Noun, singular or mass",NA,NA
"Top","JJ","top",3,"adjective","Adjective",NA,NA
"sellers","NNS","seller",7,"noun","Noun, plural",NA,NA
"of","IN","of",2,"preposition","Preposition or subordinating conjunction",NA,NA
"real","JJ","real",4,"adjective","Adjective",NA,NA
"estate","NN","estate",6,"noun","Noun, singular or mass",NA,NA
