"token","tag","lemma","lttr","wclass","desc","stop","stem"
"DSA","NP","DSA",3,"name","Proper noun, singular",NA,NA
"Assignment","NP","<unknown>",10,"name","Proper noun, singular",NA,NA
"Solution","NP","<unknown>",8,"name","Proper noun, singular",NA,NA
"for","IN","for",3,"preposition","Preposition or subordinating conjunction",NA,NA
"the","DT","the",3,"determiner","Determiner",NA,NA
"Real","JJ","real",4,"adjective","Adjective",NA,NA
"Estate","NP","Estate",6,"name","Proper noun, singular",NA,NA
"company","NN","company",7,"noun","Noun, singular or mass",NA,NA
