"token","tag","lemma","lttr","wclass","desc","stop","stem"
"convert","NN","convert",7,"noun","Noun, singular or mass",NA,NA
"py","NNS","<unknown>",2,"noun","Noun, plural",NA,NA
"change","VVP","change",6,"verb","Verb, non-3rd person singular present",NA,NA
"square","JJ","square",6,"adjective","Adjective",NA,NA
"meter","NN","meter",5,"noun","Noun, singular or mass",NA,NA
"to","TO","to",2,"to","to",NA,NA
"py","JJ","<unknown>",2,"adjective","Adjective",NA,NA
"real","JJ","real",4,"adjective","Adjective",NA,NA
"estate","NN","estate",6,"noun","Noun, singular or mass",NA,NA
".","SENT",".",1,"fullstop","Sentence ending punctuation",NA,NA
