"token","tag","lemma","lttr","wclass","desc","stop","stem"
"MadinahRealEstate","NP","<unknown>",17,"name","Proper noun, singular",NA,NA
"A","DT","a",1,"determiner","Determiner",NA,NA
"real","JJ","real",4,"adjective","Adjective",NA,NA
"estate","NN","estate",6,"noun","Noun, singular or mass",NA,NA
"property","NN","property",8,"noun","Noun, singular or mass",NA,NA
"listing","VVG","list",7,"verb","Verb, gerund or present participle",NA,NA
"android","JJ","android",7,"adjective","Adjective",NA,NA
"application","NN","application",11,"noun","Noun, singular or mass",NA,NA
