"token","tag","lemma","lttr","wclass","desc","stop","stem"
"REcardo","NP","<unknown>",7,"name","Proper noun, singular",NA,NA
"Automatic","NP","Automatic",9,"name","Proper noun, singular",NA,NA
"Real","NP","Real",4,"name","Proper noun, singular",NA,NA
"Estate","NP","Estate",6,"name","Proper noun, singular",NA,NA
"meta","NN","<unknown>",4,"noun","Noun, singular or mass",NA,NA
"data","NNS","datum",4,"noun","Noun, plural",NA,NA
"for","IN","for",3,"preposition","Preposition or subordinating conjunction",NA,NA
"Trello","NP","<unknown>",6,"name","Proper noun, singular",NA,NA
"cards","NNS","card",5,"noun","Noun, plural",NA,NA
