"token","tag","lemma","lttr","wclass","desc","stop","stem"
"SOCIETE","NP","Societe",7,"name","Proper noun, singular",NA,NA
"Real","NP","Real",4,"name","Proper noun, singular",NA,NA
"estate","NN","estate",6,"noun","Noun, singular or mass",NA,NA
"application","NN","application",11,"noun","Noun, singular or mass",NA,NA
"for","IN","for",3,"preposition","Preposition or subordinating conjunction",NA,NA
"Literati","NP","<unknown>",8,"name","Proper noun, singular",NA,NA
"Group","NP","Group",5,"name","Proper noun, singular",NA,NA
"Housing","NP","Housing",7,"name","Proper noun, singular",NA,NA
"Build","NP","<unknown>",5,"name","Proper noun, singular",NA,NA
"Status","NP","<unknown>",6,"name","Proper noun, singular",NA,NA
