"token","tag","lemma","lttr","wclass","desc","stop","stem"
"cs","NNS","<unknown>",2,"noun","Noun, plural",NA,NA
"project","VVP","project",7,"verb","Verb, non-3rd person singular present",NA,NA
"Stack","NP","Stack",5,"name","Proper noun, singular",NA,NA
"and","CC","and",3,"conjunction","Coordinating conjunction",NA,NA
"Queue","NP","<unknown>",5,"name","Proper noun, singular",NA,NA
"Real","NP","Real",4,"name","Proper noun, singular",NA,NA
"Estate","NP","Estate",6,"name","Proper noun, singular",NA,NA
"Application","NP","Application",11,"name","Proper noun, singular",NA,NA
"Welcome","NP","Welcome",7,"name","Proper noun, singular",NA,NA
".","SENT",".",1,"fullstop","Sentence ending punctuation",NA,NA
