"token","tag","lemma","lttr","wclass","desc","stop","stem"
"Property","NP","Property",8,"name","Proper noun, singular",NA,NA
"Search","NP","Search",6,"name","Proper noun, singular",NA,NA
"Web","NP","Web",3,"name","Proper noun, singular",NA,NA
"App","NP","App",3,"name","Proper noun, singular",NA,NA
"Real","NP","Real",4,"name","Proper noun, singular",NA,NA
"Estate","NP","Estate",6,"name","Proper noun, singular",NA,NA
"Search","NP","Search",6,"name","Proper noun, singular",NA,NA
"Application","NP","Application",11,"name","Proper noun, singular",NA,NA
