"token","tag","lemma","lttr","wclass","desc","stop","stem"
"Realestate","VV","realestate",10,"verb","Verb, base form",NA,NA
"Template","NP","<unknown>",8,"name","Proper noun, singular",NA,NA
"HTML","NP","<unknown>",4,"name","Proper noun, singular",NA,NA
"template","NN","template",8,"noun","Noun, singular or mass",NA,NA
"for","IN","for",3,"preposition","Preposition or subordinating conjunction",NA,NA
"Real","NP","Real",4,"name","Proper noun, singular",NA,NA
"Estate","NP","Estate",6,"name","Proper noun, singular",NA,NA
"project","NN","project",7,"noun","Noun, singular or mass",NA,NA
