"token","tag","lemma","lttr","wclass","desc","stop","stem"
"immocheck","JJ","<unknown>",9,"adjective","Adjective",NA,NA
"Automated","JJ","automated",9,"adjective","Adjective",NA,NA
"rating","NN","rating",6,"noun","Noun, singular or mass",NA,NA
"of","IN","of",2,"preposition","Preposition or subordinating conjunction",NA,NA
"german","JJ","german",6,"adjective","Adjective",NA,NA
"real","JJ","real",4,"adjective","Adjective",NA,NA
"estate","NN","estate",6,"noun","Noun, singular or mass",NA,NA
"objects","NNS","object",7,"noun","Noun, plural",NA,NA
