"token","tag","lemma","lttr","wclass","desc","stop","stem"
"Pretty","RB","pretty",6,"adverb","Adverb",NA,NA
"Slideshow","NP","<unknown>",9,"name","Proper noun, singular",NA,NA
"Real","NP","Real",4,"name","Proper noun, singular",NA,NA
"Estate","NP","Estate",6,"name","Proper noun, singular",NA,NA
"Slideshows","NP","<unknown>",10,"name","Proper noun, singular",NA,NA
"Done","NP","Done",4,"name","Proper noun, singular",NA,NA
"Better","NP","<unknown>",6,"name","Proper noun, singular",NA,NA
"by","IN","by",2,"preposition","Preposition or subordinating conjunction",NA,NA
"Ian","NP","Ian",3,"name","Proper noun, singular",NA,NA
"Seabock","NP","<unknown>",7,"name","Proper noun, singular",NA,NA
