"token","tag","lemma","lttr","wclass","desc","stop","stem"
"README","NP","<unknown>",6,"name","Proper noun, singular",NA,NA
"App","NP","App",3,"name","Proper noun, singular",NA,NA
"that","WDT","that",4,"determiner","Wh-determiner",NA,NA
"manages","VVZ","manage",7,"verb","Verb, 3rd person singular present",NA,NA
"properties","NNS","property",10,"noun","Noun, plural",NA,NA
"for","IN","for",3,"preposition","Preposition or subordinating conjunction",NA,NA
"a","DT","a",1,"determiner","Determiner",NA,NA
"real","JJ","real",4,"adjective","Adjective",NA,NA
"estate","NN","estate",6,"noun","Noun, singular or mass",NA,NA
"company","NN","company",7,"noun","Noun, singular or mass",NA,NA
".","SENT",".",1,"fullstop","Sentence ending punctuation",NA,NA
