"token","tag","lemma","lttr","wclass","desc","stop","stem"
"property","NN","property",8,"noun","Noun, singular or mass",NA,NA
"A","DT","a",1,"determiner","Determiner",NA,NA
"Drupal","JJ","<unknown>",6,"adjective","Adjective",NA,NA
"feature","NN","feature",7,"noun","Noun, singular or mass",NA,NA
"for","IN","for",3,"preposition","Preposition or subordinating conjunction",NA,NA
"managing","VVG","manage",8,"verb","Verb, gerund or present participle",NA,NA
"real","JJ","real",4,"adjective","Adjective",NA,NA
"estate","NN","estate",6,"noun","Noun, singular or mass",NA,NA
".","SENT",".",1,"fullstop","Sentence ending punctuation",NA,NA
