"token","tag","lemma","lttr","wclass","desc","stop","stem"
"property","NN","property",8,"noun","Noun, singular or mass",NA,NA
"data","NNS","datum",4,"noun","Noun, plural",NA,NA
"Basic","JJ","basic",5,"adjective","Adjective",NA,NA
"data","NNS","datum",4,"noun","Noun, plural",NA,NA
"about","IN","about",5,"preposition","Preposition or subordinating conjunction",NA,NA
"real","JJ","real",4,"adjective","Adjective",NA,NA
"estate","NN","estate",6,"noun","Noun, singular or mass",NA,NA
"parcels","NNS","parcel",7,"noun","Noun, plural",NA,NA
".","SENT",".",1,"fullstop","Sentence ending punctuation",NA,NA
