"token","tag","lemma","lttr","wclass","desc","stop","stem"
"squid","NN","squid",5,"noun","Noun, singular or mass",NA,NA
"house","NN","house",5,"noun","Noun, singular or mass",NA,NA
"Real","NP","Real",4,"name","Proper noun, singular",NA,NA
"Estate","NP","Estate",6,"name","Proper noun, singular",NA,NA
",",",",",",1,"comma","Comma",NA,NA
"Automated","VVN","automate",9,"verb","Verb, past participle",NA,NA
"Benchmarking","NP","<unknown>",12,"name","Proper noun, singular",NA,NA
",",",",",",1,"comma","Comma",NA,NA
"and","CC","and",3,"conjunction","Coordinating conjunction",NA,NA
"Co","NP","Co",2,"name","Proper noun, singular",NA,NA
"Housing","NP","Housing",7,"name","Proper noun, singular",NA,NA
"Apps","NP","<unknown>",4,"name","Proper noun, singular",NA,NA
