"token","tag","lemma","lttr","wclass","desc","stop","stem"
"creo","NP","<unknown>",4,"name","Proper noun, singular",NA,NA
"Oracle","NP","Oracle",6,"name","Proper noun, singular",NA,NA
"Apex","NP","<unknown>",4,"name","Proper noun, singular",NA,NA
"project","NN","project",7,"noun","Noun, singular or mass",NA,NA
"for","IN","for",3,"preposition","Preposition or subordinating conjunction",NA,NA
"Campus","NP","Campus",6,"name","Proper noun, singular",NA,NA
"Real","NP","Real",4,"name","Proper noun, singular",NA,NA
"Estate","NP","Estate",6,"name","Proper noun, singular",NA,NA
"Office","NP","Office",6,"name","Proper noun, singular",NA,NA
