"token","tag","lemma","lttr","wclass","desc","stop","stem"
"housezap","NN","<unknown>",8,"noun","Noun, singular or mass",NA,NA
"Easy","JJ","easy",4,"adjective","Adjective",NA,NA
"way","NN","way",3,"noun","Noun, singular or mass",NA,NA
"to","TO","to",2,"to","to",NA,NA
"browse","VV","browse",6,"verb","Verb, base form",NA,NA
"real","JJ","real",4,"adjective","Adjective",NA,NA
"estate","NN","estate",6,"noun","Noun, singular or mass",NA,NA
"listings","NNS","listing",8,"noun","Noun, plural",NA,NA
