"token","tag","lemma","lttr","wclass","desc","stop","stem"
"blog","NN","<unknown>",4,"noun","Noun, singular or mass",NA,NA
"homes","NNS","home",5,"noun","Noun, plural",NA,NA
"Blog","NP","<unknown>",4,"name","Proper noun, singular",NA,NA
"of","IN","of",2,"preposition","Preposition or subordinating conjunction",NA,NA
"my","PP$","my",2,"pronoun","Possessive pronoun",NA,NA
"Work","NN","work",4,"noun","Noun, singular or mass",NA,NA
"in","IN","in",2,"preposition","Preposition or subordinating conjunction",NA,NA
"Real","NP","Real",4,"name","Proper noun, singular",NA,NA
"Estate","NP","Estate",6,"name","Proper noun, singular",NA,NA
