"token","tag","lemma","lttr","wclass","desc","stop","stem"
"Immoscraper","NP","<unknown>",11,"name","Proper noun, singular",NA,NA
"Web","NP","Web",3,"name","Proper noun, singular",NA,NA
"scraping","VVG","scrape",8,"verb","Verb, gerund or present participle",NA,NA
"tool","NN","tool",4,"noun","Noun, singular or mass",NA,NA
"for","IN","for",3,"preposition","Preposition or subordinating conjunction",NA,NA
"Real","NP","Real",4,"name","Proper noun, singular",NA,NA
"Estate","NP","Estate",6,"name","Proper noun, singular",NA,NA
"market","NN","market",6,"noun","Noun, singular or mass",NA,NA
"analysis","NN","analysis",8,"noun","Noun, singular or mass",NA,NA
