"token","tag","lemma","lttr","wclass","desc","stop","stem"
"moshe","NP","Moshe",5,"name","Proper noun, singular",NA,NA
"Moshe","NP","Moshe",5,"name","Proper noun, singular",NA,NA
"is","VBZ","be",2,"verb","Verb, 3rd person singular present of ""to be""",NA,NA
"a","DT","a",1,"determiner","Determiner",NA,NA
"system","NN","system",6,"noun","Noun, singular or mass",NA,NA
"focused","VVN","focus",7,"verb","Verb, past participle",NA,NA
"on","IN","on",2,"preposition","Preposition or subordinating conjunction",NA,NA
"real","JJ","real",4,"adjective","Adjective",NA,NA
"estate","NN","estate",6,"noun","Noun, singular or mass",NA,NA
"management","NN","management",10,"noun","Noun, singular or mass",NA,NA
".","SENT",".",1,"fullstop","Sentence ending punctuation",NA,NA
