"token","tag","lemma","lttr","wclass","desc","stop","stem"
"uswap","NN","<unknown>",5,"noun","Noun, singular or mass",NA,NA
"map","VVP","map",3,"verb","Verb, non-3rd person singular present",NA,NA
"A","DT","a",1,"determiner","Determiner",NA,NA
"real","JJ","real",4,"adjective","Adjective",NA,NA
"estate","NN","estate",6,"noun","Noun, singular or mass",NA,NA
"map","NN","map",3,"noun","Noun, singular or mass",NA,NA
"display","NN","display",7,"noun","Noun, singular or mass",NA,NA
"for","IN","for",3,"preposition","Preposition or subordinating conjunction",NA,NA
"U","NP","U",1,"name","Proper noun, singular",NA,NA
"Swap","NN","swap",4,"noun","Noun, singular or mass",NA,NA
