"token","tag","lemma","lttr","wclass","desc","stop","stem"
"teb","NP","<unknown>",3,"name","Proper noun, singular",NA,NA
"TEB","NP","<unknown>",3,"name","Proper noun, singular",NA,NA
"Sourcecode","NP","<unknown>",10,"name","Proper noun, singular",NA,NA
"Responsive","NP","<unknown>",10,"name","Proper noun, singular",NA,NA
"real","JJ","real",4,"adjective","Adjective",NA,NA
"estate","NN","estate",6,"noun","Noun, singular or mass",NA,NA
"site","NN","site",4,"noun","Noun, singular or mass",NA,NA
"built","VVN","build",5,"verb","Verb, past participle",NA,NA
"on","IN","on",2,"preposition","Preposition or subordinating conjunction",NA,NA
"foundation","NN","foundation",10,"noun","Noun, singular or mass",NA,NA
".","SENT",".",1,"fullstop","Sentence ending punctuation",NA,NA
