"token","tag","lemma","lttr","wclass","desc","stop","stem"
"RETIncremental","NP","<unknown>",14,"name","Proper noun, singular",NA,NA
".","SENT",".",1,"fullstop","Sentence ending punctuation",NA,NA
"github","NN","<unknown>",6,"noun","Noun, singular or mass",NA,NA
".","SENT",".",1,"fullstop","Sentence ending punctuation",NA,NA
"io","NP","Io",2,"name","Proper noun, singular",NA,NA
"Real","NP","Real",4,"name","Proper noun, singular",NA,NA
"Estate","NP","Estate",6,"name","Proper noun, singular",NA,NA
"Tycoon","NP","<unknown>",6,"name","Proper noun, singular",NA,NA
":","SENT",":",1,"fullstop","Sentence ending punctuation",NA,NA
"Incremental","JJ","incremental",11,"adjective","Adjective",NA,NA
"Website","NN","website",7,"noun","Noun, singular or mass",NA,NA
