"token","tag","lemma","lttr","wclass","desc","stop","stem"
"listing","VVG","list",7,"verb","Verb, gerund or present participle",NA,NA
"filter","NN","filter",6,"noun","Noun, singular or mass",NA,NA
"An","DT","an",2,"determiner","Determiner",NA,NA
"API","NP","API",3,"name","Proper noun, singular",NA,NA
"endpoint","NN","endpoint",8,"noun","Noun, singular or mass",NA,NA
"for","IN","for",3,"preposition","Preposition or subordinating conjunction",NA,NA
"filtering","VVG","filter",9,"verb","Verb, gerund or present participle",NA,NA
"real","JJ","real",4,"adjective","Adjective",NA,NA
"estate","NN","estate",6,"noun","Noun, singular or mass",NA,NA
"listings","NNS","listing",8,"noun","Noun, plural",NA,NA
".","SENT",".",1,"fullstop","Sentence ending punctuation",NA,NA
