"token","tag","lemma","lttr","wclass","desc","stop","stem"
"immo","NN","<unknown>",4,"noun","Noun, singular or mass",NA,NA
"A","DT","a",1,"determiner","Determiner",NA,NA
"quick","JJ","quick",5,"adjective","Adjective",NA,NA
"crawler","NN","crawler",7,"noun","Noun, singular or mass",NA,NA
"for","IN","for",3,"preposition","Preposition or subordinating conjunction",NA,NA
"LeBonCoin","NP","<unknown>",9,"name","Proper noun, singular",NA,NA
"real","JJ","real",4,"adjective","Adjective",NA,NA
"estate","NN","estate",6,"noun","Noun, singular or mass",NA,NA
"ads","NNS","ad",3,"noun","Noun, plural",NA,NA
".","SENT",".",1,"fullstop","Sentence ending punctuation",NA,NA
