"token","tag","lemma","lttr","wclass","desc","stop","stem"
"Fregat","NP","<unknown>",6,"name","Proper noun, singular",NA,NA
"My","NP","My",2,"name","Proper noun, singular",NA,NA
"first","JJ","first",5,"adjective","Adjective",NA,NA
"project","NN","project",7,"noun","Noun, singular or mass",NA,NA
"Site","NN","site",4,"noun","Noun, singular or mass",NA,NA
"of","IN","of",2,"preposition","Preposition or subordinating conjunction",NA,NA
"Real","NP","Real",4,"name","Proper noun, singular",NA,NA
"Estate","NP","Estate",6,"name","Proper noun, singular",NA,NA
"Acency","NP","<unknown>",6,"name","Proper noun, singular",NA,NA
"Fregat","NP","<unknown>",6,"name","Proper noun, singular",NA,NA
