"token","tag","lemma","lttr","wclass","desc","stop","stem"
"nyhomes","NNS","<unknown>",7,"noun","Noun, plural",NA,NA
"Repo","NN","Repo",4,"noun","Noun, singular or mass",NA,NA
"for","IN","for",3,"preposition","Preposition or subordinating conjunction",NA,NA
"real","JJ","real",4,"adjective","Adjective",NA,NA
"estate","NN","estate",6,"noun","Noun, singular or mass",NA,NA
"driven","VVN","drive",6,"verb","Verb, past participle",NA,NA
"data","NNS","datum",4,"noun","Noun, plural",NA,NA
"and","CC","and",3,"conjunction","Coordinating conjunction",NA,NA
"coding","VVG","code",6,"verb","Verb, gerund or present participle",NA,NA
".","SENT",".",1,"fullstop","Sentence ending punctuation",NA,NA
