"token","tag","lemma","lttr","wclass","desc","stop","stem"
"vinhomespress","NN","<unknown>",13,"noun","Noun, singular or mass",NA,NA
"web","NN","web",3,"noun","Noun, singular or mass",NA,NA
"news","NN","news",4,"noun","Noun, singular or mass",NA,NA
"vinhomes","VVZ","<unknown>",8,"verb","Verb, 3rd person singular present",NA,NA
"a","DT","a",1,"determiner","Determiner",NA,NA
"real","JJ","real",4,"adjective","Adjective",NA,NA
"estate","NN","estate",6,"noun","Noun, singular or mass",NA,NA
"agency","NN","agency",6,"noun","Noun, singular or mass",NA,NA
