"token","tag","lemma","lttr","wclass","desc","stop","stem"
"real","JJ","real",4,"adjective","Adjective",NA,NA
"estate","NN","estate",6,"noun","Noun, singular or mass",NA,NA
"Andrea","NP","Andrea",6,"name","Proper noun, singular",NA,NA
"s","JJ","<unknown>",1,"adjective","Adjective",NA,NA
"real","JJ","real",4,"adjective","Adjective",NA,NA
"estate","NN","estate",6,"noun","Noun, singular or mass",NA,NA
"insight","NN","insight",7,"noun","Noun, singular or mass",NA,NA
"page","NN","page",4,"noun","Noun, singular or mass",NA,NA
"Andrea","NP","Andrea",6,"name","Proper noun, singular",NA,NA
"Salad","NP","<unknown>",5,"name","Proper noun, singular",NA,NA
"Real","NP","Real",4,"name","Proper noun, singular",NA,NA
"Estate","NP","Estate",6,"name","Proper noun, singular",NA,NA
"Create","NP","<unknown>",6,"name","Proper noun, singular",NA,NA
"a","DT","a",1,"determiner","Determiner",NA,NA
"dynamic","JJ","dynamic",7,"adjective","Adjective",NA,NA
"page","NN","page",4,"noun","Noun, singular or mass",NA,NA
"using","VVG","use",5,"verb","Verb, gerund or present participle",NA,NA
"Zillow","NP","<unknown>",6,"name","Proper noun, singular",NA,NA
"API","NP","API",3,"name","Proper noun, singular",NA,NA
"that","WDT","that",4,"determiner","Wh-determiner",NA,NA
"will","MD","will",4,"modal","Modal",NA,NA
"give","VV","give",4,"verb","Verb, base form",NA,NA
"real","JJ","real",4,"adjective","Adjective",NA,NA
"estate","NN","estate",6,"noun","Noun, singular or mass",NA,NA
"market","NN","market",6,"noun","Noun, singular or mass",NA,NA
"research","NN","research",8,"noun","Noun, singular or mass",NA,NA
"on","IN","on",2,"preposition","Preposition or subordinating conjunction",NA,NA
"neighborhoods","NNS","neighborhood",13,"noun","Noun, plural",NA,NA
"that","IN/that","that",4,"preposition","Preposition or subordinating conjunction",NA,NA
"clients","NNS","client",7,"noun","Noun, plural",NA,NA
"are","VBP","be",3,"verb","Verb, non-3rd person singular present of ""to be""",NA,NA
"interested","JJ","interested",10,"adjective","Adjective",NA,NA
"in","IN","in",2,"preposition","Preposition or subordinating conjunction",NA,NA
".","SENT",".",1,"fullstop","Sentence ending punctuation",NA,NA
