"token","tag","lemma","lttr","wclass","desc","stop","stem"
"BiddingWars","NP","<unknown>",11,"name","Proper noun, singular",NA,NA
"Simple","NP","<unknown>",6,"name","Proper noun, singular",NA,NA
"real","JJ","real",4,"adjective","Adjective",NA,NA
"estate","NN","estate",6,"noun","Noun, singular or mass",NA,NA
"auction","NN","auction",7,"noun","Noun, singular or mass",NA,NA
"implementation","NN","implementation",14,"noun","Noun, singular or mass",NA,NA
"in","IN","in",2,"preposition","Preposition or subordinating conjunction",NA,NA
"Solidity","NP","<unknown>",8,"name","Proper noun, singular",NA,NA
