"token","tag","lemma","lttr","wclass","desc","stop","stem"
"realestate","VV","realestate",10,"verb","Verb, base form",NA,NA
"Real","NP","Real",4,"name","Proper noun, singular",NA,NA
"Estate","NP","Estate",6,"name","Proper noun, singular",NA,NA
"management","NN","management",10,"noun","Noun, singular or mass",NA,NA
"project","NN","project",7,"noun","Noun, singular or mass",NA,NA
"in","IN","in",2,"preposition","Preposition or subordinating conjunction",NA,NA
"Python","NP","<unknown>",6,"name","Proper noun, singular",NA,NA
"and","CC","and",3,"conjunction","Coordinating conjunction",NA,NA
"Django","NP","Django",6,"name","Proper noun, singular",NA,NA
"alt","JJ","alt",3,"adjective","Adjective",NA,NA
"tag","NN","tag",3,"noun","Noun, singular or mass",NA,NA
