"token","tag","lemma","lttr","wclass","desc","stop","stem"
"SondraSite","NP","<unknown>",10,"name","Proper noun, singular",NA,NA
"Sondra","NP","Sondra",6,"name","Proper noun, singular",NA,NA
"and","CC","and",3,"conjunction","Coordinating conjunction",NA,NA
"Pam","NP","Pam",3,"name","Proper noun, singular",NA,NA
"s","JJ","<unknown>",1,"adjective","Adjective",NA,NA
"real","JJ","real",4,"adjective","Adjective",NA,NA
"estate","NN","estate",6,"noun","Noun, singular or mass",NA,NA
"site","NN","site",4,"noun","Noun, singular or mass",NA,NA
