"token","tag","lemma","lttr","wclass","desc","stop","stem"
"proty","NN","<unknown>",5,"noun","Noun, singular or mass",NA,NA
"x","SYM","x",1,"symbol","Symbol",NA,NA
"Proty","JJ","<unknown>",5,"adjective","Adjective",NA,NA
"x","NN","x",1,"noun","Noun, singular or mass",NA,NA
"is","VBZ","be",2,"verb","Verb, 3rd person singular present of ""to be""",NA,NA
"a","DT","a",1,"determiner","Determiner",NA,NA
"crowdfunding","NN","<unknown>",12,"noun","Noun, singular or mass",NA,NA
"for","IN","for",3,"preposition","Preposition or subordinating conjunction",NA,NA
"real","JJ","real",4,"adjective","Adjective",NA,NA
"estate","NN","estate",6,"noun","Noun, singular or mass",NA,NA
