"token","tag","lemma","lttr","wclass","desc","stop","stem"
"hacienda","NN","hacienda",8,"noun","Noun, singular or mass",NA,NA
"Project","NN","project",7,"noun","Noun, singular or mass",NA,NA
"for","IN","for",3,"preposition","Preposition or subordinating conjunction",NA,NA
"scraping","VVG","scrape",8,"verb","Verb, gerund or present participle",NA,NA
"real","JJ","real",4,"adjective","Adjective",NA,NA
"estate","NN","estate",6,"noun","Noun, singular or mass",NA,NA
"info","NN","info",4,"noun","Noun, singular or mass",NA,NA
"from","IN","from",4,"preposition","Preposition or subordinating conjunction",NA,NA
"different","JJ","different",9,"adjective","Adjective",NA,NA
"sites","NNS","site",5,"noun","Noun, plural",NA,NA
