"token","tag","lemma","lttr","wclass","desc","stop","stem"
"TulipRealEstate","NP","<unknown>",15,"name","Proper noun, singular",NA,NA
"A","DT","a",1,"determiner","Determiner",NA,NA
"real","JJ","real",4,"adjective","Adjective",NA,NA
"estate","NN","estate",6,"noun","Noun, singular or mass",NA,NA
"cross","NN","cross",5,"noun","Noun, singular or mass",NA,NA
"platform","NN","platform",8,"noun","Noun, singular or mass",NA,NA
"app","NP","App",3,"name","Proper noun, singular",NA,NA
"project","NN","project",7,"noun","Noun, singular or mass",NA,NA
"called","VVD","call",6,"verb","Verb, past tense",NA,NA
"Tulip","NP","Tulip",5,"name","Proper noun, singular",NA,NA
