"token","tag","lemma","lttr","wclass","desc","stop","stem"
"averyboyceSample","NP","<unknown>",16,"name","Proper noun, singular",NA,NA
"Sample","NP","Sample",6,"name","Proper noun, singular",NA,NA
"Application","NP","Application",11,"name","Proper noun, singular",NA,NA
"for","IN","for",3,"preposition","Preposition or subordinating conjunction",NA,NA
"Real","NP","Real",4,"name","Proper noun, singular",NA,NA
"Estate","NP","Estate",6,"name","Proper noun, singular",NA,NA
"Demo","NP","Demo",4,"name","Proper noun, singular",NA,NA
"Website","NP","<unknown>",7,"name","Proper noun, singular",NA,NA
