"token","tag","lemma","lttr","wclass","desc","stop","stem"
"Ad","NN","ad",2,"noun","Noun, singular or mass",NA,NA
"scraper","NN","scraper",7,"noun","Noun, singular or mass",NA,NA
"for","IN","for",3,"preposition","Preposition or subordinating conjunction",NA,NA
"the","DT","the",3,"determiner","Determiner",NA,NA
"Estonian","JJ","Estonian",8,"adjective","Adjective",NA,NA
"real","JJ","real",4,"adjective","Adjective",NA,NA
"estate","NN","estate",6,"noun","Noun, singular or mass",NA,NA
"portal","NN","portal",6,"noun","Noun, singular or mass",NA,NA
"kv","NN","<unknown>",2,"noun","Noun, singular or mass",NA,NA
".","SENT",".",1,"fullstop","Sentence ending punctuation",NA,NA
"ee","NNS","<unknown>",2,"noun","Noun, plural",NA,NA
