"token","tag","lemma","lttr","wclass","desc","stop","stem"
"Quick","NP","Quick",5,"name","Proper noun, singular",NA,NA
"Search","NP","Search",6,"name","Proper noun, singular",NA,NA
"Search","NP","Search",6,"name","Proper noun, singular",NA,NA
"of","IN","of",2,"preposition","Preposition or subordinating conjunction",NA,NA
"Real","NP","Real",4,"name","Proper noun, singular",NA,NA
"Estate","NP","Estate",6,"name","Proper noun, singular",NA,NA
"Parameters","NP","<unknown>",10,"name","Proper noun, singular",NA,NA
"through","IN","through",7,"preposition","Preposition or subordinating conjunction",NA,NA
"FlexMLS","NP","<unknown>",7,"name","Proper noun, singular",NA,NA
"database","NN","database",8,"noun","Noun, singular or mass",NA,NA
