"token","tag","lemma","lttr","wclass","desc","stop","stem"
"primelerner","NN","<unknown>",11,"noun","Noun, singular or mass",NA,NA
"temporary","JJ","temporary",9,"adjective","Adjective",NA,NA
"landing","NN","landing",7,"noun","Noun, singular or mass",NA,NA
"page","NN","page",4,"noun","Noun, singular or mass",NA,NA
"for","IN","for",3,"preposition","Preposition or subordinating conjunction",NA,NA
"real","JJ","real",4,"adjective","Adjective",NA,NA
"estate","NN","estate",6,"noun","Noun, singular or mass",NA,NA
"website","NN","website",7,"noun","Noun, singular or mass",NA,NA
