"token","tag","lemma","lttr","wclass","desc","stop","stem"
"realEstateCo","NP","<unknown>",12,"name","Proper noun, singular",NA,NA
"Front","NP","Front",5,"name","Proper noun, singular",NA,NA
"end","NN","end",3,"noun","Noun, singular or mass",NA,NA
"code","NN","code",4,"noun","Noun, singular or mass",NA,NA
"for","IN","for",3,"preposition","Preposition or subordinating conjunction",NA,NA
"a","DT","a",1,"determiner","Determiner",NA,NA
"Real","NP","Real",4,"name","Proper noun, singular",NA,NA
"Estate","NP","Estate",6,"name","Proper noun, singular",NA,NA
"Co","NP","Co",2,"name","Proper noun, singular",NA,NA
".","SENT",".",1,"fullstop","Sentence ending punctuation",NA,NA
"Website","NN","website",7,"noun","Noun, singular or mass",NA,NA
