"token","tag","lemma","lttr","wclass","desc","stop","stem"
"realestateprofile","JJ","<unknown>",17,"adjective","Adjective",NA,NA
"Drupal","NP","<unknown>",6,"name","Proper noun, singular",NA,NA
"site","NN","site",4,"noun","Noun, singular or mass",NA,NA
"profile","NN","profile",7,"noun","Noun, singular or mass",NA,NA
"for","IN","for",3,"preposition","Preposition or subordinating conjunction",NA,NA
"real","JJ","real",4,"adjective","Adjective",NA,NA
"estate","NN","estate",6,"noun","Noun, singular or mass",NA,NA
"business","NN","business",8,"noun","Noun, singular or mass",NA,NA
