"token","tag","lemma","lttr","wclass","desc","stop","stem"
"RealEstateManager","NP","<unknown>",17,"name","Proper noun, singular",NA,NA
"An","DT","an",2,"determiner","Determiner",NA,NA
"administrative","JJ","administrative",14,"adjective","Adjective",NA,NA
"portal","NN","portal",6,"noun","Noun, singular or mass",NA,NA
"for","IN","for",3,"preposition","Preposition or subordinating conjunction",NA,NA
"managing","VVG","manage",8,"verb","Verb, gerund or present participle",NA,NA
"real","JJ","real",4,"adjective","Adjective",NA,NA
"estate","NN","estate",6,"noun","Noun, singular or mass",NA,NA
"property","NN","property",8,"noun","Noun, singular or mass",NA,NA
"listings","NNS","listing",8,"noun","Noun, plural",NA,NA
".","SENT",".",1,"fullstop","Sentence ending punctuation",NA,NA
