"token","tag","lemma","lttr","wclass","desc","stop","stem"
"leap","NN","leap",4,"noun","Noun, singular or mass",NA,NA
"realestate","NN","realestate",10,"noun","Noun, singular or mass",NA,NA
"Leap","NP","Leap",4,"name","Proper noun, singular",NA,NA
"Motion","NP","Motion",6,"name","Proper noun, singular",NA,NA
"experiments","NNS","experiment",11,"noun","Noun, plural",NA,NA
"in","IN","in",2,"preposition","Preposition or subordinating conjunction",NA,NA
"Real","NP","Real",4,"name","Proper noun, singular",NA,NA
"Estate","NP","Estate",6,"name","Proper noun, singular",NA,NA
