"token","tag","lemma","lttr","wclass","desc","stop","stem"
"immoshark","NN","<unknown>",9,"noun","Noun, singular or mass",NA,NA
"framework","NN","framework",9,"noun","Noun, singular or mass",NA,NA
"for","IN","for",3,"preposition","Preposition or subordinating conjunction",NA,NA
"crawling","VVG","crawl",8,"verb","Verb, gerund or present participle",NA,NA
"real","JJ","real",4,"adjective","Adjective",NA,NA
"estate","NN","estate",6,"noun","Noun, singular or mass",NA,NA
"offers","NNS","offer",6,"noun","Noun, plural",NA,NA
"on","IN","on",2,"preposition","Preposition or subordinating conjunction",NA,NA
"the","DT","the",3,"determiner","Determiner",NA,NA
"internet","NN","Internet",8,"noun","Noun, singular or mass",NA,NA
