"token","tag","lemma","lttr","wclass","desc","stop","stem"
"RealEstate","VV","realestate",10,"verb","Verb, base form",NA,NA
"This","DT","this",4,"determiner","Determiner",NA,NA
"is","VBZ","be",2,"verb","Verb, 3rd person singular present of ""to be""",NA,NA
"a","DT","a",1,"determiner","Determiner",NA,NA
"Real","JJ","real",4,"adjective","Adjective",NA,NA
"Estate","NP","Estate",6,"name","Proper noun, singular",NA,NA
"Wordpress","NP","<unknown>",9,"name","Proper noun, singular",NA,NA
"Site","NP","<unknown>",4,"name","Proper noun, singular",NA,NA
