"token","tag","lemma","lttr","wclass","desc","stop","stem"
"realestateapp","NP","<unknown>",13,"name","Proper noun, singular",NA,NA
"A","NP","A",1,"name","Proper noun, singular",NA,NA
"Real","NP","Real",4,"name","Proper noun, singular",NA,NA
"Estate","NP","Estate",6,"name","Proper noun, singular",NA,NA
"App","NP","App",3,"name","Proper noun, singular",NA,NA
"that","WDT","that",4,"determiner","Wh-determiner",NA,NA
"uses","VVZ","use",4,"verb","Verb, 3rd person singular present",NA,NA
"Python","NP","<unknown>",6,"name","Proper noun, singular",NA,NA
"SQL","NP","SQL",3,"name","Proper noun, singular",NA,NA
