"token","tag","lemma","lttr","wclass","desc","stop","stem"
"Group","NN","group",5,"noun","Noun, singular or mass",NA,NA
"of","IN","of",2,"preposition","Preposition or subordinating conjunction",NA,NA
"Real","NP","Real",4,"name","Proper noun, singular",NA,NA
"Estate","NP","Estate",6,"name","Proper noun, singular",NA,NA
"Modules","NP","<unknown>",7,"name","Proper noun, singular",NA,NA
"for","IN","for",3,"preposition","Preposition or subordinating conjunction",NA,NA
"Drupal","NP","<unknown>",6,"name","Proper noun, singular",NA,NA
".","SENT",".",1,"fullstop","Sentence ending punctuation",NA,NA
"x","SYM","x",1,"symbol","Symbol",NA,NA
