"token","tag","lemma","lttr","wclass","desc","stop","stem"
"outremontplateausuites","NNS","<unknown>",22,"noun","Noun, plural",NA,NA
"Website","JJ","<unknown>",7,"adjective","Adjective",NA,NA
"for","IN","for",3,"preposition","Preposition or subordinating conjunction",NA,NA
"a","DT","a",1,"determiner","Determiner",NA,NA
"small","JJ","small",5,"adjective","Adjective",NA,NA
"local","JJ","local",5,"adjective","Adjective",NA,NA
"real","JJ","real",4,"adjective","Adjective",NA,NA
"estate","NN","estate",6,"noun","Noun, singular or mass",NA,NA
"company","NN","company",7,"noun","Noun, singular or mass",NA,NA
