"token","tag","lemma","lttr","wclass","desc","stop","stem"
"realestate","VV","realestate",10,"verb","Verb, base form",NA,NA
"Real","JJ","real",4,"adjective","Adjective",NA,NA
"estate","NN","estate",6,"noun","Noun, singular or mass",NA,NA
"website","NN","website",7,"noun","Noun, singular or mass",NA,NA
"project","NN","project",7,"noun","Noun, singular or mass",NA,NA
"based","VVN","base",5,"verb","Verb, past participle",NA,NA
"on","IN","on",2,"preposition","Preposition or subordinating conjunction",NA,NA
"wordpress","NN","<unknown>",9,"noun","Noun, singular or mass",NA,NA
