"token","tag","lemma","lttr","wclass","desc","stop","stem"
"PiProject","NP","<unknown>",9,"name","Proper noun, singular",NA,NA
"JAVA","NP","Java",4,"name","Proper noun, singular",NA,NA
"projet","NN","projet",6,"noun","Noun, singular or mass",NA,NA
"pidev","NP","<unknown>",5,"name","Proper noun, singular",NA,NA
"Real","NP","Real",4,"name","Proper noun, singular",NA,NA
"Estate","NP","Estate",6,"name","Proper noun, singular",NA,NA
"partie","NN","<unknown>",6,"noun","Noun, singular or mass",NA,NA
"java","NN","<unknown>",4,"noun","Noun, singular or mass",NA,NA
