"token","tag","lemma","lttr","wclass","desc","stop","stem"
"Personal","JJ","personal",8,"adjective","Adjective",NA,NA
"website","NN","website",7,"noun","Noun, singular or mass",NA,NA
"for","IN","for",3,"preposition","Preposition or subordinating conjunction",NA,NA
"dev","NN","<unknown>",3,"noun","Noun, singular or mass",NA,NA
"work","NN","work",4,"noun","Noun, singular or mass",NA,NA
",",",",",",1,"comma","Comma",NA,NA
"tutoring","VVG","tutor",8,"verb","Verb, gerund or present participle",NA,NA
",",",",",",1,"comma","Comma",NA,NA
"real","JJ","real",4,"adjective","Adjective",NA,NA
"estate","NN","estate",6,"noun","Noun, singular or mass",NA,NA
",",",",",",1,"comma","Comma",NA,NA
"and","CC","and",3,"conjunction","Coordinating conjunction",NA,NA
"more","JJR","more",4,"adjective","Adjective, comparative",NA,NA
