"token","tag","lemma","lttr","wclass","desc","stop","stem"
"realEstateMapperLogger","NN","<unknown>",22,"noun","Noun, singular or mass",NA,NA
"a","DT","a",1,"determiner","Determiner",NA,NA
"toolkit","NN","<unknown>",7,"noun","Noun, singular or mass",NA,NA
"to","TO","to",2,"to","to",NA,NA
"get","VV","get",3,"verb","Verb, base form",NA,NA
"and","CC","and",3,"conjunction","Coordinating conjunction",NA,NA
"map","VV","map",3,"verb","Verb, base form",NA,NA
"real","JJ","real",4,"adjective","Adjective",NA,NA
"estate","NN","estate",6,"noun","Noun, singular or mass",NA,NA
"data","NNS","datum",4,"noun","Noun, plural",NA,NA
