"token","tag","lemma","lttr","wclass","desc","stop","stem"
"flatParser","NP","<unknown>",10,"name","Proper noun, singular",NA,NA
"Project","NP","Project",7,"name","Proper noun, singular",NA,NA
"for","IN","for",3,"preposition","Preposition or subordinating conjunction",NA,NA
"parsing","VVG","parse",7,"verb","Verb, gerund or present participle",NA,NA
"real","JJ","real",4,"adjective","Adjective",NA,NA
"estate","NN","estate",6,"noun","Noun, singular or mass",NA,NA
"sites","NNS","site",5,"noun","Noun, plural",NA,NA
",",",",",",1,"comma","Comma",NA,NA
"written","VVN","write",7,"verb","Verb, past participle",NA,NA
"on","IN","on",2,"preposition","Preposition or subordinating conjunction",NA,NA
"Golang","NP","<unknown>",6,"name","Proper noun, singular",NA,NA
