"token","tag","lemma","lttr","wclass","desc","stop","stem"
"Web","NN","web",3,"noun","Noun, singular or mass",NA,NA
"bootstrap","NN","bootstrap",9,"noun","Noun, singular or mass",NA,NA
"real","JJ","real",4,"adjective","Adjective",NA,NA
"estate","NN","estate",6,"noun","Noun, singular or mass",NA,NA
"web","NN","web",3,"noun","Noun, singular or mass",NA,NA
"design","NN","design",6,"noun","Noun, singular or mass",NA,NA
"and","CC","and",3,"conjunction","Coordinating conjunction",NA,NA
"development","NN","development",11,"noun","Noun, singular or mass",NA,NA
