"token","tag","lemma","lttr","wclass","desc","stop","stem"
"realEstatePredict","JJ","<unknown>",17,"adjective","Adjective",NA,NA
"Real","NP","Real",4,"name","Proper noun, singular",NA,NA
"Estate","NP","Estate",6,"name","Proper noun, singular",NA,NA
"price","NN","price",5,"noun","Noun, singular or mass",NA,NA
"tracking","VVG","track",8,"verb","Verb, gerund or present participle",NA,NA
"and","CC","and",3,"conjunction","Coordinating conjunction",NA,NA
"predicting","VVG","predict",10,"verb","Verb, gerund or present participle",NA,NA
"system","NN","system",6,"noun","Noun, singular or mass",NA,NA
"design","NN","design",6,"noun","Noun, singular or mass",NA,NA
