"token","tag","lemma","lttr","wclass","desc","stop","stem"
"nycreic","JJ","<unknown>",7,"adjective","Adjective",NA,NA
"wp","NN","<unknown>",2,"noun","Noun, singular or mass",NA,NA
"NYC","NP","NYC",3,"name","Proper noun, singular",NA,NA
"Real","NP","Real",4,"name","Proper noun, singular",NA,NA
"Estate","NP","Estate",6,"name","Proper noun, singular",NA,NA
"Investment","NP","Investment",10,"name","Proper noun, singular",NA,NA
"Cooperative","NP","<unknown>",11,"name","Proper noun, singular",NA,NA
"Website","NP","<unknown>",7,"name","Proper noun, singular",NA,NA
