"token","tag","lemma","lttr","wclass","desc","stop","stem"
"temp","NN","temp",4,"noun","Noun, singular or mass",NA,NA
"restate","VV","restate",7,"verb","Verb, base form",NA,NA
"Custom","NP","Custom",6,"name","Proper noun, singular",NA,NA
"template","NN","template",8,"noun","Noun, singular or mass",NA,NA
"for","IN","for",3,"preposition","Preposition or subordinating conjunction",NA,NA
"Real","NP","Real",4,"name","Proper noun, singular",NA,NA
"Estate","NP","Estate",6,"name","Proper noun, singular",NA,NA
"site","NN","site",4,"noun","Noun, singular or mass",NA,NA
