"token","tag","lemma","lttr","wclass","desc","stop","stem"
"real","JJ","real",4,"adjective","Adjective",NA,NA
"estate","NN","estate",6,"noun","Noun, singular or mass",NA,NA
"cities","NNS","city",6,"noun","Noun, plural",NA,NA
"cd","JJ","<unknown>",2,"adjective","Adjective",NA,NA
"Desktop","NP","Desktop",7,"name","Proper noun, singular",NA,NA
"Real","NP","Real",4,"name","Proper noun, singular",NA,NA
"Estate","NP","Estate",6,"name","Proper noun, singular",NA,NA
"Project","NP","Project",7,"name","Proper noun, singular",NA,NA
"venv","NP","<unknown>",4,"name","Proper noun, singular",NA,NA
"Scripts","NP","<unknown>",7,"name","Proper noun, singular",NA,NA
"activate","VVP","activate",8,"verb","Verb, non-3rd person singular present",NA,NA
"cd","NNS","<unknown>",2,"noun","Noun, plural",NA,NA
"..",":","...",2,"punctuation","Punctuation",NA,NA
"cd","NNS","<unknown>",2,"noun","Noun, plural",NA,NA
"..",":","...",2,"punctuation","Punctuation",NA,NA
"cd","JJ","<unknown>",2,"adjective","Adjective",NA,NA
"real","JJ","real",4,"adjective","Adjective",NA,NA
"estate","NN","estate",6,"noun","Noun, singular or mass",NA,NA
"cities","NNS","city",6,"noun","Noun, plural",NA,NA
"git","NN","git",3,"noun","Noun, singular or mass",NA,NA
"add","VVP","add",3,"verb","Verb, non-3rd person singular present",NA,NA
".","SENT",".",1,"fullstop","Sentence ending punctuation",NA,NA
"git","NN","git",3,"noun","Noun, singular or mass",NA,NA
"remote","JJ","remote",6,"adjective","Adjective",NA,NA
"add","VVP","add",3,"verb","Verb, non-3rd person singular present",NA,NA
"origin","NN","origin",6,"noun","Noun, singular or mass",NA,NA
