"token","tag","lemma","lttr","wclass","desc","stop","stem"
"realEstateAdvisor","JJ","<unknown>",17,"adjective","Adjective",NA,NA
"Real","JJ","real",4,"adjective","Adjective",NA,NA
"estate","NN","estate",6,"noun","Noun, singular or mass",NA,NA
"advisor","NN","advisor",7,"noun","Noun, singular or mass",NA,NA
"using","VVG","use",5,"verb","Verb, gerund or present participle",NA,NA
"drools","VVZ","drool",6,"verb","Verb, 3rd person singular present",NA,NA
"rule","NN","rule",4,"noun","Noun, singular or mass",NA,NA
"engine","NN","engine",6,"noun","Noun, singular or mass",NA,NA
