"token","tag","lemma","lttr","wclass","desc","stop","stem"
"OpenReal","NP","<unknown>",8,"name","Proper noun, singular",NA,NA
".","SENT",".",1,"fullstop","Sentence ending punctuation",NA,NA
"NET","JJ","net",3,"adjective","Adjective",NA,NA
"Free","NP","Free",4,"name","Proper noun, singular",NA,NA
"Software","NP","Software",8,"name","Proper noun, singular",NA,NA
"for","IN","for",3,"preposition","Preposition or subordinating conjunction",NA,NA
"Real","NP","Real",4,"name","Proper noun, singular",NA,NA
"Estate","NP","Estate",6,"name","Proper noun, singular",NA,NA
"Agencies","NPS","<unknown>",8,"name","Proper noun, plural",NA,NA
"and","CC","and",3,"conjunction","Coordinating conjunction",NA,NA
"Administrators","NPS","Administrators",14,"name","Proper noun, plural",NA,NA
