"token","tag","lemma","lttr","wclass","desc","stop","stem"
"Turlia","NP","<unknown>",6,"name","Proper noun, singular",NA,NA
"mkdir","JJ","<unknown>",5,"adjective","Adjective",NA,NA
"Hello","UH","Hello",5,"interjection","Interjection",NA,NA
"World","NP","World",5,"name","Proper noun, singular",NA,NA
"cd","JJ","<unknown>",2,"adjective","Adjective",NA,NA
"Hello","UH","Hello",5,"interjection","Interjection",NA,NA
"World","NP","World",5,"name","Proper noun, singular",NA,NA
"Real","NP","Real",4,"name","Proper noun, singular",NA,NA
"Estate","NP","Estate",6,"name","Proper noun, singular",NA,NA
"Site","NP","<unknown>",4,"name","Proper noun, singular",NA,NA
