"token","tag","lemma","lttr","wclass","desc","stop","stem"
"OIP","NP","<unknown>",3,"name","Proper noun, singular",NA,NA
"Real","NP","Real",4,"name","Proper noun, singular",NA,NA
"Estate","NP","Estate",6,"name","Proper noun, singular",NA,NA
"Agent","NP","Agent",5,"name","Proper noun, singular",NA,NA
"repository","NN","repository",10,"noun","Noun, singular or mass",NA,NA
"Make","VVP","make",4,"verb","Verb, non-3rd person singular present",NA,NA
"files","NNS","file",5,"noun","Noun, plural",NA,NA
"for","IN","for",3,"preposition","Preposition or subordinating conjunction",NA,NA
"OIP","NP","<unknown>",3,"name","Proper noun, singular",NA,NA
