"token","tag","lemma","lttr","wclass","desc","stop","stem"
"RealEstateSimulator","NP","<unknown>",19,"name","Proper noun, singular",NA,NA
"Simulates","NP","<unknown>",9,"name","Proper noun, singular",NA,NA
"buying","VVG","buy",6,"verb","Verb, gerund or present participle",NA,NA
"real","JJ","real",4,"adjective","Adjective",NA,NA
"estate","NN","estate",6,"noun","Noun, singular or mass",NA,NA
"using","VVG","use",5,"verb","Verb, gerund or present participle",NA,NA
"different","JJ","different",9,"adjective","Adjective",NA,NA
"strategies","NNS","strategy",10,"noun","Noun, plural",NA,NA
