"token","tag","lemma","lttr","wclass","desc","stop","stem"
"Some","DT","some",4,"determiner","Determiner",NA,NA
"simple","JJ","simple",6,"adjective","Adjective",NA,NA
"analysis","NN","analysis",8,"noun","Noun, singular or mass",NA,NA
"of","IN","of",2,"preposition","Preposition or subordinating conjunction",NA,NA
"public","JJ","public",6,"adjective","Adjective",NA,NA
"Ukrainian","JJ","Ukrainian",9,"adjective","Adjective",NA,NA
"real","JJ","real",4,"adjective","Adjective",NA,NA
"estate","NN","estate",6,"noun","Noun, singular or mass",NA,NA
"sources","NNS","source",7,"noun","Noun, plural",NA,NA
".","SENT",".",1,"fullstop","Sentence ending punctuation",NA,NA
