"token","tag","lemma","lttr","wclass","desc","stop","stem"
"Playing","VVG","play",7,"verb","Verb, gerund or present participle",NA,NA
"around","RP","around",6,"particle"," Particle",NA,NA
"with","IN","with",4,"preposition","Preposition or subordinating conjunction",NA,NA
"IPython","NP","<unknown>",7,"name","Proper noun, singular",NA,NA
"Exploring","NP","<unknown>",9,"name","Proper noun, singular",NA,NA
"Delaware","NP","Delaware",8,"name","Proper noun, singular",NA,NA
"Real","NP","Real",4,"name","Proper noun, singular",NA,NA
"Estate","NP","Estate",6,"name","Proper noun, singular",NA,NA
"Data","NP","Data",4,"name","Proper noun, singular",NA,NA
