"token","tag","lemma","lttr","wclass","desc","stop","stem"
"Luxury","NN","luxury",6,"noun","Noun, singular or mass",NA,NA
"A","DT","a",1,"determiner","Determiner",NA,NA
"Responsive","JJ","responsive",10,"adjective","Adjective",NA,NA
"Template","NN","template",8,"noun","Noun, singular or mass",NA,NA
"for","IN","for",3,"preposition","Preposition or subordinating conjunction",NA,NA
"Real","NP","Real",4,"name","Proper noun, singular",NA,NA
"Estate","NP","Estate",6,"name","Proper noun, singular",NA,NA
"Business","NP","Business",8,"name","Proper noun, singular",NA,NA
