"token","tag","lemma","lttr","wclass","desc","stop","stem"
"Complimentary","JJ","complimentary",13,"adjective","Adjective",NA,NA
"Tour","NP","Tour",4,"name","Proper noun, singular",NA,NA
"Virtual","NP","<unknown>",7,"name","Proper noun, singular",NA,NA
"Tour","NP","Tour",4,"name","Proper noun, singular",NA,NA
"Software","NP","Software",8,"name","Proper noun, singular",NA,NA
"For","IN","for",3,"preposition","Preposition or subordinating conjunction",NA,NA
"Real","NP","Real",4,"name","Proper noun, singular",NA,NA
"Estate","NP","Estate",6,"name","Proper noun, singular",NA,NA
"Agents","NPS","Agents",6,"name","Proper noun, plural",NA,NA
