"token","tag","lemma","lttr","wclass","desc","stop","stem"
"Law","NP","Law",3,"name","Proper noun, singular",NA,NA
"Law","NP","Law",3,"name","Proper noun, singular",NA,NA
"by","IN","by",2,"preposition","Preposition or subordinating conjunction",NA,NA
"EOL","NP","<unknown>",3,"name","Proper noun, singular",NA,NA
"Labs","NP","Labs",4,"name","Proper noun, singular",NA,NA
"A","NP","A",1,"name","Proper noun, singular",NA,NA
"Real","NP","Real",4,"name","Proper noun, singular",NA,NA
"Estate","NP","Estate",6,"name","Proper noun, singular",NA,NA
"Law","NP","Law",3,"name","Proper noun, singular",NA,NA
"Platform","NN","platform",8,"noun","Noun, singular or mass",NA,NA
