"token","tag","lemma","lttr","wclass","desc","stop","stem"
"Lumen","NN","lumen",5,"noun","Noun, singular or mass",NA,NA
"web","NN","web",3,"noun","Noun, singular or mass",NA,NA
"service","NN","service",7,"noun","Noun, singular or mass",NA,NA
"Lumen","NP","<unknown>",5,"name","Proper noun, singular",NA,NA
"web","NN","web",3,"noun","Noun, singular or mass",NA,NA
"service","NN","service",7,"noun","Noun, singular or mass",NA,NA
"for","IN","for",3,"preposition","Preposition or subordinating conjunction",NA,NA
"real","JJ","real",4,"adjective","Adjective",NA,NA
"estate","NN","estate",6,"noun","Noun, singular or mass",NA,NA
"app","NP","App",3,"name","Proper noun, singular",NA,NA
