"token","tag","lemma","lttr","wclass","desc","stop","stem"
"static","JJ","static",6,"adjective","Adjective",NA,NA
"website","NN","website",7,"noun","Noun, singular or mass",NA,NA
"desktop","NN","desktop",7,"noun","Noun, singular or mass",NA,NA
"client","NN","client",6,"noun","Noun, singular or mass",NA,NA
"static","JJ","static",6,"adjective","Adjective",NA,NA
"desktop","NN","desktop",7,"noun","Noun, singular or mass",NA,NA
"website","NN","website",7,"noun","Noun, singular or mass",NA,NA
"real","JJ","real",4,"adjective","Adjective",NA,NA
"estate","NN","estate",6,"noun","Noun, singular or mass",NA,NA
