"token","tag","lemma","lttr","wclass","desc","stop","stem"
"immo","NN","<unknown>",4,"noun","Noun, singular or mass",NA,NA
"data","NNS","datum",4,"noun","Noun, plural",NA,NA
"Dummy","NP","<unknown>",5,"name","Proper noun, singular",NA,NA
"WordPress","NP","<unknown>",9,"name","Proper noun, singular",NA,NA
"and","CC","and",3,"conjunction","Coordinating conjunction",NA,NA
"Real","NP","Real",4,"name","Proper noun, singular",NA,NA
"Estate","NP","Estate",6,"name","Proper noun, singular",NA,NA
"data","NNS","datum",4,"noun","Noun, plural",NA,NA
