"token","tag","lemma","lttr","wclass","desc","stop","stem"
"immo","NN","<unknown>",4,"noun","Noun, singular or mass",NA,NA
"theme","NN","theme",5,"noun","Noun, singular or mass",NA,NA
"Base","NP","Base",4,"name","Proper noun, singular",NA,NA
"theme","NN","theme",5,"noun","Noun, singular or mass",NA,NA
"for","IN","for",3,"preposition","Preposition or subordinating conjunction",NA,NA
"the","DT","the",3,"determiner","Determiner",NA,NA
"Immo","NP","<unknown>",4,"name","Proper noun, singular",NA,NA
"real","JJ","real",4,"adjective","Adjective",NA,NA
"estate","NN","estate",6,"noun","Noun, singular or mass",NA,NA
"platform","NN","platform",8,"noun","Noun, singular or mass",NA,NA
