"token","tag","lemma","lttr","wclass","desc","stop","stem"
"PicadillyEstate","NP","<unknown>",15,"name","Proper noun, singular",NA,NA
"Picadilly","NP","<unknown>",9,"name","Proper noun, singular",NA,NA
"Real","NP","Real",4,"name","Proper noun, singular",NA,NA
"Estate","NP","Estate",6,"name","Proper noun, singular",NA,NA
"The","DT","the",3,"determiner","Determiner",NA,NA
"first","JJ","first",5,"adjective","Adjective",NA,NA
"README","NP","<unknown>",6,"name","Proper noun, singular",NA,NA
".","SENT",".",1,"fullstop","Sentence ending punctuation",NA,NA
"md","JJ","<unknown>",2,"adjective","Adjective",NA,NA
"FILE","NP","File",4,"name","Proper noun, singular",NA,NA
