"token","tag","lemma","lttr","wclass","desc","stop","stem"
"hot","JJ","hot",3,"adjective","Adjective",NA,NA
"leads","VVZ","lead",5,"verb","Verb, 3rd person singular present",NA,NA
"hot","JJ","hot",3,"adjective","Adjective",NA,NA
"leads","NNS","lead",5,"noun","Noun, plural",NA,NA
"for","IN","for",3,"preposition","Preposition or subordinating conjunction",NA,NA
"real","JJ","real",4,"adjective","Adjective",NA,NA
"estate","NN","estate",6,"noun","Noun, singular or mass",NA,NA
"agents","NNS","agent",6,"noun","Noun, plural",NA,NA
