"token","tag","lemma","lttr","wclass","desc","stop","stem"
"Web","NN","web",3,"noun","Noun, singular or mass",NA,NA
"scraper","NN","scraper",7,"noun","Noun, singular or mass",NA,NA
"app","NP","App",3,"name","Proper noun, singular",NA,NA
"for","IN","for",3,"preposition","Preposition or subordinating conjunction",NA,NA
"Lubbock","NP","Lubbock",7,"name","Proper noun, singular",NA,NA
"MLS","NP","<unknown>",3,"name","Proper noun, singular",NA,NA
"real","JJ","real",4,"adjective","Adjective",NA,NA
"estate","NN","estate",6,"noun","Noun, singular or mass",NA,NA
"listing","NN","listing",7,"noun","Noun, singular or mass",NA,NA
".","SENT",".",1,"fullstop","Sentence ending punctuation",NA,NA
