"token","tag","lemma","lttr","wclass","desc","stop","stem"
"real","JJ","real",4,"adjective","Adjective",NA,NA
"estate","NN","estate",6,"noun","Noun, singular or mass",NA,NA
"app","VVZ","<unknown>",3,"verb","Verb, 3rd person singular present",NA,NA
"A","DT","a",1,"determiner","Determiner",NA,NA
"real","JJ","real",4,"adjective","Adjective",NA,NA
"estate","NN","estate",6,"noun","Noun, singular or mass",NA,NA
"application","NN","application",11,"noun","Noun, singular or mass",NA,NA
"for","IN","for",3,"preposition","Preposition or subordinating conjunction",NA,NA
"embedding","VVG","embed",9,"verb","Verb, gerund or present participle",NA,NA
"a","DT","a",1,"determiner","Determiner",NA,NA
"google","NN","<unknown>",6,"noun","Noun, singular or mass",NA,NA
"map","NN","map",3,"noun","Noun, singular or mass",NA,NA
"search","NN","search",6,"noun","Noun, singular or mass",NA,NA
"on","IN","on",2,"preposition","Preposition or subordinating conjunction",NA,NA
"plain","JJ","plain",5,"adjective","Adjective",NA,NA
"html","NN","<unknown>",4,"noun","Noun, singular or mass",NA,NA
"websites","NNS","<unknown>",8,"noun","Noun, plural",NA,NA
".","SENT",".",1,"fullstop","Sentence ending punctuation",NA,NA
