"token","tag","lemma","lttr","wclass","desc","stop","stem"
"Zoner","NP","<unknown>",5,"name","Proper noun, singular",NA,NA
"CBH","NP","<unknown>",3,"name","Proper noun, singular",NA,NA
"with","IN","with",4,"preposition","Preposition or subordinating conjunction",NA,NA
"the","DT","the",3,"determiner","Determiner",NA,NA
"Zoner","NP","<unknown>",5,"name","Proper noun, singular",NA,NA
"Real","NP","Real",4,"name","Proper noun, singular",NA,NA
"Estate","NP","Estate",6,"name","Proper noun, singular",NA,NA
"template","NN","template",8,"noun","Noun, singular or mass",NA,NA
"via","IN","via",3,"preposition","Preposition or subordinating conjunction",NA,NA
"ThemeForest","NP","<unknown>",11,"name","Proper noun, singular",NA,NA
