"token","tag","lemma","lttr","wclass","desc","stop","stem"
"real","JJ","real",4,"adjective","Adjective",NA,NA
"estate","NN","estate",6,"noun","Noun, singular or mass",NA,NA
"web","NN","web",3,"noun","Noun, singular or mass",NA,NA
"app","NP","App",3,"name","Proper noun, singular",NA,NA
"Django","NP","Django",6,"name","Proper noun, singular",NA,NA
"app","NP","App",3,"name","Proper noun, singular",NA,NA
"for","IN","for",3,"preposition","Preposition or subordinating conjunction",NA,NA
"real","JJ","real",4,"adjective","Adjective",NA,NA
"estate","NN","estate",6,"noun","Noun, singular or mass",NA,NA
"companies","NNS","company",9,"noun","Noun, plural",NA,NA
"to","TO","to",2,"to","to",NA,NA
"show","VV","show",4,"verb","Verb, base form",NA,NA
"listings","NNS","listing",8,"noun","Noun, plural",NA,NA
",",",",",",1,"comma","Comma",NA,NA
"contact","NN","contact",7,"noun","Noun, singular or mass",NA,NA
"realtors","NNS","realtor",8,"noun","Noun, plural",NA,NA
",",",",",",1,"comma","Comma",NA,NA
"and","CC","and",3,"conjunction","Coordinating conjunction",NA,NA
"place","NN","place",5,"noun","Noun, singular or mass",NA,NA
"bids","NNS","bid",4,"noun","Noun, plural",NA,NA
"on","IN","on",2,"preposition","Preposition or subordinating conjunction",NA,NA
"properties","NNS","property",10,"noun","Noun, plural",NA,NA
