"token","tag","lemma","lttr","wclass","desc","stop","stem"
"uo","NN","<unknown>",2,"noun","Noun, singular or mass",NA,NA
"ultimate","NN","ultimate",8,"noun","Noun, singular or mass",NA,NA
"opens","VVZ","open",5,"verb","Verb, 3rd person singular present",NA,NA
"the","DT","the",3,"determiner","Determiner",NA,NA
"ultimate","JJ","ultimate",8,"adjective","Adjective",NA,NA
"app","NN","<unknown>",3,"noun","Noun, singular or mass",NA,NA
"for","IN","for",3,"preposition","Preposition or subordinating conjunction",NA,NA
"open","JJ","open",4,"adjective","Adjective",NA,NA
"houses","NNS","house",6,"noun","Noun, plural",NA,NA
".","SENT",".",1,"fullstop","Sentence ending punctuation",NA,NA
"Designed","VVN","design",8,"verb","Verb, past participle",NA,NA
"for","IN","for",3,"preposition","Preposition or subordinating conjunction",NA,NA
"real","JJ","real",4,"adjective","Adjective",NA,NA
"estate","NN","estate",6,"noun","Noun, singular or mass",NA,NA
"agents","NNS","agent",6,"noun","Noun, plural",NA,NA
"by","IN","by",2,"preposition","Preposition or subordinating conjunction",NA,NA
"a","DT","a",1,"determiner","Determiner",NA,NA
"real","JJ","real",4,"adjective","Adjective",NA,NA
"estate","NN","estate",6,"noun","Noun, singular or mass",NA,NA
"agent","NN","agent",5,"noun","Noun, singular or mass",NA,NA
".","SENT",".",1,"fullstop","Sentence ending punctuation",NA,NA
