"token","tag","lemma","lttr","wclass","desc","stop","stem"
"real","JJ","real",4,"adjective","Adjective",NA,NA
"estate","NN","estate",6,"noun","Noun, singular or mass",NA,NA
"template","NN","template",8,"noun","Noun, singular or mass",NA,NA
"for","IN","for",3,"preposition","Preposition or subordinating conjunction",NA,NA
"locomotive","JJ","locomotive",10,"adjective","Adjective",NA,NA
"cms","NNS","<unknown>",3,"noun","Noun, plural",NA,NA
"my","PP$","my",2,"pronoun","Possessive pronoun",NA,NA
"attempt","NN","attempt",7,"noun","Noun, singular or mass",NA,NA
"to","TO","to",2,"to","to",NA,NA
"make","VV","make",4,"verb","Verb, base form",NA,NA
"a","DT","a",1,"determiner","Determiner",NA,NA
"dead","JJ","dead",4,"adjective","Adjective",NA,NA
"simple","NN","simple",6,"noun","Noun, singular or mass",NA,NA
"to","TO","to",2,"to","to",NA,NA
"use","VV","use",3,"verb","Verb, base form",NA,NA
"REAL","JJ","real",4,"adjective","Adjective",NA,NA
"ESTATE","NN","estate",6,"noun","Noun, singular or mass",NA,NA
"website","NN","website",7,"noun","Noun, singular or mass",NA,NA
".","SENT",".",1,"fullstop","Sentence ending punctuation",NA,NA
"WIP","NP","<unknown>",3,"name","Proper noun, singular",NA,NA
