"token","tag","lemma","lttr","wclass","desc","stop","stem"
"dmv","NP","<unknown>",3,"name","Proper noun, singular",NA,NA
"real","JJ","real",4,"adjective","Adjective",NA,NA
"estate","NN","estate",6,"noun","Noun, singular or mass",NA,NA
"A","DT","a",1,"determiner","Determiner",NA,NA
"crowd","NN","crowd",5,"noun","Noun, singular or mass",NA,NA
"funding","NN","funding",7,"noun","Noun, singular or mass",NA,NA
"website","NN","website",7,"noun","Noun, singular or mass",NA,NA
"for","IN","for",3,"preposition","Preposition or subordinating conjunction",NA,NA
"real","JJ","real",4,"adjective","Adjective",NA,NA
"estate","NN","estate",6,"noun","Noun, singular or mass",NA,NA
"projects","NNS","project",8,"noun","Noun, plural",NA,NA
"in","IN","in",2,"preposition","Preposition or subordinating conjunction",NA,NA
"Washington","NP","Washington",10,"name","Proper noun, singular",NA,NA
",",",",",",1,"comma","Comma",NA,NA
"Maryland","NP","Maryland",8,"name","Proper noun, singular",NA,NA
"and","CC","and",3,"conjunction","Coordinating conjunction",NA,NA
"Virginia","NP","Virginia",8,"name","Proper noun, singular",NA,NA
"area","NN","area",4,"noun","Noun, singular or mass",NA,NA
".","SENT",".",1,"fullstop","Sentence ending punctuation",NA,NA
