"token","tag","lemma","lttr","wclass","desc","stop","stem"
"Patligram","NP","<unknown>",9,"name","Proper noun, singular",NA,NA
"Builders","NPS","Builders",8,"name","Proper noun, plural",NA,NA
"New","NP","New",3,"name","Proper noun, singular",NA,NA
"Experience","NN","experience",10,"noun","Noun, singular or mass",NA,NA
"to","TO","to",2,"to","to",NA,NA
"Real","NP","Real",4,"name","Proper noun, singular",NA,NA
"Estate","NP","Estate",6,"name","Proper noun, singular",NA,NA
"on","IN","on",2,"preposition","Preposition or subordinating conjunction",NA,NA
"the","DT","the",3,"determiner","Determiner",NA,NA
"Web","NP","Web",3,"name","Proper noun, singular",NA,NA
