"token","tag","lemma","lttr","wclass","desc","stop","stem"
"Real","JJ","real",4,"adjective","Adjective",NA,NA
"Estate","NP","Estate",6,"name","Proper noun, singular",NA,NA
"Tinder","NP","Tinder",6,"name","Proper noun, singular",NA,NA
"Bot","NP","Bot",3,"name","Proper noun, singular",NA,NA
"Tinder","NP","Tinder",6,"name","Proper noun, singular",NA,NA
"bot","NN","bot",3,"noun","Noun, singular or mass",NA,NA
"that","WDT","that",4,"determiner","Wh-determiner",NA,NA
"pretends","VVZ","pretend",8,"verb","Verb, 3rd person singular present",NA,NA
"to","TO","to",2,"to","to",NA,NA
"be","VB","be",2,"verb","Verb, base form of ""to be""",NA,NA
"a","DT","a",1,"determiner","Determiner",NA,NA
"real","JJ","real",4,"adjective","Adjective",NA,NA
"estate","NN","estate",6,"noun","Noun, singular or mass",NA,NA
"agent","NN","agent",5,"noun","Noun, singular or mass",NA,NA
".","SENT",".",1,"fullstop","Sentence ending punctuation",NA,NA
"Uses","VVZ","use",4,"verb","Verb, 3rd person singular present",NA,NA
"Pynder","NP","<unknown>",6,"name","Proper noun, singular",NA,NA
