"token","tag","lemma","lttr","wclass","desc","stop","stem"
"real","JJ","real",4,"adjective","Adjective",NA,NA
"estate","NN","estate",6,"noun","Noun, singular or mass",NA,NA
"analysis","NN","analysis",8,"noun","Noun, singular or mass",NA,NA
"data","NNS","datum",4,"noun","Noun, plural",NA,NA
"analysis","NN","analysis",8,"noun","Noun, singular or mass",NA,NA
"to","TO","to",2,"to","to",NA,NA
"plot","VV","plot",4,"verb","Verb, base form",NA,NA
"the","DT","the",3,"determiner","Determiner",NA,NA
"real","JJ","real",4,"adjective","Adjective",NA,NA
"estate","NN","estate",6,"noun","Noun, singular or mass",NA,NA
"values","NNS","value",6,"noun","Noun, plural",NA,NA
"for","IN","for",3,"preposition","Preposition or subordinating conjunction",NA,NA
"houses","NNS","house",6,"noun","Noun, plural",NA,NA
"in","IN","in",2,"preposition","Preposition or subordinating conjunction",NA,NA
"Western","NP","Western",7,"name","Proper noun, singular",NA,NA
"Australia","NP","Australia",9,"name","Proper noun, singular",NA,NA
"based","VVN","base",5,"verb","Verb, past participle",NA,NA
"on","IN","on",2,"preposition","Preposition or subordinating conjunction",NA,NA
"historical","JJ","historical",10,"adjective","Adjective",NA,NA
"data","NNS","datum",4,"noun","Noun, plural",NA,NA
".","SENT",".",1,"fullstop","Sentence ending punctuation",NA,NA
