"token","tag","lemma","lttr","wclass","desc","stop","stem"
"Real","JJ","real",4,"adjective","Adjective",NA,NA
"Estate","NP","Estate",6,"name","Proper noun, singular",NA,NA
"Web","NP","Web",3,"name","Proper noun, singular",NA,NA
"Bootstrap","NP","<unknown>",9,"name","Proper noun, singular",NA,NA
"A","DT","a",1,"determiner","Determiner",NA,NA
"platform","NN","platform",8,"noun","Noun, singular or mass",NA,NA
"bootstrap","NN","bootstrap",9,"noun","Noun, singular or mass",NA,NA
"based","VVN","base",5,"verb","Verb, past participle",NA,NA
"for","IN","for",3,"preposition","Preposition or subordinating conjunction",NA,NA
"Real","NP","Real",4,"name","Proper noun, singular",NA,NA
"Estate","NP","Estate",6,"name","Proper noun, singular",NA,NA
"Company","NP","Company",7,"name","Proper noun, singular",NA,NA
".","SENT",".",1,"fullstop","Sentence ending punctuation",NA,NA
"Author","NN","author",6,"noun","Noun, singular or mass",NA,NA
"Huy","NP","Huy",3,"name","Proper noun, singular",NA,NA
"Le","NP","Le",2,"name","Proper noun, singular",NA,NA
