"token","tag","lemma","lttr","wclass","desc","stop","stem"
"Designation","NN","designation",11,"noun","Noun, singular or mass",NA,NA
"Hub","NP","Hub",3,"name","Proper noun, singular",NA,NA
"Designation","NP","<unknown>",11,"name","Proper noun, singular",NA,NA
"Hub","NP","Hub",3,"name","Proper noun, singular",NA,NA
"is","VBZ","be",2,"verb","Verb, 3rd person singular present of ""to be""",NA,NA
"online","JJ","online",6,"adjective","Adjective",NA,NA
"real","JJ","real",4,"adjective","Adjective",NA,NA
"estate","NN","estate",6,"noun","Noun, singular or mass",NA,NA
"designations","NNS","designation",12,"noun","Noun, plural",NA,NA
"company","NN","company",7,"noun","Noun, singular or mass",NA,NA
",",",",",",1,"comma","Comma",NA,NA
"provide","VV","provide",7,"verb","Verb, base form",NA,NA
"more","JJR","more",4,"adjective","Adjective, comparative",NA,NA
"than","IN","than",4,"preposition","Preposition or subordinating conjunction",NA,NA
"twenty","CD","twenty",6,"number","Cardinal number",NA,NA
"of","IN","of",2,"preposition","Preposition or subordinating conjunction",NA,NA
"real","JJ","real",4,"adjective","Adjective",NA,NA
"estate","NN","estate",6,"noun","Noun, singular or mass",NA,NA
"designations","NNS","designation",12,"noun","Noun, plural",NA,NA
".","SENT",".",1,"fullstop","Sentence ending punctuation",NA,NA
