"token","tag","lemma","lttr","wclass","desc","stop","stem"
"Capitalization","NN","capitalization",14,"noun","Noun, singular or mass",NA,NA
"Formulas","NNS","formula",8,"noun","Noun, plural",NA,NA
"for","IN","for",3,"preposition","Preposition or subordinating conjunction",NA,NA
"Real","NP","Real",4,"name","Proper noun, singular",NA,NA
"Estate","NP","Estate",6,"name","Proper noun, singular",NA,NA
"Purpose","NP","<unknown>",7,"name","Proper noun, singular",NA,NA
"Calculates","NP","<unknown>",10,"name","Proper noun, singular",NA,NA
"common","JJ","common",6,"adjective","Adjective",NA,NA
"real","JJ","real",4,"adjective","Adjective",NA,NA
"estate","NN","estate",6,"noun","Noun, singular or mass",NA,NA
"formulas","NNS","formula",8,"noun","Noun, plural",NA,NA
"Technologies","NP","Technologies",12,"name","Proper noun, singular",NA,NA
":","SENT",":",1,"fullstop","Sentence ending punctuation",NA,NA
"Express","NP","Express",7,"name","Proper noun, singular",NA,NA
"React","NP","<unknown>",5,"name","Proper noun, singular",NA,NA
"Gulp","NP","<unknown>",4,"name","Proper noun, singular",NA,NA
"Sass","NP","Sass",4,"name","Proper noun, singular",NA,NA
"Bootstrap","NP","<unknown>",9,"name","Proper noun, singular",NA,NA
"not","RB","not",3,"adverb","Adverb",NA,NA
"sorry","RB","sorry",5,"adverb","Adverb",NA,NA
