"token","tag","lemma","lttr","wclass","desc","stop","stem"
"www","NNS","<unknown>",3,"noun","Noun, plural",NA,NA
".","SENT",".",1,"fullstop","Sentence ending punctuation",NA,NA
"starnb","NN","<unknown>",6,"noun","Noun, singular or mass",NA,NA
".","SENT",".",1,"fullstop","Sentence ending punctuation",NA,NA
"com","NN","com",3,"noun","Noun, singular or mass",NA,NA
"Star","NP","Star",4,"name","Proper noun, singular",NA,NA
"Newport","NP","Newport",7,"name","Proper noun, singular",NA,NA
"Beach","NP","Beach",5,"name","Proper noun, singular",NA,NA
"Real","NP","Real",4,"name","Proper noun, singular",NA,NA
"Estate","NP","Estate",6,"name","Proper noun, singular",NA,NA
"Oyvar","NP","<unknown>",5,"name","Proper noun, singular",NA,NA
"Yildiz","NP","<unknown>",6,"name","Proper noun, singular",NA,NA
"Licensed","NP","<unknown>",8,"name","Proper noun, singular",NA,NA
"Real","NP","Real",4,"name","Proper noun, singular",NA,NA
"Estate","NP","Estate",6,"name","Proper noun, singular",NA,NA
"Broker","NP","Broker",6,"name","Proper noun, singular",NA,NA
"in","IN","in",2,"preposition","Preposition or subordinating conjunction",NA,NA
"California","NP","California",10,"name","Proper noun, singular",NA,NA
