"token","tag","lemma","lttr","wclass","desc","stop","stem"
"Real","JJ","real",4,"adjective","Adjective",NA,NA
"Estate","NP","Estate",6,"name","Proper noun, singular",NA,NA
"Listing","NP","<unknown>",7,"name","Proper noun, singular",NA,NA
"Contributors","NP","<unknown>",12,"name","Proper noun, singular",NA,NA
":","SENT",":",1,"fullstop","Sentence ending punctuation",NA,NA
"jeffbullins","NP","<unknown>",11,"name","Proper noun, singular",NA,NA
"Donate","NP","Donate",6,"name","Proper noun, singular",NA,NA
"link","NN","link",4,"noun","Noun, singular or mass",NA,NA
":","SENT",":",1,"fullstop","Sentence ending punctuation",NA,NA
"Tags","NNS","tag",4,"noun","Noun, plural",NA,NA
":","SENT",":",1,"fullstop","Sentence ending punctuation",NA,NA
"homes","NNS","home",5,"noun","Noun, plural",NA,NA
",",",",",",1,"comma","Comma",NA,NA
"real","JJ","real",4,"adjective","Adjective",NA,NA
"estate","NN","estate",6,"noun","Noun, singular or mass",NA,NA
",",",",",",1,"comma","Comma",NA,NA
"real","JJ","real",4,"adjective","Adjective",NA,NA
"estate","NN","estate",6,"noun","Noun, singular or mass",NA,NA
"market","NN","market",6,"noun","Noun, singular or mass",NA,NA
",",",",",",1,"comma","Comma",NA,NA
"realty","NN","realty",6,"noun","Noun, singular or mass",NA,NA
",",",",",",1,"comma","Comma",NA,NA
"agent","NN","agent",5,"noun","Noun, singular or mass",NA,NA
",",",",",",1,"comma","Comma",NA,NA
"real","JJ","real",4,"adjective","Adjective",NA,NA
"estate","NN","estate",6,"noun","Noun, singular or mass",NA,NA
"agent","NN","agent",5,"noun","Noun, singular or mass",NA,NA
",",",",",",1,"comma","Comma",NA,NA
"apartment","NN","apartment",9,"noun","Noun, singular or mass",NA,NA
",",",",",",1,"comma","Comma",NA,NA
"condo","NN","condo",5,"noun","Noun, singular or mass",NA,NA
",",",",",",1,"comma","Comma",NA,NA
"directory","NN","directory",9,"noun","Noun, singular or mass",NA,NA
",",",",",",1,"comma","Comma",NA,NA
"estate","NN","estate",6,"noun","Noun, singular or mass",NA,NA
",",",",",",1,"comma","Comma",NA,NA
"for","IN","for",3,"preposition","Preposition or subordinating conjunction",NA,NA
"sale","NN","sale",4,"noun","Noun, singular or mass",NA,NA
",",",",",",1,"comma","Comma",NA,NA
"home","NN","home",4,"noun","Noun, singular or mass",NA,NA
",",",",",",1,"comma","Comma",NA,NA
"house","NN","house",5,"noun","Noun, singular or mass",NA,NA
",",",",",",1,"comma","Comma",NA,NA
"listings","NNS","listing",8,"noun","Noun, plural",NA,NA
",",",",",",1,"comma","Comma",NA,NA
"mortgage","NN","mortgage",8,"noun","Noun, singular or mass",NA,NA
",",",",",",1,"comma","Comma",NA,NA
"properties","NNS","property",10,"noun","Noun, plural",NA,NA
",",",",",",1,"comma","Comma",NA,NA
"property","NN","property",8,"noun","Noun, singular or mass",NA,NA
",",",",",",1,"comma","Comma",NA,NA
"real","JJ","real",4,"adjective","Adjective",NA,NA
"estate","NN","estate",6,"noun","Noun, singular or mass",NA,NA
"directory","NN","directory",9,"noun","Noun, singular or mass",NA,NA
",",",",",",1,"comma","Comma",NA,NA
"real","JJ","real",4,"adjective","Adjective",NA,NA
"estate","NN","estate",6,"noun","Noun, singular or mass",NA,NA
"listings","NNS","listing",8,"noun","Noun, plural",NA,NA
",",",",",",1,"comma","Comma",NA,NA
"real","JJ","real",4,"adjective","Adjective",NA,NA
"estate","NN","estate",6,"noun","Noun, singular or mass",NA,NA
"plugin","NN","<unknown>",6,"noun","Noun, singular or mass",NA,NA
",",",",",",1,"comma","Comma",NA,NA
"realestate","NN","realestate",10,"noun","Noun, singular or mass",NA,NA
",",",",",",1,"comma","Comma",NA,NA
"realtor","NN","realtor",7,"noun","Noun, singular or mass",NA,NA
",",",",",",1,"comma","Comma",NA,NA
"rent","NN","rent",4,"noun","Noun, singular or mass",NA,NA
",",",",",",1,"comma","Comma",NA,NA
"showcase","NN","showcase",8,"noun","Noun, singular or mass",NA,NA
",",",",",",1,"comma","Comma",NA,NA
"wordpress","NN","<unknown>",9,"noun","Noun, singular or mass",NA,NA
"property","NN","property",8,"noun","Noun, singular or mass",NA,NA
",",",",",",1,"comma","Comma",NA,NA
"wordpress","JJ","<unknown>",9,"adjective","Adjective",NA,NA
"real","JJ","real",4,"adjective","Adjective",NA,NA
"estate","NN","estate",6,"noun","Noun, singular or mass",NA,NA
",",",",",",1,"comma","Comma",NA,NA
"wordpress","JJ","<unknown>",9,"adjective","Adjective",NA,NA
"real","JJ","real",4,"adjective","Adjective",NA,NA
"estate","NN","estate",6,"noun","Noun, singular or mass",NA,NA
"directory","NN","directory",9,"noun","Noun, singular or mass",NA,NA
",",",",",",1,"comma","Comma",NA,NA
"wordpress","JJ","<unknown>",9,"adjective","Adjective",NA,NA
"real","JJ","real",4,"adjective","Adjective",NA,NA
"estate","NN","estate",6,"noun","Noun, singular or mass",NA,NA
"plugin","NN","<unknown>",6,"noun","Noun, singular or mass",NA,NA
"Requires","NNS","<unknown>",8,"noun","Noun, plural",NA,NA
"at","IN","at",2,"preposition","Preposition or subordinating conjunction",NA,NA
"least","JJS","least",5,"adjective","Adjective, superlative",NA,NA
":","SENT",":",1,"fullstop","Sentence ending punctuation",NA,NA
".","SENT",".",1,"fullstop","Sentence ending punctuation",NA,NA
"Tested","VVN","test",6,"verb","Verb, past participle",NA,NA
"up","RP","up",2,"particle"," Particle",NA,NA
"to","TO","to",2,"to","to",NA,NA
":","SENT",":",1,"fullstop","Sentence ending punctuation",NA,NA
".","SENT",".",1,"fullstop","Sentence ending punctuation",NA,NA
"Stable","JJ","stable",6,"adjective","Adjective",NA,NA
"tag","NN","tag",3,"noun","Noun, singular or mass",NA,NA
":","SENT",":",1,"fullstop","Sentence ending punctuation",NA,NA
".","SENT",".",1,"fullstop","Sentence ending punctuation",NA,NA
"License","NN","license",7,"noun","Noun, singular or mass",NA,NA
":","SENT",":",1,"fullstop","Sentence ending punctuation",NA,NA
"GPLv","NP","<unknown>",4,"name","Proper noun, singular",NA,NA
"or","CC","or",2,"conjunction","Coordinating conjunction",NA,NA
"later","JJR","late",5,"adjective","Adjective, comparative",NA,NA
"License","NP","License",7,"name","Proper noun, singular",NA,NA
"URI","NP","Uri",3,"name","Proper noun, singular",NA,NA
":","SENT",":",1,"fullstop","Sentence ending punctuation",NA,NA
"An","DT","an",2,"determiner","Determiner",NA,NA
"easy","JJ","easy",4,"adjective","Adjective",NA,NA
"way","NN","way",3,"noun","Noun, singular or mass",NA,NA
"to","TO","to",2,"to","to",NA,NA
"add","VV","add",3,"verb","Verb, base form",NA,NA
"real","JJ","real",4,"adjective","Adjective",NA,NA
"estate","NN","estate",6,"noun","Noun, singular or mass",NA,NA
"listings","NNS","listing",8,"noun","Noun, plural",NA,NA
"to","TO","to",2,"to","to",NA,NA
"your","PP$","your",4,"pronoun","Possessive pronoun",NA,NA
"Wordpress","NN","<unknown>",9,"noun","Noun, singular or mass",NA,NA
"site","NN","site",4,"noun","Noun, singular or mass",NA,NA
".","SENT",".",1,"fullstop","Sentence ending punctuation",NA,NA
"Description","NN","description",11,"noun","Noun, singular or mass",NA,NA
"An","DT","an",2,"determiner","Determiner",NA,NA
"easy","JJ","easy",4,"adjective","Adjective",NA,NA
"way","NN","way",3,"noun","Noun, singular or mass",NA,NA
"to","TO","to",2,"to","to",NA,NA
"add","VV","add",3,"verb","Verb, base form",NA,NA
"real","JJ","real",4,"adjective","Adjective",NA,NA
"estate","NN","estate",6,"noun","Noun, singular or mass",NA,NA
"listings","NNS","listing",8,"noun","Noun, plural",NA,NA
"to","TO","to",2,"to","to",NA,NA
"your","PP$","your",4,"pronoun","Possessive pronoun",NA,NA
"Wordpress","NN","<unknown>",9,"noun","Noun, singular or mass",NA,NA
"site","NN","site",4,"noun","Noun, singular or mass",NA,NA
".","SENT",".",1,"fullstop","Sentence ending punctuation",NA,NA
"What","WP","What",4,"pronoun","Wh-pronoun",NA,NA
"you","PP","you",3,"pronoun","Personal pronoun",NA,NA
"get","VVP","get",3,"verb","Verb, non-3rd person singular present",NA,NA
"when","WRB","when",4,"adverb","Wh-adverb",NA,NA
"you","PP","you",3,"pronoun","Personal pronoun",NA,NA
"use","VVP","use",3,"verb","Verb, non-3rd person singular present",NA,NA
"the","DT","the",3,"determiner","Determiner",NA,NA
"Real","NP","Real",4,"name","Proper noun, singular",NA,NA
"Estate","NP","Estate",6,"name","Proper noun, singular",NA,NA
"Listing","NP","<unknown>",7,"name","Proper noun, singular",NA,NA
"plugin","NP","<unknown>",6,"name","Proper noun, singular",NA,NA
"Place","NP","Place",5,"name","Proper noun, singular",NA,NA
"real","JJ","real",4,"adjective","Adjective",NA,NA
"estate","NN","estate",6,"noun","Noun, singular or mass",NA,NA
"listings","NNS","listing",8,"noun","Noun, plural",NA,NA
"with","IN","with",4,"preposition","Preposition or subordinating conjunction",NA,NA
"a","DT","a",1,"determiner","Determiner",NA,NA
"simple","JJ","simple",6,"adjective","Adjective",NA,NA
"shortcode","NN","<unknown>",9,"noun","Noun, singular or mass",NA,NA
"real","JJ","real",4,"adjective","Adjective",NA,NA
"estate","NN","estate",6,"noun","Noun, singular or mass",NA,NA
"listing","NN","listing",7,"noun","Noun, singular or mass",NA,NA
"id","NN","id",2,"noun","Noun, singular or mass",NA,NA
"postId","NN","<unknown>",6,"noun","Noun, singular or mass",NA,NA
"Put","VVD","put",3,"verb","Verb, past tense",NA,NA
"real","JJ","real",4,"adjective","Adjective",NA,NA
"estate","NN","estate",6,"noun","Noun, singular or mass",NA,NA
"listings","NNS","listing",8,"noun","Noun, plural",NA,NA
"on","IN","on",2,"preposition","Preposition or subordinating conjunction",NA,NA
"any","DT","any",3,"determiner","Determiner",NA,NA
"post","NN","post",4,"noun","Noun, singular or mass",NA,NA
"or","CC","or",2,"conjunction","Coordinating conjunction",NA,NA
"page","NN","page",4,"noun","Noun, singular or mass",NA,NA
".","SENT",".",1,"fullstop","Sentence ending punctuation",NA,NA
"Real","JJ","real",4,"adjective","Adjective",NA,NA
"estate","NN","estate",6,"noun","Noun, singular or mass",NA,NA
"listing","NN","listing",7,"noun","Noun, singular or mass",NA,NA
"title","NN","title",5,"noun","Noun, singular or mass",NA,NA
"Real","JJ","real",4,"adjective","Adjective",NA,NA
"estate","NN","estate",6,"noun","Noun, singular or mass",NA,NA
"listing","NN","listing",7,"noun","Noun, singular or mass",NA,NA
"background","NN","background",10,"noun","Noun, singular or mass",NA,NA
"color","NN","color",5,"noun","Noun, singular or mass",NA,NA
"Real","JJ","real",4,"adjective","Adjective",NA,NA
"estate","NN","estate",6,"noun","Noun, singular or mass",NA,NA
"listing","NN","listing",7,"noun","Noun, singular or mass",NA,NA
"description","NN","description",11,"noun","Noun, singular or mass",NA,NA
"Real","JJ","real",4,"adjective","Adjective",NA,NA
"estate","NN","estate",6,"noun","Noun, singular or mass",NA,NA
"listing","NN","listing",7,"noun","Noun, singular or mass",NA,NA
"house","NN","house",5,"noun","Noun, singular or mass",NA,NA
"size","NN","size",4,"noun","Noun, singular or mass",NA,NA
"Real","JJ","real",4,"adjective","Adjective",NA,NA
"estate","NN","estate",6,"noun","Noun, singular or mass",NA,NA
"listing","NN","listing",7,"noun","Noun, singular or mass",NA,NA
"number","NN","number",6,"noun","Noun, singular or mass",NA,NA
"of","IN","of",2,"preposition","Preposition or subordinating conjunction",NA,NA
"rooms","NNS","room",5,"noun","Noun, plural",NA,NA
"Real","JJ","real",4,"adjective","Adjective",NA,NA
"estate","NN","estate",6,"noun","Noun, singular or mass",NA,NA
"listing","NN","listing",7,"noun","Noun, singular or mass",NA,NA
"lot","NN","lot",3,"noun","Noun, singular or mass",NA,NA
"size","NN","size",4,"noun","Noun, singular or mass",NA,NA
"Real","JJ","real",4,"adjective","Adjective",NA,NA
"estate","NN","estate",6,"noun","Noun, singular or mass",NA,NA
"listing","NN","listing",7,"noun","Noun, singular or mass",NA,NA
"school","NN","school",6,"noun","Noun, singular or mass",NA,NA
"district","NN","district",8,"noun","Noun, singular or mass",NA,NA
"Unlimited","NP","Unlimited",9,"name","Proper noun, singular",NA,NA
"real","JJ","real",4,"adjective","Adjective",NA,NA
"estate","NN","estate",6,"noun","Noun, singular or mass",NA,NA
"listings","NNS","listing",8,"noun","Noun, plural",NA,NA
"Add","VV","add",3,"verb","Verb, base form",NA,NA
"Real","NP","Real",4,"name","Proper noun, singular",NA,NA
"Estate","NP","Estate",6,"name","Proper noun, singular",NA,NA
"Listings","NP","<unknown>",8,"name","Proper noun, singular",NA,NA
"to","TO","to",2,"to","to",NA,NA
"any","DT","any",3,"determiner","Determiner",NA,NA
"post","NN","post",4,"noun","Noun, singular or mass",NA,NA
"or","CC","or",2,"conjunction","Coordinating conjunction",NA,NA
"page","NN","page",4,"noun","Noun, singular or mass",NA,NA
"Whether","IN","whether",7,"preposition","Preposition or subordinating conjunction",NA,NA
"you","PP","you",3,"pronoun","Personal pronoun",NA,NA
"are","VBP","be",3,"verb","Verb, non-3rd person singular present of ""to be""",NA,NA
"writing","VVG","write",7,"verb","Verb, gerund or present participle",NA,NA
"a","DT","a",1,"determiner","Determiner",NA,NA
"post","NN","post",4,"noun","Noun, singular or mass",NA,NA
"about","IN","about",5,"preposition","Preposition or subordinating conjunction",NA,NA
"your","PP$","your",4,"pronoun","Possessive pronoun",NA,NA
"company","NN","company",7,"noun","Noun, singular or mass",NA,NA
"or","CC","or",2,"conjunction","Coordinating conjunction",NA,NA
"another","DT","another",7,"determiner","Determiner",NA,NA
",",",",",",1,"comma","Comma",NA,NA
"you","PP","you",3,"pronoun","Personal pronoun",NA,NA
"can","MD","can",3,"modal","Modal",NA,NA
"include","VV","include",7,"verb","Verb, base form",NA,NA
"a","DT","a",1,"determiner","Determiner",NA,NA
"well","RB","well",4,"adverb","Adverb",NA,NA
"formatted","VVN","format",9,"verb","Verb, past participle",NA,NA
"real","JJ","real",4,"adjective","Adjective",NA,NA
"estate","NN","estate",6,"noun","Noun, singular or mass",NA,NA
"listing","NN","listing",7,"noun","Noun, singular or mass",NA,NA
".","SENT",".",1,"fullstop","Sentence ending punctuation",NA,NA
"Quick","NP","Quick",5,"name","Proper noun, singular",NA,NA
"Start","NP","Start",5,"name","Proper noun, singular",NA,NA
"Guide","NP","Guide",5,"name","Proper noun, singular",NA,NA
"Real","NP","Real",4,"name","Proper noun, singular",NA,NA
"Estate","NP","Estate",6,"name","Proper noun, singular",NA,NA
"Listing","NP","<unknown>",7,"name","Proper noun, singular",NA,NA
"quick","JJ","quick",5,"adjective","Adjective",NA,NA
"start","NN","start",5,"noun","Noun, singular or mass",NA,NA
"guide","NN","guide",5,"noun","Noun, singular or mass",NA,NA
"at","IN","at",2,"preposition","Preposition or subordinating conjunction",NA,NA
"thinklandingpages","NNS","<unknown>",17,"noun","Noun, plural",NA,NA
".","SENT",".",1,"fullstop","Sentence ending punctuation",NA,NA
"com","NN","com",3,"noun","Noun, singular or mass",NA,NA
"Unlimited","NP","Unlimited",9,"name","Proper noun, singular",NA,NA
"real","JJ","real",4,"adjective","Adjective",NA,NA
"estate","NN","estate",6,"noun","Noun, singular or mass",NA,NA
"listings","NNS","listing",8,"noun","Noun, plural",NA,NA
"Add","VV","add",3,"verb","Verb, base form",NA,NA
"as","IN","as",2,"preposition","Preposition or subordinating conjunction",NA,NA
"many","JJ","many",4,"adjective","Adjective",NA,NA
"real","JJ","real",4,"adjective","Adjective",NA,NA
"estate","NN","estate",6,"noun","Noun, singular or mass",NA,NA
"listings","NNS","listing",8,"noun","Noun, plural",NA,NA
"to","TO","to",2,"to","to",NA,NA
"your","PP$","your",4,"pronoun","Possessive pronoun",NA,NA
"site","NN","site",4,"noun","Noun, singular or mass",NA,NA
"as","IN","as",2,"preposition","Preposition or subordinating conjunction",NA,NA
"you","PP","you",3,"pronoun","Personal pronoun",NA,NA
"like","VVP","like",4,"verb","Verb, non-3rd person singular present",NA,NA
".","SENT",".",1,"fullstop","Sentence ending punctuation",NA,NA
"The","DT","the",3,"determiner","Determiner",NA,NA
"real","JJ","real",4,"adjective","Adjective",NA,NA
"estate","NN","estate",6,"noun","Noun, singular or mass",NA,NA
"listings","NNS","listing",8,"noun","Noun, plural",NA,NA
"plugin","NN","<unknown>",6,"noun","Noun, singular or mass",NA,NA
"lets","VVZ","let",4,"verb","Verb, 3rd person singular present",NA,NA
"you","PP","you",3,"pronoun","Personal pronoun",NA,NA
"create","VV","create",6,"verb","Verb, base form",NA,NA
"real","JJ","real",4,"adjective","Adjective",NA,NA
"estate","NN","estate",6,"noun","Noun, singular or mass",NA,NA
"listings","NNS","listing",8,"noun","Noun, plural",NA,NA
"and","CC","and",3,"conjunction","Coordinating conjunction",NA,NA
"save","VV","save",4,"verb","Verb, base form",NA,NA
"them","PP","them",4,"pronoun","Personal pronoun",NA,NA
"for","IN","for",3,"preposition","Preposition or subordinating conjunction",NA,NA
"when","WRB","when",4,"adverb","Wh-adverb",NA,NA
"ever","RB","ever",4,"adverb","Adverb",NA,NA
"you","PP","you",3,"pronoun","Personal pronoun",NA,NA
"are","VBP","be",3,"verb","Verb, non-3rd person singular present of ""to be""",NA,NA
"ready","JJ","ready",5,"adjective","Adjective",NA,NA
"to","TO","to",2,"to","to",NA,NA
"use","VV","use",3,"verb","Verb, base form",NA,NA
"them","PP","them",4,"pronoun","Personal pronoun",NA,NA
".","SENT",".",1,"fullstop","Sentence ending punctuation",NA,NA
"Installation","NN","installation",12,"noun","Noun, singular or mass",NA,NA
".","SENT",".",1,"fullstop","Sentence ending punctuation",NA,NA
"Upload","NN","upload",6,"noun","Noun, singular or mass",NA,NA
"real","JJ","real",4,"adjective","Adjective",NA,NA
"estate","NN","estate",6,"noun","Noun, singular or mass",NA,NA
"listing","NN","listing",7,"noun","Noun, singular or mass",NA,NA
"to","TO","to",2,"to","to",NA,NA
"the","DT","the",3,"determiner","Determiner",NA,NA
"wp","JJ","<unknown>",2,"adjective","Adjective",NA,NA
"content","NN","content",7,"noun","Noun, singular or mass",NA,NA
"plugins","NNS","<unknown>",7,"noun","Noun, plural",NA,NA
"directory","NN","directory",9,"noun","Noun, singular or mass",NA,NA
".","SENT",".",1,"fullstop","Sentence ending punctuation",NA,NA
"Activate","VV","activate",8,"verb","Verb, base form",NA,NA
"the","DT","the",3,"determiner","Determiner",NA,NA
"plugin","NN","<unknown>",6,"noun","Noun, singular or mass",NA,NA
"through","IN","through",7,"preposition","Preposition or subordinating conjunction",NA,NA
"the","DT","the",3,"determiner","Determiner",NA,NA
"Plugins","NP","<unknown>",7,"name","Proper noun, singular",NA,NA
"menu","NN","menu",4,"noun","Noun, singular or mass",NA,NA
"in","IN","in",2,"preposition","Preposition or subordinating conjunction",NA,NA
"WordPress","NP","<unknown>",9,"name","Proper noun, singular",NA,NA
".","SENT",".",1,"fullstop","Sentence ending punctuation",NA,NA
"Click","NP","Click",5,"name","Proper noun, singular",NA,NA
"Real","NP","Real",4,"name","Proper noun, singular",NA,NA
"Estate","NP","Estate",6,"name","Proper noun, singular",NA,NA
"Listing","NP","<unknown>",7,"name","Proper noun, singular",NA,NA
"on","IN","on",2,"preposition","Preposition or subordinating conjunction",NA,NA
"the","DT","the",3,"determiner","Determiner",NA,NA
"admin","NN","admin",5,"noun","Noun, singular or mass",NA,NA
"menu","NN","menu",4,"noun","Noun, singular or mass",NA,NA
"to","TO","to",2,"to","to",NA,NA
"enable","VV","enable",6,"verb","Verb, base form",NA,NA
"and","CC","and",3,"conjunction","Coordinating conjunction",NA,NA
"set","VV","set",3,"verb","Verb, base form",NA,NA
"your","PP$","your",4,"pronoun","Possessive pronoun",NA,NA
"options","NNS","option",7,"noun","Noun, plural",NA,NA
".","SENT",".",1,"fullstop","Sentence ending punctuation",NA,NA
"Frequently","RB","frequently",10,"adverb","Adverb",NA,NA
"Asked","VVN","ask",5,"verb","Verb, past participle",NA,NA
"Questions","NNS","question",9,"noun","Noun, plural",NA,NA
"Do","VVP","do",2,"verb","Verb, non-3rd person singular present",NA,NA
"I","PP","I",1,"pronoun","Personal pronoun",NA,NA
"have","VHP","have",4,"verb","Verb, non-3rd person singular present of ""to have""",NA,NA
"to","TO","to",2,"to","to",NA,NA
"know","VV","know",4,"verb","Verb, base form",NA,NA
"how","WRB","how",3,"adverb","Wh-adverb",NA,NA
"to","TO","to",2,"to","to",NA,NA
"program","NN","program",7,"noun","Noun, singular or mass",NA,NA
"or","CC","or",2,"conjunction","Coordinating conjunction",NA,NA
"design","NN","design",6,"noun","Noun, singular or mass",NA,NA
"No","RB","no",2,"adverb","Adverb",NA,NA
".","SENT",".",1,"fullstop","Sentence ending punctuation",NA,NA
"The","DT","the",3,"determiner","Determiner",NA,NA
"plugin","NN","<unknown>",6,"noun","Noun, singular or mass",NA,NA
"does","VVZ","do",4,"verb","Verb, 3rd person singular present",NA,NA
"the","DT","the",3,"determiner","Determiner",NA,NA
"programming","NN","programming",11,"noun","Noun, singular or mass",NA,NA
"and","CC","and",3,"conjunction","Coordinating conjunction",NA,NA
"design","NN","design",6,"noun","Noun, singular or mass",NA,NA
".","SENT",".",1,"fullstop","Sentence ending punctuation",NA,NA
"Is","VBZ","be",2,"verb","Verb, 3rd person singular present of ""to be""",NA,NA
"there","RB","there",5,"adverb","Adverb",NA,NA
"a","DT","a",1,"determiner","Determiner",NA,NA
"limit","NN","limit",5,"noun","Noun, singular or mass",NA,NA
"to","TO","to",2,"to","to",NA,NA
"the","DT","the",3,"determiner","Determiner",NA,NA
"number","NN","number",6,"noun","Noun, singular or mass",NA,NA
"of","IN","of",2,"preposition","Preposition or subordinating conjunction",NA,NA
"real","JJ","real",4,"adjective","Adjective",NA,NA
"estate","NN","estate",6,"noun","Noun, singular or mass",NA,NA
"listings","NNS","listing",8,"noun","Noun, plural",NA,NA
"I","PP","I",1,"pronoun","Personal pronoun",NA,NA
"can","MD","can",3,"modal","Modal",NA,NA
"create","VV","create",6,"verb","Verb, base form",NA,NA
"You","PP","you",3,"pronoun","Personal pronoun",NA,NA
"can","MD","can",3,"modal","Modal",NA,NA
"create","VV","create",6,"verb","Verb, base form",NA,NA
"an","DT","an",2,"determiner","Determiner",NA,NA
"unlimited","JJ","unlimited",9,"adjective","Adjective",NA,NA
"number","NN","number",6,"noun","Noun, singular or mass",NA,NA
"of","IN","of",2,"preposition","Preposition or subordinating conjunction",NA,NA
"real","JJ","real",4,"adjective","Adjective",NA,NA
"estate","NN","estate",6,"noun","Noun, singular or mass",NA,NA
"listings","NNS","listing",8,"noun","Noun, plural",NA,NA
".","SENT",".",1,"fullstop","Sentence ending punctuation",NA,NA
"Can","MD","Can",3,"modal","Modal",NA,NA
"the","DT","the",3,"determiner","Determiner",NA,NA
"real","JJ","real",4,"adjective","Adjective",NA,NA
"estate","NN","estate",6,"noun","Noun, singular or mass",NA,NA
"listings","NNS","listing",8,"noun","Noun, plural",NA,NA
"be","VB","be",2,"verb","Verb, base form of ""to be""",NA,NA
"put","VVN","put",3,"verb","Verb, past participle",NA,NA
"on","IN","on",2,"preposition","Preposition or subordinating conjunction",NA,NA
"my","PP$","my",2,"pronoun","Possessive pronoun",NA,NA
"homepage","NN","<unknown>",8,"noun","Noun, singular or mass",NA,NA
"Yes","RB","Yes",3,"adverb","Adverb",NA,NA
",",",",",",1,"comma","Comma",NA,NA
"you","PP","you",3,"pronoun","Personal pronoun",NA,NA
"can","MD","can",3,"modal","Modal",NA,NA
"put","VV","put",3,"verb","Verb, base form",NA,NA
"real","JJ","real",4,"adjective","Adjective",NA,NA
"estate","NN","estate",6,"noun","Noun, singular or mass",NA,NA
"listings","NNS","listing",8,"noun","Noun, plural",NA,NA
"on","IN","on",2,"preposition","Preposition or subordinating conjunction",NA,NA
"your","PP$","your",4,"pronoun","Possessive pronoun",NA,NA
"homepage","NN","<unknown>",8,"noun","Noun, singular or mass",NA,NA
"by","IN","by",2,"preposition","Preposition or subordinating conjunction",NA,NA
"using","VVG","use",5,"verb","Verb, gerund or present participle",NA,NA
"the","DT","the",3,"determiner","Determiner",NA,NA
"real","JJ","real",4,"adjective","Adjective",NA,NA
"estate","NN","estate",6,"noun","Noun, singular or mass",NA,NA
"listings","NNS","listing",8,"noun","Noun, plural",NA,NA
"plugin","NN","<unknown>",6,"noun","Noun, singular or mass",NA,NA
"shortcode","NN","<unknown>",9,"noun","Noun, singular or mass",NA,NA
"on","IN","on",2,"preposition","Preposition or subordinating conjunction",NA,NA
"you","PP","you",3,"pronoun","Personal pronoun",NA,NA
"homepage","NN","<unknown>",8,"noun","Noun, singular or mass",NA,NA
".","SENT",".",1,"fullstop","Sentence ending punctuation",NA,NA
"Can","MD","Can",3,"modal","Modal",NA,NA
"I","PP","I",1,"pronoun","Personal pronoun",NA,NA
"put","VV","put",3,"verb","Verb, base form",NA,NA
"testimonials","NNS","testimonial",12,"noun","Noun, plural",NA,NA
"on","IN","on",2,"preposition","Preposition or subordinating conjunction",NA,NA
"any","DT","any",3,"determiner","Determiner",NA,NA
"post","NN","post",4,"noun","Noun, singular or mass",NA,NA
"or","CC","or",2,"conjunction","Coordinating conjunction",NA,NA
"page","NN","page",4,"noun","Noun, singular or mass",NA,NA
"Yes","RB","Yes",3,"adverb","Adverb",NA,NA
",",",",",",1,"comma","Comma",NA,NA
"use","VVP","use",3,"verb","Verb, non-3rd person singular present",NA,NA
"the","DT","the",3,"determiner","Determiner",NA,NA
"real","JJ","real",4,"adjective","Adjective",NA,NA
"estate","NN","estate",6,"noun","Noun, singular or mass",NA,NA
"listings","NNS","listing",8,"noun","Noun, plural",NA,NA
"shortcode","JJ","<unknown>",9,"adjective","Adjective",NA,NA
",",",",",",1,"comma","Comma",NA,NA
"real","JJ","real",4,"adjective","Adjective",NA,NA
"estate","NN","estate",6,"noun","Noun, singular or mass",NA,NA
"listing","NN","listing",7,"noun","Noun, singular or mass",NA,NA
"id","NN","id",2,"noun","Noun, singular or mass",NA,NA
"postId","NN","<unknown>",6,"noun","Noun, singular or mass",NA,NA
"on","IN","on",2,"preposition","Preposition or subordinating conjunction",NA,NA
"your","PP$","your",4,"pronoun","Possessive pronoun",NA,NA
"pages","NNS","page",5,"noun","Noun, plural",NA,NA
"and","CC","and",3,"conjunction","Coordinating conjunction",NA,NA
"posts","NNS","post",5,"noun","Noun, plural",NA,NA
".","SENT",".",1,"fullstop","Sentence ending punctuation",NA,NA
"Screenshots","NNS","<unknown>",11,"noun","Noun, plural",NA,NA
"See","VV","see",3,"verb","Verb, base form",NA,NA
"screenshots","NNS","<unknown>",11,"noun","Noun, plural",NA,NA
"at","IN","at",2,"preposition","Preposition or subordinating conjunction",NA,NA
"thinklandingpages","NNS","<unknown>",17,"noun","Noun, plural",NA,NA
".","SENT",".",1,"fullstop","Sentence ending punctuation",NA,NA
"com","NN","com",3,"noun","Noun, singular or mass",NA,NA
"Changelog","NP","<unknown>",9,"name","Proper noun, singular",NA,NA
".","SENT",".",1,"fullstop","Sentence ending punctuation",NA,NA
"First","NP","First",5,"name","Proper noun, singular",NA,NA
"Release","NP","Release",7,"name","Proper noun, singular",NA,NA
