"token","tag","lemma","lttr","wclass","desc","stop","stem"
"RealEstate","VV","realestate",10,"verb","Verb, base form",NA,NA
"Real","NP","Real",4,"name","Proper noun, singular",NA,NA
"Estate","NP","Estate",6,"name","Proper noun, singular",NA,NA
"Project","NP","Project",7,"name","Proper noun, singular",NA,NA
"Class","NP","Class",5,"name","Proper noun, singular",NA,NA
"Library","NP","Library",7,"name","Proper noun, singular",NA,NA
"Named","NP","<unknown>",5,"name","Proper noun, singular",NA,NA
"Real","NP","Real",4,"name","Proper noun, singular",NA,NA
"Estate","NP","Estate",6,"name","Proper noun, singular",NA,NA
"Class","NP","Class",5,"name","Proper noun, singular",NA,NA
"Library","NP","Library",7,"name","Proper noun, singular",NA,NA
"Testing","NP","Testing",7,"name","Proper noun, singular",NA,NA
"App","NP","App",3,"name","Proper noun, singular",NA,NA
"Named","NP","<unknown>",5,"name","Proper noun, singular",NA,NA
"Real","NP","Real",4,"name","Proper noun, singular",NA,NA
"Estate","NP","Estate",6,"name","Proper noun, singular",NA,NA
"Console","NP","Console",7,"name","Proper noun, singular",NA,NA
"Ap","NP","<unknown>",2,"name","Proper noun, singular",NA,NA
"Win","NP","Win",3,"name","Proper noun, singular",NA,NA
"Forms","NP","<unknown>",5,"name","Proper noun, singular",NA,NA
"Desktop","NP","Desktop",7,"name","Proper noun, singular",NA,NA
"App","NP","App",3,"name","Proper noun, singular",NA,NA
"Named","NP","<unknown>",5,"name","Proper noun, singular",NA,NA
"Real","NP","Real",4,"name","Proper noun, singular",NA,NA
"Estate","NP","Estate",6,"name","Proper noun, singular",NA,NA
"Desktop","NP","Desktop",7,"name","Proper noun, singular",NA,NA
"App","NP","App",3,"name","Proper noun, singular",NA,NA
"MVC","NP","<unknown>",3,"name","Proper noun, singular",NA,NA
"Web","NP","Web",3,"name","Proper noun, singular",NA,NA
"App","NP","App",3,"name","Proper noun, singular",NA,NA
"Named","NP","<unknown>",5,"name","Proper noun, singular",NA,NA
"Real","NP","Real",4,"name","Proper noun, singular",NA,NA
"Estate","NP","Estate",6,"name","Proper noun, singular",NA,NA
"Web","NP","Web",3,"name","Proper noun, singular",NA,NA
"App","NP","App",3,"name","Proper noun, singular",NA,NA
"Web","NP","Web",3,"name","Proper noun, singular",NA,NA
"Appearance","NP","<unknown>",10,"name","Proper noun, singular",NA,NA
"Testing","NP","Testing",7,"name","Proper noun, singular",NA,NA
"Named","NP","<unknown>",5,"name","Proper noun, singular",NA,NA
"Real","NP","Real",4,"name","Proper noun, singular",NA,NA
"Estate","NP","Estate",6,"name","Proper noun, singular",NA,NA
"Web","NP","Web",3,"name","Proper noun, singular",NA,NA
"App","NP","App",3,"name","Proper noun, singular",NA,NA
"Test","NP","Test",4,"name","Proper noun, singular",NA,NA
