"token","tag","lemma","lttr","wclass","desc","stop","stem"
"django","NN","<unknown>",6,"noun","Noun, singular or mass",NA,NA
"mpd","NN","<unknown>",3,"noun","Noun, singular or mass",NA,NA
"client","NN","client",6,"noun","Noun, singular or mass",NA,NA
"A","DT","a",1,"determiner","Determiner",NA,NA
"Basic","JJ","basic",5,"adjective","Adjective",NA,NA
"client","NN","client",6,"noun","Noun, singular or mass",NA,NA
"for","IN","for",3,"preposition","Preposition or subordinating conjunction",NA,NA
"controlling","VVG","control",11,"verb","Verb, gerund or present participle",NA,NA
"an","DT","an",2,"determiner","Determiner",NA,NA
"MPD","NP","MPD",3,"name","Proper noun, singular",NA,NA
"daemon","NN","daemon",6,"noun","Noun, singular or mass",NA,NA
"through","IN","through",7,"preposition","Preposition or subordinating conjunction",NA,NA
"a","DT","a",1,"determiner","Determiner",NA,NA
"django","NN","<unknown>",6,"noun","Noun, singular or mass",NA,NA
"backed","VVD","back",6,"verb","Verb, past tense",NA,NA
"web","NN","web",3,"noun","Noun, singular or mass",NA,NA
"interface","NN","interface",9,"noun","Noun, singular or mass",NA,NA
".","SENT",".",1,"fullstop","Sentence ending punctuation",NA,NA
"Focus","NN","focus",5,"noun","Noun, singular or mass",NA,NA
"will","MD","will",4,"modal","Modal",NA,NA
"be","VB","be",2,"verb","Verb, base form of ""to be""",NA,NA
"on","IN","on",2,"preposition","Preposition or subordinating conjunction",NA,NA
"devloping","VVG","<unknown>",9,"verb","Verb, gerund or present participle",NA,NA
"for","IN","for",3,"preposition","Preposition or subordinating conjunction",NA,NA
"a","DT","a",1,"determiner","Determiner",NA,NA
"mobile","JJ","mobile",6,"adjective","Adjective",NA,NA
"platform","NN","platform",8,"noun","Noun, singular or mass",NA,NA
"first","RB","first",5,"adverb","Adverb",NA,NA
",",",",",",1,"comma","Comma",NA,NA
"while","IN","while",5,"preposition","Preposition or subordinating conjunction",NA,NA
"accessing","VVG","access",9,"verb","Verb, gerund or present participle",NA,NA
"the","DT","the",3,"determiner","Determiner",NA,NA
"MPDClient","NN","<unknown>",9,"noun","Noun, singular or mass",NA,NA
"through","IN","through",7,"preposition","Preposition or subordinating conjunction",NA,NA
"an","DT","an",2,"determiner","Determiner",NA,NA
"ajax","NN","<unknown>",4,"noun","Noun, singular or mass",NA,NA
"interface","NN","interface",9,"noun","Noun, singular or mass",NA,NA
".","SENT",".",1,"fullstop","Sentence ending punctuation",NA,NA
"Requirements","NNS","requirement",12,"noun","Noun, plural",NA,NA
"Python","NP","<unknown>",6,"name","Proper noun, singular",NA,NA
"with","IN","with",4,"preposition","Preposition or subordinating conjunction",NA,NA
"django","NP","Django",6,"name","Proper noun, singular",NA,NA
"python","NN","python",6,"noun","Noun, singular or mass",NA,NA
"django","NN","<unknown>",6,"noun","Noun, singular or mass",NA,NA
"and","CC","and",3,"conjunction","Coordinating conjunction",NA,NA
"mod","JJ","mod",3,"adjective","Adjective",NA,NA
"wsgi","NN","<unknown>",4,"noun","Noun, singular or mass",NA,NA
"libapache","NN","<unknown>",9,"noun","Noun, singular or mass",NA,NA
"mod","JJ","mod",3,"adjective","Adjective",NA,NA
"wsgi","NP","<unknown>",4,"name","Proper noun, singular",NA,NA
"Apache","NP","Apache",6,"name","Proper noun, singular",NA,NA
"apache","NN","apache",6,"noun","Noun, singular or mass",NA,NA
"Versions","NNS","version",8,"noun","Noun, plural",NA,NA
":","SENT",":",1,"fullstop","Sentence ending punctuation",NA,NA
"Next","NP","Next",4,"name","Proper noun, singular",NA,NA
"Version","NP","Version",7,"name","Proper noun, singular",NA,NA
":","SENT",":",1,"fullstop","Sentence ending punctuation",NA,NA
"Expand","VV","expand",6,"verb","Verb, base form",NA,NA
"supported","VVN","support",9,"verb","Verb, past participle",NA,NA
"webservers","NNS","<unknown>",10,"noun","Noun, plural",NA,NA
".","SENT",".",1,"fullstop","Sentence ending punctuation",NA,NA
"Develop","VV","develop",7,"verb","Verb, base form",NA,NA
"apt","JJ","apt",3,"adjective","Adjective",NA,NA
"get","VVP","get",3,"verb","Verb, non-3rd person singular present",NA,NA
"and","CC","and",3,"conjunction","Coordinating conjunction",NA,NA
"yum","JJ","<unknown>",3,"adjective","Adjective",NA,NA
"compatible","JJ","compatible",10,"adjective","Adjective",NA,NA
"packages","NNS","package",8,"noun","Noun, plural",NA,NA
".","SENT",".",1,"fullstop","Sentence ending punctuation",NA,NA
"Version","NN","version",7,"noun","Noun, singular or mass",NA,NA
".","SENT",".",1,"fullstop","Sentence ending punctuation",NA,NA
"Made","VVN","make",4,"verb","Verb, past participle",NA,NA
"a","DT","a",1,"determiner","Determiner",NA,NA
"brief","JJ","brief",5,"adjective","Adjective",NA,NA
"sidetrack","NN","sidetrack",9,"noun","Noun, singular or mass",NA,NA
"to","TO","to",2,"to","to",NA,NA
"resolve","VV","resolve",7,"verb","Verb, base form",NA,NA
"a","DT","a",1,"determiner","Determiner",NA,NA
"variety","NN","variety",7,"noun","Noun, singular or mass",NA,NA
"of","IN","of",2,"preposition","Preposition or subordinating conjunction",NA,NA
"display","NN","display",7,"noun","Noun, singular or mass",NA,NA
"enhancements","NNS","enhancement",12,"noun","Noun, plural",NA,NA
".","SENT",".",1,"fullstop","Sentence ending punctuation",NA,NA
"Created","VVN","create",7,"verb","Verb, past participle",NA,NA
"and","CC","and",3,"conjunction","Coordinating conjunction",NA,NA
"implemented","VVN","implement",11,"verb","Verb, past participle",NA,NA
"icons","NNS","icon",5,"noun","Noun, plural",NA,NA
"instead","RB","instead",7,"adverb","Adverb",NA,NA
"of","IN","of",2,"preposition","Preposition or subordinating conjunction",NA,NA
"text","NN","text",4,"noun","Noun, singular or mass",NA,NA
"for","IN","for",3,"preposition","Preposition or subordinating conjunction",NA,NA
"pause","NN","pause",5,"noun","Noun, singular or mass",NA,NA
",",",",",",1,"comma","Comma",NA,NA
"play","NN","play",4,"noun","Noun, singular or mass",NA,NA
",",",",",",1,"comma","Comma",NA,NA
"etc","FW","etc",3,"foreign","Foreign word",NA,NA
".","SENT",".",1,"fullstop","Sentence ending punctuation",NA,NA
"Resized","VVD","resize",7,"verb","Verb, past tense",NA,NA
"delete","VV","delete",6,"verb","Verb, base form",NA,NA
"button","NN","button",6,"noun","Noun, singular or mass",NA,NA
"to","TO","to",2,"to","to",NA,NA
"reclaim","VV","reclaim",7,"verb","Verb, base form",NA,NA
"screen","NN","screen",6,"noun","Noun, singular or mass",NA,NA
"real","JJ","real",4,"adjective","Adjective",NA,NA
"estate","NN","estate",6,"noun","Noun, singular or mass",NA,NA
".","SENT",".",1,"fullstop","Sentence ending punctuation",NA,NA
"fixed","VVN","fix",5,"verb","Verb, past participle",NA,NA
"a","DT","a",1,"determiner","Determiner",NA,NA
"bug","NN","bug",3,"noun","Noun, singular or mass",NA,NA
"where","WRB","where",5,"adverb","Wh-adverb",NA,NA
"long","JJ","long",4,"adjective","Adjective",NA,NA
"artists","NNS","artist",7,"noun","Noun, plural",NA,NA
"and","CC","and",3,"conjunction","Coordinating conjunction",NA,NA
"album","NN","album",5,"noun","Noun, singular or mass",NA,NA
"titles","NNS","title",6,"noun","Noun, plural",NA,NA
"would","MD","would",5,"modal","Modal",NA,NA
"wrap","VV","wrap",4,"verb","Verb, base form",NA,NA
"around","RP","around",6,"particle"," Particle",NA,NA
"the","DT","the",3,"determiner","Determiner",NA,NA
"page","NN","page",4,"noun","Noun, singular or mass",NA,NA
".","SENT",".",1,"fullstop","Sentence ending punctuation",NA,NA
"Created","VVN","create",7,"verb","Verb, past participle",NA,NA
"a","DT","a",1,"determiner","Determiner",NA,NA
"home","NN","home",4,"noun","Noun, singular or mass",NA,NA
"icon","NN","icon",4,"noun","Noun, singular or mass",NA,NA
"for","IN","for",3,"preposition","Preposition or subordinating conjunction",NA,NA
"breadcrumbs","NNS","breadcrumb",11,"noun","Noun, plural",NA,NA
".","SENT",".",1,"fullstop","Sentence ending punctuation",NA,NA
"Resolved","VVN","resolve",8,"verb","Verb, past participle",NA,NA
"an","DT","an",2,"determiner","Determiner",NA,NA
"issue","NN","issue",5,"noun","Noun, singular or mass",NA,NA
"that","WDT","that",4,"determiner","Wh-determiner",NA,NA
"would","MD","would",5,"modal","Modal",NA,NA
"cause","VV","cause",5,"verb","Verb, base form",NA,NA
"times","NNS","time",5,"noun","Noun, plural",NA,NA
"that","WDT","that",4,"determiner","Wh-determiner",NA,NA
"could","MD","could",5,"modal","Modal",NA,NA
"not","RB","not",3,"adverb","Adverb",NA,NA
"be","VB","be",2,"verb","Verb, base form of ""to be""",NA,NA
"reported","VVN","report",8,"verb","Verb, past participle",NA,NA
"to","TO","to",2,"to","to",NA,NA
"render","VV","render",6,"verb","Verb, base form",NA,NA
"as","IN","as",2,"preposition","Preposition or subordinating conjunction",NA,NA
"NaN","NP","Nan",3,"name","Proper noun, singular",NA,NA
":","SENT",":",1,"fullstop","Sentence ending punctuation",NA,NA
"NaN","NN","nan",3,"noun","Noun, singular or mass",NA,NA
".","SENT",".",1,"fullstop","Sentence ending punctuation",NA,NA
"Version","NN","version",7,"noun","Noun, singular or mass",NA,NA
".","SENT",".",1,"fullstop","Sentence ending punctuation",NA,NA
"Wrote","VVD","write",5,"verb","Verb, past tense",NA,NA
"apache","NN","apache",6,"noun","Noun, singular or mass",NA,NA
"conf","NN","<unknown>",4,"noun","Noun, singular or mass",NA,NA
"file","NN","file",4,"noun","Noun, singular or mass",NA,NA
"and","CC","and",3,"conjunction","Coordinating conjunction",NA,NA
"wsgi","NN","<unknown>",4,"noun","Noun, singular or mass",NA,NA
"script","NN","script",6,"noun","Noun, singular or mass",NA,NA
".","SENT",".",1,"fullstop","Sentence ending punctuation",NA,NA
"Added","VVN","add",5,"verb","Verb, past participle",NA,NA
"basic","JJ","basic",5,"adjective","Adjective",NA,NA
"installation","NN","installation",12,"noun","Noun, singular or mass",NA,NA
"instructions","NNS","instruction",12,"noun","Noun, plural",NA,NA
".","SENT",".",1,"fullstop","Sentence ending punctuation",NA,NA
"Version","NN","version",7,"noun","Noun, singular or mass",NA,NA
":","SENT",":",1,"fullstop","Sentence ending punctuation",NA,NA
"..",":","...",2,"punctuation","Punctuation",NA,NA
"Fixed","NP","<unknown>",5,"name","Proper noun, singular",NA,NA
"playlist","NN","<unknown>",8,"noun","Noun, singular or mass",NA,NA
"such","JJ","such",4,"adjective","Adjective",NA,NA
"that","IN/that","that",4,"preposition","Preposition or subordinating conjunction",NA,NA
"clicking","VVG","click",8,"verb","Verb, gerund or present participle",NA,NA
"a","DT","a",1,"determiner","Determiner",NA,NA
"link","NN","link",4,"noun","Noun, singular or mass",NA,NA
"plays","VVZ","play",5,"verb","Verb, 3rd person singular present",NA,NA
"the","DT","the",3,"determiner","Determiner",NA,NA
"song","NN","song",4,"noun","Noun, singular or mass",NA,NA
",",",",",",1,"comma","Comma",NA,NA
"as","IN","as",2,"preposition","Preposition or subordinating conjunction",NA,NA
"is","VBZ","be",2,"verb","Verb, 3rd person singular present of ""to be""",NA,NA
"intuitive","JJ","intuitive",9,"adjective","Adjective",NA,NA
".","SENT",".",1,"fullstop","Sentence ending punctuation",NA,NA
"Added","VVD","add",5,"verb","Verb, past tense",NA,NA
"delete","VV","delete",6,"verb","Verb, base form",NA,NA
"button","NN","button",6,"noun","Noun, singular or mass",NA,NA
"to","TO","to",2,"to","to",NA,NA
"playlists","NNS","<unknown>",9,"noun","Noun, plural",NA,NA
".","SENT",".",1,"fullstop","Sentence ending punctuation",NA,NA
"Version","NN","version",7,"noun","Noun, singular or mass",NA,NA
":","SENT",":",1,"fullstop","Sentence ending punctuation",NA,NA
".","SENT",".",1,"fullstop","Sentence ending punctuation",NA,NA
"Add","VV","add",3,"verb","Verb, base form",NA,NA
"songs","NNS","song",5,"noun","Noun, plural",NA,NA
"by","IN","by",2,"preposition","Preposition or subordinating conjunction",NA,NA
"artist","NN","artist",6,"noun","Noun, singular or mass",NA,NA
",",",",",",1,"comma","Comma",NA,NA
"album","NN","album",5,"noun","Noun, singular or mass",NA,NA
",",",",",",1,"comma","Comma",NA,NA
"or","CC","or",2,"conjunction","Coordinating conjunction",NA,NA
"search","VV","search",6,"verb","Verb, base form",NA,NA
"remove","VV","remove",6,"verb","Verb, base form",NA,NA
"songs","NNS","song",5,"noun","Noun, plural",NA,NA
"from","IN","from",4,"preposition","Preposition or subordinating conjunction",NA,NA
"current","JJ","current",7,"adjective","Adjective",NA,NA
"playlist","NN","<unknown>",8,"noun","Noun, singular or mass",NA,NA
"Save","VV","save",4,"verb","Verb, base form",NA,NA
"and","CC","and",3,"conjunction","Coordinating conjunction",NA,NA
"load","VV","load",4,"verb","Verb, base form",NA,NA
"playlists","NNS","<unknown>",9,"noun","Noun, plural",NA,NA
".","SENT",".",1,"fullstop","Sentence ending punctuation",NA,NA
"Version","NN","version",7,"noun","Noun, singular or mass",NA,NA
".","SENT",".",1,"fullstop","Sentence ending punctuation",NA,NA
"Implemented","VVN","implement",11,"verb","Verb, past participle",NA,NA
"basic","JJ","basic",5,"adjective","Adjective",NA,NA
"ajax","NN","<unknown>",4,"noun","Noun, singular or mass",NA,NA
"views","NNS","view",5,"noun","Noun, plural",NA,NA
"for","IN","for",3,"preposition","Preposition or subordinating conjunction",NA,NA
"getting","VVG","get",7,"verb","Verb, gerund or present participle",NA,NA
"status","NN","status",6,"noun","Noun, singular or mass",NA,NA
",",",",",",1,"comma","Comma",NA,NA
"and","CC","and",3,"conjunction","Coordinating conjunction",NA,NA
"controlling","VVG","control",11,"verb","Verb, gerund or present participle",NA,NA
"MPD","NP","MPD",3,"name","Proper noun, singular",NA,NA
".","SENT",".",1,"fullstop","Sentence ending punctuation",NA,NA
"Play","NP","Play",4,"name","Proper noun, singular",NA,NA
"Pause","NP","<unknown>",5,"name","Proper noun, singular",NA,NA
"Previous","JJ","previous",8,"adjective","Adjective",NA,NA
"Next","JJ","next",4,"adjective","Adjective",NA,NA
"Volume","NN","volume",6,"noun","Noun, singular or mass",NA,NA
"Random","NP","Random",6,"name","Proper noun, singular",NA,NA
"Repeat","NP","<unknown>",6,"name","Proper noun, singular",NA,NA
"Implemented","VVD","implement",11,"verb","Verb, past tense",NA,NA
"a","DT","a",1,"determiner","Determiner",NA,NA
"Controls","NP","Controls",8,"name","Proper noun, singular",NA,NA
"index","NN","index",5,"noun","Noun, singular or mass",NA,NA
"page","NN","page",4,"noun","Noun, singular or mass",NA,NA
"capable","JJ","capable",7,"adjective","Adjective",NA,NA
"of","IN","of",2,"preposition","Preposition or subordinating conjunction",NA,NA
"accessing","VVG","access",9,"verb","Verb, gerund or present participle",NA,NA
"the","DT","the",3,"determiner","Determiner",NA,NA
"ajax","NN","<unknown>",4,"noun","Noun, singular or mass",NA,NA
"commands","NNS","command",8,"noun","Noun, plural",NA,NA
",",",",",",1,"comma","Comma",NA,NA
"and","CC","and",3,"conjunction","Coordinating conjunction",NA,NA
"displaying","VVG","display",10,"verb","Verb, gerund or present participle",NA,NA
"the","DT","the",3,"determiner","Determiner",NA,NA
"current","JJ","current",7,"adjective","Adjective",NA,NA
"track","NN","track",5,"noun","Noun, singular or mass",NA,NA
"information","NN","information",11,"noun","Noun, singular or mass",NA,NA
".","SENT",".",1,"fullstop","Sentence ending punctuation",NA,NA
