"token","tag","lemma","lttr","wclass","desc","stop","stem"
":","SENT",":",1,"fullstop","Sentence ending punctuation",NA,NA
"source","NN","source",6,"noun","Noun, singular or mass",NA,NA
"highlighter","NN","<unknown>",11,"noun","Noun, singular or mass",NA,NA
":","SENT",":",1,"fullstop","Sentence ending punctuation",NA,NA
"prettify","VV","prettify",8,"verb","Verb, base form",NA,NA
"image","NN","image",5,"noun","Noun, singular or mass",NA,NA
":","SENT",":",1,"fullstop","Sentence ending punctuation",NA,NA
"NOTE","NN","note",4,"noun","Noun, singular or mass",NA,NA
":","SENT",":",1,"fullstop","Sentence ending punctuation",NA,NA
"This","DT","this",4,"determiner","Determiner",NA,NA
"snapshot","NN","snapshot",8,"noun","Noun, singular or mass",NA,NA
"copy","NN","copy",4,"noun","Noun, singular or mass",NA,NA
"is","VBZ","be",2,"verb","Verb, 3rd person singular present of ""to be""",NA,NA
"captured","VVN","capture",8,"verb","Verb, past participle",NA,NA
"from","IN","from",4,"preposition","Preposition or subordinating conjunction",NA,NA
"SpringOne","NP","<unknown>",9,"name","Proper noun, singular",NA,NA
"GX","NP","<unknown>",2,"name","Proper noun, singular",NA,NA
"in","IN","in",2,"preposition","Preposition or subordinating conjunction",NA,NA
"Washingon","NP","<unknown>",9,"name","Proper noun, singular",NA,NA
",",",",",",1,"comma","Comma",NA,NA
"D.C.","NP","D.C.",4,"name","Proper noun, singular",NA,NA
"Spring","NP","Spring",6,"name","Proper noun, singular",NA,NA
"a","DT","a",1,"determiner","Determiner",NA,NA
"Gram","NP","Gram",4,"name","Proper noun, singular",NA,NA
"is","VBZ","be",2,"verb","Verb, 3rd person singular present of ""to be""",NA,NA
"a","DT","a",1,"determiner","Determiner",NA,NA
"demonstration","NN","demonstration",13,"noun","Noun, singular or mass",NA,NA
"of","IN","of",2,"preposition","Preposition or subordinating conjunction",NA,NA
"the","DT","the",3,"determiner","Determiner",NA,NA
"Spring","NP","Spring",6,"name","Proper noun, singular",NA,NA
"stack","NN","stack",5,"noun","Noun, singular or mass",NA,NA
"used","VVD","use",4,"verb","Verb, past tense",NA,NA
"to","TO","to",2,"to","to",NA,NA
"upload","VV","upload",6,"verb","Verb, base form",NA,NA
"and","CC","and",3,"conjunction","Coordinating conjunction",NA,NA
"view","VV","view",4,"verb","Verb, base form",NA,NA
"pictures","NNS","picture",8,"noun","Noun, plural",NA,NA
".","SENT",".",1,"fullstop","Sentence ending punctuation",NA,NA
"Spring","NP","Spring",6,"name","Proper noun, singular",NA,NA
"Data","NP","Data",4,"name","Proper noun, singular",NA,NA
"REST","NP","<unknown>",4,"name","Proper noun, singular",NA,NA
"makes","VVZ","make",5,"verb","Verb, 3rd person singular present",NA,NA
"it","PP","it",2,"pronoun","Personal pronoun",NA,NA
"incredibly","RB","incredibly",10,"adverb","Adverb",NA,NA
"simple","JJ","simple",6,"adjective","Adjective",NA,NA
"to","TO","to",2,"to","to",NA,NA
"define","VV","define",6,"verb","Verb, base form",NA,NA
"and","CC","and",3,"conjunction","Coordinating conjunction",NA,NA
"export","VV","export",6,"verb","Verb, base form",NA,NA
"data","NN","data",4,"noun","Noun, singular or mass",NA,NA
"store","NN","store",5,"noun","Noun, singular or mass",NA,NA
"entities","NNS","entity",8,"noun","Noun, plural",NA,NA
".","SENT",".",1,"fullstop","Sentence ending punctuation",NA,NA
"What","WP","What",4,"pronoun","Wh-pronoun",NA,NA
"does","VVZ","do",4,"verb","Verb, 3rd person singular present",NA,NA
"this","DT","this",4,"determiner","Determiner",NA,NA
"mean","VVP","mean",4,"verb","Verb, non-3rd person singular present",NA,NA
"You","PP","you",3,"pronoun","Personal pronoun",NA,NA
"declare","VV","declare",7,"verb","Verb, base form",NA,NA
"the","DT","the",3,"determiner","Determiner",NA,NA
"POJOs","NNS","<unknown>",5,"noun","Noun, plural",NA,NA
"that","WDT","that",4,"determiner","Wh-determiner",NA,NA
"are","VBP","be",3,"verb","Verb, non-3rd person singular present of ""to be""",NA,NA
"stored","VVN","store",6,"verb","Verb, past participle",NA,NA
"in","IN","in",2,"preposition","Preposition or subordinating conjunction",NA,NA
"your","PP$","your",4,"pronoun","Possessive pronoun",NA,NA
"database","NN","database",8,"noun","Noun, singular or mass",NA,NA
".","SENT",".",1,"fullstop","Sentence ending punctuation",NA,NA
"In","IN","in",2,"preposition","Preposition or subordinating conjunction",NA,NA
"this","DT","this",4,"determiner","Determiner",NA,NA
"case","NN","case",4,"noun","Noun, singular or mass",NA,NA
",",",",",",1,"comma","Comma",NA,NA
"we","PP","we",2,"pronoun","Personal pronoun",NA,NA
"are","VBP","be",3,"verb","Verb, non-3rd person singular present of ""to be""",NA,NA
"using","VVG","use",5,"verb","Verb, gerund or present participle",NA,NA
"a","DT","a",1,"determiner","Determiner",NA,NA
"JPA","NP","<unknown>",3,"name","Proper noun, singular",NA,NA
",",",",",",1,"comma","Comma",NA,NA
"in","IN","in",2,"preposition","Preposition or subordinating conjunction",NA,NA
"memory","NN","memory",6,"noun","Noun, singular or mass",NA,NA
"data","NNS","datum",4,"noun","Noun, plural",NA,NA
"store","VVP","store",5,"verb","Verb, non-3rd person singular present",NA,NA
".","SENT",".",1,"fullstop","Sentence ending punctuation",NA,NA
"Spring","NP","Spring",6,"name","Proper noun, singular",NA,NA
"Data","NP","Data",4,"name","Proper noun, singular",NA,NA
"REST","NP","<unknown>",4,"name","Proper noun, singular",NA,NA
"supports","VVZ","support",8,"verb","Verb, 3rd person singular present",NA,NA
"other","JJ","other",5,"adjective","Adjective",NA,NA
"data","NNS","datum",4,"noun","Noun, plural",NA,NA
"stores","NNS","store",6,"noun","Noun, plural",NA,NA
"as","RB","as",2,"adverb","Adverb",NA,NA
"well","RB","well",4,"adverb","Adverb",NA,NA
".","SENT",".",1,"fullstop","Sentence ending punctuation",NA,NA
"You","PP","you",3,"pronoun","Personal pronoun",NA,NA
"then","RB","then",4,"adverb","Adverb",NA,NA
"define","VV","define",6,"verb","Verb, base form",NA,NA
"a","DT","a",1,"determiner","Determiner",NA,NA
"related","JJ","related",7,"adjective","Adjective",NA,NA
"repository","NN","repository",10,"noun","Noun, singular or mass",NA,NA
"interface","NN","interface",9,"noun","Noun, singular or mass",NA,NA
".","SENT",".",1,"fullstop","Sentence ending punctuation",NA,NA
"Spring","NP","Spring",6,"name","Proper noun, singular",NA,NA
"Data","NP","Data",4,"name","Proper noun, singular",NA,NA
"REST","NP","<unknown>",4,"name","Proper noun, singular",NA,NA
"takes","VVZ","take",5,"verb","Verb, 3rd person singular present",NA,NA
"it","PP","it",2,"pronoun","Personal pronoun",NA,NA
"from","IN","from",4,"preposition","Preposition or subordinating conjunction",NA,NA
"there","EX","there",5,"existential","Existential there",NA,NA
"to","TO","to",2,"to","to",NA,NA
"create","VV","create",6,"verb","Verb, base form",NA,NA
"a","DT","a",1,"determiner","Determiner",NA,NA
"hypermedia","NN","<unknown>",10,"noun","Noun, singular or mass",NA,NA
"driven","VVN","drive",6,"verb","Verb, past participle",NA,NA
",",",",",",1,"comma","Comma",NA,NA
"RESTful","JJ","restful",7,"adjective","Adjective",NA,NA
"interface","NN","interface",9,"noun","Noun, singular or mass",NA,NA
"using","VVG","use",5,"verb","Verb, gerund or present participle",NA,NA
"Spring","NP","Spring",6,"name","Proper noun, singular",NA,NA
"MVC","NP","<unknown>",3,"name","Proper noun, singular",NA,NA
"that","WDT","that",4,"determiner","Wh-determiner",NA,NA
"lets","VVZ","let",4,"verb","Verb, 3rd person singular present",NA,NA
"you","PP","you",3,"pronoun","Personal pronoun",NA,NA
"create","VV","create",6,"verb","Verb, base form",NA,NA
",",",",",",1,"comma","Comma",NA,NA
"read","VV","read",4,"verb","Verb, base form",NA,NA
",",",",",",1,"comma","Comma",NA,NA
"update","VV","update",6,"verb","Verb, base form",NA,NA
",",",",",",1,"comma","Comma",NA,NA
"and","CC","and",3,"conjunction","Coordinating conjunction",NA,NA
"delete","VV","delete",6,"verb","Verb, base form",NA,NA
"data","NNS","datum",4,"noun","Noun, plural",NA,NA
".","SENT",".",1,"fullstop","Sentence ending punctuation",NA,NA
"This","DT","this",4,"determiner","Determiner",NA,NA
"sample","NN","sample",6,"noun","Noun, singular or mass",NA,NA
"application","NN","application",11,"noun","Noun, singular or mass",NA,NA
"demonstrations","NNS","demonstration",14,"noun","Noun, plural",NA,NA
"how","WRB","how",3,"adverb","Wh-adverb",NA,NA
"declaring","VVG","declare",9,"verb","Verb, gerund or present participle",NA,NA
"a","DT","a",1,"determiner","Determiner",NA,NA
"backend","NN","<unknown>",7,"noun","Noun, singular or mass",NA,NA
"aimed","VVN","aim",5,"verb","Verb, past participle",NA,NA
"at","IN","at",2,"preposition","Preposition or subordinating conjunction",NA,NA
"storing","VVG","store",7,"verb","Verb, gerund or present participle",NA,NA
"image","NN","image",5,"noun","Noun, singular or mass",NA,NA
"data","NNS","datum",4,"noun","Noun, plural",NA,NA
"can","MD","can",3,"modal","Modal",NA,NA
"make","VV","make",4,"verb","Verb, base form",NA,NA
"it","PP","it",2,"pronoun","Personal pronoun",NA,NA
"as","RB","as",2,"adverb","Adverb",NA,NA
"simple","JJ","simple",6,"adjective","Adjective",NA,NA
"as","IN","as",2,"preposition","Preposition or subordinating conjunction",NA,NA
"possible","JJ","possible",8,"adjective","Adjective",NA,NA
"to","TO","to",2,"to","to",NA,NA
"upload","VV","upload",6,"verb","Verb, base form",NA,NA
"pictures","NNS","picture",8,"noun","Noun, plural",NA,NA
"and","CC","and",3,"conjunction","Coordinating conjunction",NA,NA
"then","RB","then",4,"adverb","Adverb",NA,NA
"turn","VV","turn",4,"verb","Verb, base form",NA,NA
"around","RP","around",6,"particle"," Particle",NA,NA
"and","CC","and",3,"conjunction","Coordinating conjunction",NA,NA
"display","VV","display",7,"verb","Verb, base form",NA,NA
"them","PP","them",4,"pronoun","Personal pronoun",NA,NA
"on","IN","on",2,"preposition","Preposition or subordinating conjunction",NA,NA
"a","DT","a",1,"determiner","Determiner",NA,NA
"website","NN","website",7,"noun","Noun, singular or mass",NA,NA
".","SENT",".",1,"fullstop","Sentence ending punctuation",NA,NA
"This","DT","this",4,"determiner","Determiner",NA,NA
"opens","VVZ","open",5,"verb","Verb, 3rd person singular present",NA,NA
"the","DT","the",3,"determiner","Determiner",NA,NA
"door","NN","door",4,"noun","Noun, singular or mass",NA,NA
"to","TO","to",2,"to","to",NA,NA
"other","JJ","other",5,"adjective","Adjective",NA,NA
"front","NN","front",5,"noun","Noun, singular or mass",NA,NA
"ends","NNS","end",4,"noun","Noun, plural",NA,NA
",",",",",",1,"comma","Comma",NA,NA
"like","IN","like",4,"preposition","Preposition or subordinating conjunction",NA,NA
"an","DT","an",2,"determiner","Determiner",NA,NA
"iOS","NP","<unknown>",3,"name","Proper noun, singular",NA,NA
"or","CC","or",2,"conjunction","Coordinating conjunction",NA,NA
"Android","NP","<unknown>",7,"name","Proper noun, singular",NA,NA
"app","NP","App",3,"name","Proper noun, singular",NA,NA
".","SENT",".",1,"fullstop","Sentence ending punctuation",NA,NA
"If","IN","if",2,"preposition","Preposition or subordinating conjunction",NA,NA
"you","PP","you",3,"pronoun","Personal pronoun",NA,NA
"want","VVP","want",4,"verb","Verb, non-3rd person singular present",NA,NA
"to","TO","to",2,"to","to",NA,NA
"run","VV","run",3,"verb","Verb, base form",NA,NA
"it","PP","it",2,"pronoun","Personal pronoun",NA,NA
"right","RB","right",5,"adverb","Adverb",NA,NA
"now","RB","now",3,"adverb","Adverb",NA,NA
",",",",",",1,"comma","Comma",NA,NA
"you","PP","you",3,"pronoun","Personal pronoun",NA,NA
"need","VVP","need",4,"verb","Verb, non-3rd person singular present",NA,NA
":","SENT",":",1,"fullstop","Sentence ending punctuation",NA,NA
"Java","NP","Java",4,"name","Proper noun, singular",NA,NA
"Maven","NP","<unknown>",5,"name","Proper noun, singular",NA,NA
".","SENT",".",1,"fullstop","Sentence ending punctuation",NA,NA
"Bower","NP","Bower",5,"name","Proper noun, singular",NA,NA
".","SENT",".",1,"fullstop","Sentence ending punctuation",NA,NA
"To","TO","To",2,"to","to",NA,NA
"download","NN","<unknown>",8,"noun","Noun, singular or mass",NA,NA
"and","CC","and",3,"conjunction","Coordinating conjunction",NA,NA
"run","NN","run",3,"noun","Noun, singular or mass",NA,NA
":","SENT",":",1,"fullstop","Sentence ending punctuation",NA,NA
".","SENT",".",1,"fullstop","Sentence ending punctuation",NA,NA
"git","NN","git",3,"noun","Noun, singular or mass",NA,NA
"clone","NN","clone",5,"noun","Noun, singular or mass",NA,NA
"git","NN","git",3,"noun","Noun, singular or mass",NA,NA
"github","NN","<unknown>",6,"noun","Noun, singular or mass",NA,NA
".","SENT",".",1,"fullstop","Sentence ending punctuation",NA,NA
"com","NN","com",3,"noun","Noun, singular or mass",NA,NA
":","SENT",":",1,"fullstop","Sentence ending punctuation",NA,NA
"gregturn","NN","<unknown>",8,"noun","Noun, singular or mass",NA,NA
"spring","NN","spring",6,"noun","Noun, singular or mass",NA,NA
"a","DT","a",1,"determiner","Determiner",NA,NA
"gram","NN","gram",4,"noun","Noun, singular or mass",NA,NA
".","SENT",".",1,"fullstop","Sentence ending punctuation",NA,NA
"git","NN","git",3,"noun","Noun, singular or mass",NA,NA
"to","TO","to",2,"to","to",NA,NA
"grab","VV","grab",4,"verb","Verb, base form",NA,NA
"a","DT","a",1,"determiner","Determiner",NA,NA
"local","JJ","local",5,"adjective","Adjective",NA,NA
"copy","NN","copy",4,"noun","Noun, singular or mass",NA,NA
"or","CC","or",2,"conjunction","Coordinating conjunction",NA,NA
"clone","NN","clone",5,"noun","Noun, singular or mass",NA,NA
"your","PP$","your",4,"pronoun","Possessive pronoun",NA,NA
"own","JJ","own",3,"adjective","Adjective",NA,NA
"fork","NN","fork",4,"noun","Noun, singular or mass",NA,NA
".","SENT",".",1,"fullstop","Sentence ending punctuation",NA,NA
".","SENT",".",1,"fullstop","Sentence ending punctuation",NA,NA
"bower","NN","bower",5,"noun","Noun, singular or mass",NA,NA
"install","VVP","install",7,"verb","Verb, non-3rd person singular present",NA,NA
"to","TO","to",2,"to","to",NA,NA
"pull","VV","pull",4,"verb","Verb, base form",NA,NA
"down","RP","down",4,"particle"," Particle",NA,NA
"javascript","NN","<unknown>",10,"noun","Noun, singular or mass",NA,NA
"libraries","NNS","library",9,"noun","Noun, plural",NA,NA
".","SENT",".",1,"fullstop","Sentence ending punctuation",NA,NA
"If","IN","if",2,"preposition","Preposition or subordinating conjunction",NA,NA
"you","PP","you",3,"pronoun","Personal pronoun",NA,NA
"get","VVP","get",3,"verb","Verb, non-3rd person singular present",NA,NA
"prompted","VVN","prompt",8,"verb","Verb, past participle",NA,NA
"about","IN","about",5,"preposition","Preposition or subordinating conjunction",NA,NA
"jQuery","NN","<unknown>",6,"noun","Noun, singular or mass",NA,NA
",",",",",",1,"comma","Comma",NA,NA
"accept","VV","accept",6,"verb","Verb, base form",NA,NA
"the","DT","the",3,"determiner","Determiner",NA,NA
"version","NN","version",7,"noun","Noun, singular or mass",NA,NA
"specified","VVN","specify",9,"verb","Verb, past participle",NA,NA
"in","IN","in",2,"preposition","Preposition or subordinating conjunction",NA,NA
"bower","NN","bower",5,"noun","Noun, singular or mass",NA,NA
".","SENT",".",1,"fullstop","Sentence ending punctuation",NA,NA
"json","NN","<unknown>",4,"noun","Noun, singular or mass",NA,NA
".","SENT",".",1,"fullstop","Sentence ending punctuation",NA,NA
"mvn","NP","<unknown>",3,"name","Proper noun, singular",NA,NA
"clean","JJ","clean",5,"adjective","Adjective",NA,NA
"spring","NN","spring",6,"noun","Noun, singular or mass",NA,NA
"boot","NN","boot",4,"noun","Noun, singular or mass",NA,NA
":","SENT",":",1,"fullstop","Sentence ending punctuation",NA,NA
"run","NN","run",3,"noun","Noun, singular or mass",NA,NA
"NOTE","NN","note",4,"noun","Noun, singular or mass",NA,NA
":","SENT",":",1,"fullstop","Sentence ending punctuation",NA,NA
"To","TO","To",2,"to","to",NA,NA
"deploy","VV","deploy",6,"verb","Verb, base form",NA,NA
"a","DT","a",1,"determiner","Determiner",NA,NA
"copy","NN","copy",4,"noun","Noun, singular or mass",NA,NA
"to","TO","to",2,"to","to",NA,NA
"PWS","NP","PWS",3,"name","Proper noun, singular",NA,NA
",",",",",",1,"comma","Comma",NA,NA
"you","PP","you",3,"pronoun","Personal pronoun",NA,NA
"need","VVP","need",4,"verb","Verb, non-3rd person singular present",NA,NA
"a","DT","a",1,"determiner","Determiner",NA,NA
"Java","NP","Java",4,"name","Proper noun, singular",NA,NA
"build","VV","build",5,"verb","Verb, base form",NA,NA
"pack","NN","pack",4,"noun","Noun, singular or mass",NA,NA
".","SENT",".",1,"fullstop","Sentence ending punctuation",NA,NA
"Execute","VV","execute",7,"verb","Verb, base form",NA,NA
"cf","NN","<unknown>",2,"noun","Noun, singular or mass",NA,NA
"push","NN","push",4,"noun","Noun, singular or mass",NA,NA
"spring","NN","spring",6,"noun","Noun, singular or mass",NA,NA
"a","DT","a",1,"determiner","Determiner",NA,NA
"gram","NN","gram",4,"noun","Noun, singular or mass",NA,NA
"p","NN","p",1,"noun","Noun, singular or mass",NA,NA
"target","NN","target",6,"noun","Noun, singular or mass",NA,NA
"spring","NN","spring",6,"noun","Noun, singular or mass",NA,NA
"a","DT","a",1,"determiner","Determiner",NA,NA
"gram","NN","gram",4,"noun","Noun, singular or mass",NA,NA
"...",":","...",3,"punctuation","Punctuation",NA,NA
"jar","NN","jar",3,"noun","Noun, singular or mass",NA,NA
"b","SYM","b",1,"symbol","Symbol",NA,NA
"This","DT","this",4,"determiner","Determiner",NA,NA
"should","MD","should",6,"modal","Modal",NA,NA
"get","VV","get",3,"verb","Verb, base form",NA,NA
"the","DT","the",3,"determiner","Determiner",NA,NA
"app","NP","App",3,"name","Proper noun, singular",NA,NA
"started","VVD","start",7,"verb","Verb, past tense",NA,NA
"courtesy","NN","courtesy",8,"noun","Noun, singular or mass",NA,NA
"of","IN","of",2,"preposition","Preposition or subordinating conjunction",NA,NA
"Spring","NP","Spring",6,"name","Proper noun, singular",NA,NA
"Boot","NP","Boot",4,"name","Proper noun, singular",NA,NA
".","SENT",".",1,"fullstop","Sentence ending punctuation",NA,NA
"Now","RB","now",3,"adverb","Adverb",NA,NA
"you","PP","you",3,"pronoun","Personal pronoun",NA,NA
"can","MD","can",3,"modal","Modal",NA,NA
"traverse","VV","traverse",8,"verb","Verb, base form",NA,NA
"the","DT","the",3,"determiner","Determiner",NA,NA
"app","NN","<unknown>",3,"noun","Noun, singular or mass",NA,NA
"from","IN","from",4,"preposition","Preposition or subordinating conjunction",NA,NA
"different","JJ","different",9,"adjective","Adjective",NA,NA
"view","NN","view",4,"noun","Noun, singular or mass",NA,NA
"points","NNS","point",6,"noun","Noun, plural",NA,NA
".","SENT",".",1,"fullstop","Sentence ending punctuation",NA,NA
"From","IN","from",4,"preposition","Preposition or subordinating conjunction",NA,NA
"the","DT","the",3,"determiner","Determiner",NA,NA
"command","NN","command",7,"noun","Noun, singular or mass",NA,NA
"line","NN","line",4,"noun","Noun, singular or mass",NA,NA
",",",",",",1,"comma","Comma",NA,NA
"interrogate","VVP","interrogate",11,"verb","Verb, non-3rd person singular present",NA,NA
"the","DT","the",3,"determiner","Determiner",NA,NA
"API","NP","API",3,"name","Proper noun, singular",NA,NA
"with","IN","with",4,"preposition","Preposition or subordinating conjunction",NA,NA
"curl","NN","curl",4,"noun","Noun, singular or mass",NA,NA
"localhost","NN","<unknown>",9,"noun","Noun, singular or mass",NA,NA
":","SENT",":",1,"fullstop","Sentence ending punctuation",NA,NA
"api","NNS","<unknown>",3,"noun","Noun, plural",NA,NA
".","SENT",".",1,"fullstop","Sentence ending punctuation",NA,NA
"Navigate","VV","navigate",8,"verb","Verb, base form",NA,NA
"to","TO","to",2,"to","to",NA,NA
"the","DT","the",3,"determiner","Determiner",NA,NA
"other","JJ","other",5,"adjective","Adjective",NA,NA
"links","NNS","link",5,"noun","Noun, plural",NA,NA
".","SENT",".",1,"fullstop","Sentence ending punctuation",NA,NA
"From","IN","from",4,"preposition","Preposition or subordinating conjunction",NA,NA
"the","DT","the",3,"determiner","Determiner",NA,NA
"desktop","NN","desktop",7,"noun","Noun, singular or mass",NA,NA
",",",",",",1,"comma","Comma",NA,NA
"visit","NN","visit",5,"noun","Noun, singular or mass",NA,NA
"From","IN","from",4,"preposition","Preposition or subordinating conjunction",NA,NA
"a","DT","a",1,"determiner","Determiner",NA,NA
"mobile","JJ","mobile",6,"adjective","Adjective",NA,NA
"device","NN","device",6,"noun","Noun, singular or mass",NA,NA
",",",",",",1,"comma","Comma",NA,NA
"visit","NN","visit",5,"noun","Noun, singular or mass",NA,NA
