"token","tag","lemma","lttr","wclass","desc","stop","stem"
"Simple","JJ","simple",6,"adjective","Adjective",NA,NA
"browser","NN","browser",7,"noun","Noun, singular or mass",NA,NA
"based","VVN","base",5,"verb","Verb, past participle",NA,NA
"mortgage","NN","mortgage",8,"noun","Noun, singular or mass",NA,NA
"calculator","NN","calculator",10,"noun","Noun, singular or mass",NA,NA
"with","IN","with",4,"preposition","Preposition or subordinating conjunction",NA,NA
"graph","NN","graph",5,"noun","Noun, singular or mass",NA,NA
"and","CC","and",3,"conjunction","Coordinating conjunction",NA,NA
"tables","NNS","table",6,"noun","Noun, plural",NA,NA
"that","WDT","that",4,"determiner","Wh-determiner",NA,NA
"update","VVP","update",6,"verb","Verb, non-3rd person singular present",NA,NA
"in","IN","in",2,"preposition","Preposition or subordinating conjunction",NA,NA
"real","JJ","real",4,"adjective","Adjective",NA,NA
"time","NN","time",4,"noun","Noun, singular or mass",NA,NA
".","SENT",".",1,"fullstop","Sentence ending punctuation",NA,NA
"br","NN","<unknown>",2,"noun","Noun, singular or mass",NA,NA
"You","PP","you",3,"pronoun","Personal pronoun",NA,NA
"can","MD","can",3,"modal","Modal",NA,NA
"see","VV","see",3,"verb","Verb, base form",NA,NA
"an","DT","an",2,"determiner","Determiner",NA,NA
"example","NN","example",7,"noun","Noun, singular or mass",NA,NA
"of","IN","of",2,"preposition","Preposition or subordinating conjunction",NA,NA
"usage","NN","usage",5,"noun","Noun, singular or mass",NA,NA
"here","RB","here",4,"adverb","Adverb",NA,NA
":","SENT",":",1,"fullstop","Sentence ending punctuation",NA,NA
"a","DT","a",1,"determiner","Determiner",NA,NA
"target","NN","target",6,"noun","Noun, singular or mass",NA,NA
"blank","JJ","blank",5,"adjective","Adjective",NA,NA
"href","NN","<unknown>",4,"noun","Noun, singular or mass",NA,NA
