"token","tag","lemma","lttr","wclass","desc","stop","stem"
"DreamHouseProject","NNS","<unknown>",17,"noun","Noun, plural",NA,NA
"For","IN","for",3,"preposition","Preposition or subordinating conjunction",NA,NA
"COMP","NP","Comp",4,"name","Proper noun, singular",NA,NA
"Problem","NP","Problem",7,"name","Proper noun, singular",NA,NA
"statement","NN","statement",9,"noun","Noun, singular or mass",NA,NA
"Toronto�","NP","<unknown>",8,"name","Proper noun, singular",NA,NA
"s","NN","S",1,"noun","Noun, singular or mass",NA,NA
"housing","NN","housing",7,"noun","Noun, singular or mass",NA,NA
"market","NN","market",6,"noun","Noun, singular or mass",NA,NA
"is","VBZ","be",2,"verb","Verb, 3rd person singular present of ""to be""",NA,NA
"exploding","VVG","explode",9,"verb","Verb, gerund or present participle",NA,NA
",",",",",",1,"comma","Comma",NA,NA
"and","CC","and",3,"conjunction","Coordinating conjunction",NA,NA
"with","IN","with",4,"preposition","Preposition or subordinating conjunction",NA,NA
"that","DT","that",4,"determiner","Determiner",NA,NA
",",",",",",1,"comma","Comma",NA,NA
"market","NN","market",6,"noun","Noun, singular or mass",NA,NA
"real","JJ","real",4,"adjective","Adjective",NA,NA
"estate","NN","estate",6,"noun","Noun, singular or mass",NA,NA
"companies","NNS","company",9,"noun","Noun, plural",NA,NA
"are","VBP","be",3,"verb","Verb, non-3rd person singular present of ""to be""",NA,NA
"advertising","VVG","advertise",11,"verb","Verb, gerund or present participle",NA,NA
"their","PP$","their",5,"pronoun","Possessive pronoun",NA,NA
"own","JJ","own",3,"adjective","Adjective",NA,NA
"products","NNS","product",8,"noun","Noun, plural",NA,NA
"everywhere","RB","everywhere",10,"adverb","Adverb",NA,NA
".","SENT",".",1,"fullstop","Sentence ending punctuation",NA,NA
"Real","JJ","real",4,"adjective","Adjective",NA,NA
"estate","NN","estate",6,"noun","Noun, singular or mass",NA,NA
"companies","NNS","company",9,"noun","Noun, plural",NA,NA
"use","VVP","use",3,"verb","Verb, non-3rd person singular present",NA,NA
"some","DT","some",4,"determiner","Determiner",NA,NA
"software","NN","software",8,"noun","Noun, singular or mass",NA,NA
"web","NN","web",3,"noun","Noun, singular or mass",NA,NA
"application","NN","application",11,"noun","Noun, singular or mass",NA,NA
"to","TO","to",2,"to","to",NA,NA
"register","VV","register",8,"verb","Verb, base form",NA,NA
"customer","NN","customer",8,"noun","Noun, singular or mass",NA,NA
"but","CC","but",3,"conjunction","Coordinating conjunction",NA,NA
"there","EX","there",5,"existential","Existential there",NA,NA
"are","VBP","be",3,"verb","Verb, non-3rd person singular present of ""to be""",NA,NA
"very","RB","very",4,"adverb","Adverb",NA,NA
"few","JJ","few",3,"adjective","Adjective",NA,NA
"software","NN","software",8,"noun","Noun, singular or mass",NA,NA
"for","IN","for",3,"preposition","Preposition or subordinating conjunction",NA,NA
"the","DT","the",3,"determiner","Determiner",NA,NA
"agents","NNS","agent",6,"noun","Noun, plural",NA,NA
"themselves","PP","themselves",10,"pronoun","Personal pronoun",NA,NA
".","SENT",".",1,"fullstop","Sentence ending punctuation",NA,NA
"Most","RBS","most",4,"adverb","Adverb, superlative",NA,NA
"real","JJ","real",4,"adjective","Adjective",NA,NA
"estate","NN","estate",6,"noun","Noun, singular or mass",NA,NA
"software","NN","software",8,"noun","Noun, singular or mass",NA,NA
"is","VBZ","be",2,"verb","Verb, 3rd person singular present of ""to be""",NA,NA
"web","NN","web",3,"noun","Noun, singular or mass",NA,NA
"based","VVN","base",5,"verb","Verb, past participle",NA,NA
"basic","JJ","basic",5,"adjective","Adjective",NA,NA
"application","NN","application",11,"noun","Noun, singular or mass",NA,NA
"and","CC","and",3,"conjunction","Coordinating conjunction",NA,NA
"is","VBZ","be",2,"verb","Verb, 3rd person singular present of ""to be""",NA,NA
"not","RB","not",3,"adverb","Adverb",NA,NA
"made","VVN","make",4,"verb","Verb, past participle",NA,NA
"for","IN","for",3,"preposition","Preposition or subordinating conjunction",NA,NA
"agents","NNS","agent",6,"noun","Noun, plural",NA,NA
".","SENT",".",1,"fullstop","Sentence ending punctuation",NA,NA
"Proposed","VVN","propose",8,"verb","Verb, past participle",NA,NA
"Solution","NN","solution",8,"noun","Noun, singular or mass",NA,NA
"Dream","NN","dream",5,"noun","Noun, singular or mass",NA,NA
"House","NP","House",5,"name","Proper noun, singular",NA,NA
"Project","NP","Project",7,"name","Proper noun, singular",NA,NA
"aims","VVZ","aim",4,"verb","Verb, 3rd person singular present",NA,NA
"at","IN","at",2,"preposition","Preposition or subordinating conjunction",NA,NA
"achieving","VVG","achieve",9,"verb","Verb, gerund or present participle",NA,NA
"a","DT","a",1,"determiner","Determiner",NA,NA
"breakthrough","NN","breakthrough",12,"noun","Noun, singular or mass",NA,NA
"in","IN","in",2,"preposition","Preposition or subordinating conjunction",NA,NA
"usability","NN","usability",9,"noun","Noun, singular or mass",NA,NA
",",",",",",1,"comma","Comma",NA,NA
"code","NN","code",4,"noun","Noun, singular or mass",NA,NA
"portability","NN","portability",11,"noun","Noun, singular or mass",NA,NA
"and","CC","and",3,"conjunction","Coordinating conjunction",NA,NA
"performance","NN","performance",11,"noun","Noun, singular or mass",NA,NA
"scalability","NN","scalability",11,"noun","Noun, singular or mass",NA,NA
"by","IN","by",2,"preposition","Preposition or subordinating conjunction",NA,NA
"providing","VVG","provide",9,"verb","Verb, gerund or present participle",NA,NA
"an","DT","an",2,"determiner","Determiner",NA,NA
"improved","VVN","improve",8,"verb","Verb, past participle",NA,NA
"system","NN","system",6,"noun","Noun, singular or mass",NA,NA
"which","WDT","which",5,"determiner","Wh-determiner",NA,NA
"can","MD","can",3,"modal","Modal",NA,NA
"holds","VVZ","hold",5,"verb","Verb, 3rd person singular present",NA,NA
"real","JJ","real",4,"adjective","Adjective",NA,NA
"time","NN","time",4,"noun","Noun, singular or mass",NA,NA
"data","NNS","datum",4,"noun","Noun, plural",NA,NA
"of","IN","of",2,"preposition","Preposition or subordinating conjunction",NA,NA
"the","DT","the",3,"determiner","Determiner",NA,NA
"real","JJ","real",4,"adjective","Adjective",NA,NA
"estate","NN","estate",6,"noun","Noun, singular or mass",NA,NA
"market","NN","market",6,"noun","Noun, singular or mass",NA,NA
",",",",",",1,"comma","Comma",NA,NA
"keep","VV","keep",4,"verb","Verb, base form",NA,NA
"on","IN","on",2,"preposition","Preposition or subordinating conjunction",NA,NA
"sale","NN","sale",4,"noun","Noun, singular or mass",NA,NA
"households","NNS","household",10,"noun","Noun, plural",NA,NA
"information","NN","information",11,"noun","Noun, singular or mass",NA,NA
"database","NN","database",8,"noun","Noun, singular or mass",NA,NA
"update","NN","update",6,"noun","Noun, singular or mass",NA,NA
"and","CC","and",3,"conjunction","Coordinating conjunction",NA,NA
"could","MD","could",5,"modal","Modal",NA,NA
"be","VB","be",2,"verb","Verb, base form of ""to be""",NA,NA
"used","VVN","use",4,"verb","Verb, past participle",NA,NA
"by","IN","by",2,"preposition","Preposition or subordinating conjunction",NA,NA
"the","DT","the",3,"determiner","Determiner",NA,NA
"real","JJ","real",4,"adjective","Adjective",NA,NA
"estate","NN","estate",6,"noun","Noun, singular or mass",NA,NA
"company","NN","company",7,"noun","Noun, singular or mass",NA,NA
"agent","NN","agent",5,"noun","Noun, singular or mass",NA,NA
"to","TO","to",2,"to","to",NA,NA
"conduct","VV","conduct",7,"verb","Verb, base form",NA,NA
"search","NN","search",6,"noun","Noun, singular or mass",NA,NA
"out","IN","out",3,"preposition","Preposition or subordinating conjunction",NA,NA
"the","DT","the",3,"determiner","Determiner",NA,NA
"appropriate","JJ","appropriate",11,"adjective","Adjective",NA,NA
"housing","NN","housing",7,"noun","Noun, singular or mass",NA,NA
"for","IN","for",3,"preposition","Preposition or subordinating conjunction",NA,NA
"the","DT","the",3,"determiner","Determiner",NA,NA
"customer","NN","customer",8,"noun","Noun, singular or mass",NA,NA
"easily","RB","easily",6,"adverb","Adverb",NA,NA
"and","CC","and",3,"conjunction","Coordinating conjunction",NA,NA
"efficiently","RB","efficiently",11,"adverb","Adverb",NA,NA
".","SENT",".",1,"fullstop","Sentence ending punctuation",NA,NA
"Team","NP","Team",4,"name","Proper noun, singular",NA,NA
"Members","NP","Members",7,"name","Proper noun, singular",NA,NA
"Sri","NP","Sri",3,"name","Proper noun, singular",NA,NA
"Yoga","NP","<unknown>",4,"name","Proper noun, singular",NA,NA
"sri","NN","sri",3,"noun","Noun, singular or mass",NA,NA
".","SENT",".",1,"fullstop","Sentence ending punctuation",NA,NA
"yoga","NN","yoga",4,"noun","Noun, singular or mass",NA,NA
"hotmail","NN","<unknown>",7,"noun","Noun, singular or mass",NA,NA
".","SENT",".",1,"fullstop","Sentence ending punctuation",NA,NA
"com","NN","com",3,"noun","Noun, singular or mass",NA,NA
"Scrum","NP","<unknown>",5,"name","Proper noun, singular",NA,NA
"Master","NP","Master",6,"name","Proper noun, singular",NA,NA
"Mohammed","NP","Mohammed",8,"name","Proper noun, singular",NA,NA
"Ekram","NP","<unknown>",5,"name","Proper noun, singular",NA,NA
"Ullah","NP","Ullah",5,"name","Proper noun, singular",NA,NA
"ekram","NN","<unknown>",5,"noun","Noun, singular or mass",NA,NA
"yahoo","NN","yahoo",5,"noun","Noun, singular or mass",NA,NA
".","SENT",".",1,"fullstop","Sentence ending punctuation",NA,NA
"com","NN","com",3,"noun","Noun, singular or mass",NA,NA
"Developer","NN","developer",9,"noun","Noun, singular or mass",NA,NA
"Helen","NP","Helen",5,"name","Proper noun, singular",NA,NA
"Pei","NP","Pei",3,"name","Proper noun, singular",NA,NA
"Wang","NP","Wang",4,"name","Proper noun, singular",NA,NA
"peiwang","NN","<unknown>",7,"noun","Noun, singular or mass",NA,NA
"gmail","NN","<unknown>",5,"noun","Noun, singular or mass",NA,NA
".","SENT",".",1,"fullstop","Sentence ending punctuation",NA,NA
"com","NN","com",3,"noun","Noun, singular or mass",NA,NA
"Developer","NN","developer",9,"noun","Noun, singular or mass",NA,NA
"Gowtham","NP","<unknown>",7,"name","Proper noun, singular",NA,NA
"Pinnaka","NP","<unknown>",7,"name","Proper noun, singular",NA,NA
"gowthamppd","NN","<unknown>",10,"noun","Noun, singular or mass",NA,NA
"gmail","NN","<unknown>",5,"noun","Noun, singular or mass",NA,NA
".","SENT",".",1,"fullstop","Sentence ending punctuation",NA,NA
"com","NN","com",3,"noun","Noun, singular or mass",NA,NA
"Developer","NN","developer",9,"noun","Noun, singular or mass",NA,NA
"Santhalingam","NP","<unknown>",12,"name","Proper noun, singular",NA,NA
"Sivasambu","NP","<unknown>",9,"name","Proper noun, singular",NA,NA
"sshawn","NN","<unknown>",6,"noun","Noun, singular or mass",NA,NA
"hotmail","NN","<unknown>",7,"noun","Noun, singular or mass",NA,NA
".","SENT",".",1,"fullstop","Sentence ending punctuation",NA,NA
"ca","MD","ca",2,"modal","Modal",NA,NA
"Developer","NP","<unknown>",9,"name","Proper noun, singular",NA,NA
"Abhishek","NP","<unknown>",8,"name","Proper noun, singular",NA,NA
"Mekwan","NP","<unknown>",6,"name","Proper noun, singular",NA,NA
"abhi","NP","<unknown>",4,"name","Proper noun, singular",NA,NA
".","SENT",".",1,"fullstop","Sentence ending punctuation",NA,NA
"mekwan","NN","<unknown>",6,"noun","Noun, singular or mass",NA,NA
"gmail","NN","<unknown>",5,"noun","Noun, singular or mass",NA,NA
".","SENT",".",1,"fullstop","Sentence ending punctuation",NA,NA
"com","NN","com",3,"noun","Noun, singular or mass",NA,NA
"Developer","NN","developer",9,"noun","Noun, singular or mass",NA,NA
