"token","tag","lemma","lttr","wclass","desc","stop","stem"
"EJSChart","NP","<unknown>",8,"name","Proper noun, singular",NA,NA
"Powerful","NP","<unknown>",8,"name","Proper noun, singular",NA,NA
",",",",",",1,"comma","Comma",NA,NA
"Clean","NP","Clean",5,"name","Proper noun, singular",NA,NA
"Functional","NP","<unknown>",10,"name","Proper noun, singular",NA,NA
"Javascript","NN","<unknown>",10,"noun","Noun, singular or mass",NA,NA
"Charts","NN","<unknown>",6,"noun","Noun, singular or mass",NA,NA
"Whether","IN","whether",7,"preposition","Preposition or subordinating conjunction",NA,NA
"at","IN","at",2,"preposition","Preposition or subordinating conjunction",NA,NA
"home","NN","home",4,"noun","Noun, singular or mass",NA,NA
",",",",",",1,"comma","Comma",NA,NA
"a","DT","a",1,"determiner","Determiner",NA,NA
"medium","NN","medium",6,"noun","Noun, singular or mass",NA,NA
"sized","VVD","size",5,"verb","Verb, past tense",NA,NA
"or","CC","or",2,"conjunction","Coordinating conjunction",NA,NA
"enterprise","NN","enterprise",10,"noun","Noun, singular or mass",NA,NA
"venture","NN","venture",7,"noun","Noun, singular or mass",NA,NA
",",",",",",1,"comma","Comma",NA,NA
"EJSCharts","NP","<unknown>",9,"name","Proper noun, singular",NA,NA
"will","MD","will",4,"modal","Modal",NA,NA
"seamlessly","RB","seamlessly",10,"adverb","Adverb",NA,NA
"help","VV","help",4,"verb","Verb, base form",NA,NA
"you","PP","you",3,"pronoun","Personal pronoun",NA,NA
"represent","VV","represent",9,"verb","Verb, base form",NA,NA
"your","PP$","your",4,"pronoun","Possessive pronoun",NA,NA
"data","NNS","datum",4,"noun","Noun, plural",NA,NA
"more","RBR","more",4,"adverb","Adverb, comparative",NA,NA
"clearly","RB","clearly",7,"adverb","Adverb",NA,NA
"and","CC","and",3,"conjunction","Coordinating conjunction",NA,NA
"efficiently","RB","efficiently",11,"adverb","Adverb",NA,NA
".","SENT",".",1,"fullstop","Sentence ending punctuation",NA,NA
"Compatible","JJ","compatible",10,"adjective","Adjective",NA,NA
"With","IN","with",4,"preposition","Preposition or subordinating conjunction",NA,NA
":","SENT",":",1,"fullstop","Sentence ending punctuation",NA,NA
"IE","NP","Ie",2,"name","Proper noun, singular",NA,NA
"Firefox","NP","<unknown>",7,"name","Proper noun, singular",NA,NA
"Safari","NP","<unknown>",6,"name","Proper noun, singular",NA,NA
"Chrome","NP","<unknown>",6,"name","Proper noun, singular",NA,NA
"Features","NP","<unknown>",8,"name","Proper noun, singular",NA,NA
"Interactive","NP","Interactive",11,"name","Proper noun, singular",NA,NA
"Features","NP","<unknown>",8,"name","Proper noun, singular",NA,NA
"such","JJ","such",4,"adjective","Adjective",NA,NA
"as","IN","as",2,"preposition","Preposition or subordinating conjunction",NA,NA
"Hints","NP","<unknown>",5,"name","Proper noun, singular",NA,NA
",",",",",",1,"comma","Comma",NA,NA
"Mouse","NP","Mouse",5,"name","Proper noun, singular",NA,NA
"Tracking","NP","<unknown>",8,"name","Proper noun, singular",NA,NA
",",",",",",1,"comma","Comma",NA,NA
"Mouse","NP","Mouse",5,"name","Proper noun, singular",NA,NA
"Events","NP","Events",6,"name","Proper noun, singular",NA,NA
",",",",",",1,"comma","Comma",NA,NA
"Key","NP","Key",3,"name","Proper noun, singular",NA,NA
"Tracking","NP","<unknown>",8,"name","Proper noun, singular",NA,NA
",",",",",",1,"comma","Comma",NA,NA
"and","CC","and",3,"conjunction","Coordinating conjunction",NA,NA
"Events","NP","Events",6,"name","Proper noun, singular",NA,NA
",",",",",",1,"comma","Comma",NA,NA
"Zooming","NP","<unknown>",7,"name","Proper noun, singular",NA,NA
",",",",",",1,"comma","Comma",NA,NA
"Scrolling","NN","<unknown>",9,"noun","Noun, singular or mass",NA,NA
",",",",",",1,"comma","Comma",NA,NA
"and","CC","and",3,"conjunction","Coordinating conjunction",NA,NA
"Crosshairs","NNS","<unknown>",10,"noun","Noun, plural",NA,NA
"raise","VVP","raise",5,"verb","Verb, non-3rd person singular present",NA,NA
"interactivity","NN","interactivity",13,"noun","Noun, singular or mass",NA,NA
"and","CC","and",3,"conjunction","Coordinating conjunction",NA,NA
"user","NN","user",4,"noun","Noun, singular or mass",NA,NA
"experience","NN","experience",10,"noun","Noun, singular or mass",NA,NA
"in","IN","in",2,"preposition","Preposition or subordinating conjunction",NA,NA
"web","NN","web",3,"noun","Noun, singular or mass",NA,NA
"charting","VVG","chart",8,"verb","Verb, gerund or present participle",NA,NA
"to","TO","to",2,"to","to",NA,NA
"a","DT","a",1,"determiner","Determiner",NA,NA
"new","JJ","new",3,"adjective","Adjective",NA,NA
"level","NN","level",5,"noun","Noun, singular or mass",NA,NA
".","SENT",".",1,"fullstop","Sentence ending punctuation",NA,NA
"Too","RB","too",3,"adverb","Adverb",NA,NA
"much","JJ","much",4,"adjective","Adjective",NA,NA
"data","NNS","datum",4,"noun","Noun, plural",NA,NA
"and","CC","and",3,"conjunction","Coordinating conjunction",NA,NA
"not","RB","not",3,"adverb","Adverb",NA,NA
"enough","RB","enough",6,"adverb","Adverb",NA,NA
"screen","VV","screen",6,"verb","Verb, base form",NA,NA
"real","JJ","real",4,"adjective","Adjective",NA,NA
"estate","NN","estate",6,"noun","Noun, singular or mass",NA,NA
"Show","VV","show",4,"verb","Verb, base form",NA,NA
"it","PP","it",2,"pronoun","Personal pronoun",NA,NA
"all","DT","all",3,"determiner","Determiner",NA,NA
".","SENT",".",1,"fullstop","Sentence ending punctuation",NA,NA
"Let","VV","let",3,"verb","Verb, base form",NA,NA
"your","PP$","your",4,"pronoun","Possessive pronoun",NA,NA
"end","NN","end",3,"noun","Noun, singular or mass",NA,NA
"users","NNS","user",5,"noun","Noun, plural",NA,NA
"zoom","VVP","zoom",4,"verb","Verb, non-3rd person singular present",NA,NA
"in","IN","in",2,"preposition","Preposition or subordinating conjunction",NA,NA
"on","IN","on",2,"preposition","Preposition or subordinating conjunction",NA,NA
"the","DT","the",3,"determiner","Determiner",NA,NA
"pieces","NNS","piece",6,"noun","Noun, plural",NA,NA
"they","PP","they",4,"pronoun","Personal pronoun",NA,NA
"re","IN","re",2,"preposition","Preposition or subordinating conjunction",NA,NA
"most","JJS","most",4,"adjective","Adjective, superlative",NA,NA
"interested","JJ","interested",10,"adjective","Adjective",NA,NA
"in","IN","in",2,"preposition","Preposition or subordinating conjunction",NA,NA
".","SENT",".",1,"fullstop","Sentence ending punctuation",NA,NA
"Axis","NN","axis",4,"noun","Noun, singular or mass",NA,NA
"locking","VVG","lock",7,"verb","Verb, gerund or present participle",NA,NA
"for","IN","for",3,"preposition","Preposition or subordinating conjunction",NA,NA
"single","JJ","single",6,"adjective","Adjective",NA,NA
"axis","NN","axis",4,"noun","Noun, singular or mass",NA,NA
"zoom","NN","zoom",4,"noun","Noun, singular or mass",NA,NA
",",",",",",1,"comma","Comma",NA,NA
"scrolling","VVG","scroll",9,"verb","Verb, gerund or present participle",NA,NA
"and","CC","and",3,"conjunction","Coordinating conjunction",NA,NA
"automatic","JJ","automatic",9,"adjective","Adjective",NA,NA
"axis","NN","axis",4,"noun","Noun, singular or mass",NA,NA
"scaling","NN","scaling",7,"noun","Noun, singular or mass",NA,NA
"are","VBP","be",3,"verb","Verb, non-3rd person singular present of ""to be""",NA,NA
"all","RB","all",3,"adverb","Adverb",NA,NA
"included","VVN","include",8,"verb","Verb, past participle",NA,NA
".","SENT",".",1,"fullstop","Sentence ending punctuation",NA,NA
"Ajax","NP","Ajax",4,"name","Proper noun, singular",NA,NA
"Driven","NP","<unknown>",6,"name","Proper noun, singular",NA,NA
"Data","NP","Data",4,"name","Proper noun, singular",NA,NA
"EJSChart","NP","<unknown>",8,"name","Proper noun, singular",NA,NA
"supports","VVZ","support",8,"verb","Verb, 3rd person singular present",NA,NA
"XML","NP","<unknown>",3,"name","Proper noun, singular",NA,NA
"formatted","VVN","format",9,"verb","Verb, past participle",NA,NA
"data","NNS","datum",4,"noun","Noun, plural",NA,NA
"and","CC","and",3,"conjunction","Coordinating conjunction",NA,NA
"loads","NNS","load",5,"noun","Noun, plural",NA,NA
"data","NNS","datum",4,"noun","Noun, plural",NA,NA
"on","IN","on",2,"preposition","Preposition or subordinating conjunction",NA,NA
"the","DT","the",3,"determiner","Determiner",NA,NA
"fly","NN","fly",3,"noun","Noun, singular or mass",NA,NA
".","SENT",".",1,"fullstop","Sentence ending punctuation",NA,NA
"New","JJ","new",3,"adjective","Adjective",NA,NA
"series","NN","series",6,"noun","Noun, singular or mass",NA,NA
"can","MD","can",3,"modal","Modal",NA,NA
"be","VB","be",2,"verb","Verb, base form of ""to be""",NA,NA
"added","VVN","add",5,"verb","Verb, past participle",NA,NA
"and","CC","and",3,"conjunction","Coordinating conjunction",NA,NA
"data","NNS","datum",4,"noun","Noun, plural",NA,NA
"updated","VVN","update",7,"verb","Verb, past participle",NA,NA
"in","IN","in",2,"preposition","Preposition or subordinating conjunction",NA,NA
"real","JJ","real",4,"adjective","Adjective",NA,NA
"time","NN","time",4,"noun","Noun, singular or mass",NA,NA
"without","IN","without",7,"preposition","Preposition or subordinating conjunction",NA,NA
"page","NN","page",4,"noun","Noun, singular or mass",NA,NA
"reloads","NNS","reload",7,"noun","Noun, plural",NA,NA
".","SENT",".",1,"fullstop","Sentence ending punctuation",NA,NA
"Stackable","NP","<unknown>",9,"name","Proper noun, singular",NA,NA
"Series","NP","Series",6,"name","Proper noun, singular",NA,NA
"Multiple","NP","<unknown>",8,"name","Proper noun, singular",NA,NA
"chart","NN","chart",5,"noun","Noun, singular or mass",NA,NA
"series","NN","series",6,"noun","Noun, singular or mass",NA,NA
"can","MD","can",3,"modal","Modal",NA,NA
"be","VB","be",2,"verb","Verb, base form of ""to be""",NA,NA
"stacked","VVN","stack",7,"verb","Verb, past participle",NA,NA
"and","CC","and",3,"conjunction","Coordinating conjunction",NA,NA
"combined","VVN","combine",8,"verb","Verb, past participle",NA,NA
"to","TO","to",2,"to","to",NA,NA
"fit","VV","fit",3,"verb","Verb, base form",NA,NA
"many","JJ","many",4,"adjective","Adjective",NA,NA
"charting","VVG","chart",8,"verb","Verb, gerund or present participle",NA,NA
"needs","NNS","need",5,"noun","Noun, plural",NA,NA
".","SENT",".",1,"fullstop","Sentence ending punctuation",NA,NA
"Plugin","NP","<unknown>",6,"name","Proper noun, singular",NA,NA
"Free","NP","Free",4,"name","Proper noun, singular",NA,NA
"pure","JJ","pure",4,"adjective","Adjective",NA,NA
"Javascript","NN","<unknown>",10,"noun","Noun, singular or mass",NA,NA
"Charting","NN","<unknown>",8,"noun","Noun, singular or mass",NA,NA
"solution","NN","solution",8,"noun","Noun, singular or mass",NA,NA
".","SENT",".",1,"fullstop","Sentence ending punctuation",NA,NA
"No","DT","no",2,"determiner","Determiner",NA,NA
"more","JJR","more",4,"adjective","Adjective, comparative",NA,NA
"worries","NNS","worry",7,"noun","Noun, plural",NA,NA
"of","IN","of",2,"preposition","Preposition or subordinating conjunction",NA,NA
"incompatible","JJ","incompatible",12,"adjective","Adjective",NA,NA
"plugin","NN","<unknown>",6,"noun","Noun, singular or mass",NA,NA
"versions","NNS","version",8,"noun","Noun, plural",NA,NA
"or","CC","or",2,"conjunction","Coordinating conjunction",NA,NA
"confusing","JJ","confusing",9,"adjective","Adjective",NA,NA
"security","NN","security",8,"noun","Noun, singular or mass",NA,NA
"warnings","NNS","warning",8,"noun","Noun, plural",NA,NA
".","SENT",".",1,"fullstop","Sentence ending punctuation",NA,NA
"EJSChart","NP","<unknown>",8,"name","Proper noun, singular",NA,NA
"is","VBZ","be",2,"verb","Verb, 3rd person singular present of ""to be""",NA,NA
"pure","JJ","pure",4,"adjective","Adjective",NA,NA
"JavaScript","NN","<unknown>",10,"noun","Noun, singular or mass",NA,NA
"and","CC","and",3,"conjunction","Coordinating conjunction",NA,NA
"requires","VVZ","require",8,"verb","Verb, 3rd person singular present",NA,NA
"no","DT","no",2,"determiner","Determiner",NA,NA
"client","NN","client",6,"noun","Noun, singular or mass",NA,NA
"installation","NN","installation",12,"noun","Noun, singular or mass",NA,NA
".","SENT",".",1,"fullstop","Sentence ending punctuation",NA,NA
"Setup","NN","setup",5,"noun","Noun, singular or mass",NA,NA
"Implementation","NP","Implementation",14,"name","Proper noun, singular",NA,NA
"Instructions","NP","<unknown>",12,"name","Proper noun, singular",NA,NA
"Download","NP","<unknown>",8,"name","Proper noun, singular",NA,NA
"the","DT","the",3,"determiner","Determiner",NA,NA
"ZIP","NP","<unknown>",3,"name","Proper noun, singular",NA,NA
"file","NN","file",4,"noun","Noun, singular or mass",NA,NA
"for","IN","for",3,"preposition","Preposition or subordinating conjunction",NA,NA
"this","DT","this",4,"determiner","Determiner",NA,NA
"EJSCharts","JJ","<unknown>",9,"adjective","Adjective",NA,NA
"repository","NN","repository",10,"noun","Noun, singular or mass",NA,NA
".","SENT",".",1,"fullstop","Sentence ending punctuation",NA,NA
"Create","VV","create",6,"verb","Verb, base form",NA,NA
"a","DT","a",1,"determiner","Determiner",NA,NA
"new","JJ","new",3,"adjective","Adjective",NA,NA
"directory","NN","directory",9,"noun","Noun, singular or mass",NA,NA
"in","IN","in",2,"preposition","Preposition or subordinating conjunction",NA,NA
"your","PP$","your",4,"pronoun","Possessive pronoun",NA,NA
"webroot","NN","<unknown>",7,"noun","Noun, singular or mass",NA,NA
"to","TO","to",2,"to","to",NA,NA
"house","VV","house",5,"verb","Verb, base form",NA,NA
"the","DT","the",3,"determiner","Determiner",NA,NA
"EJSCharts","JJ","<unknown>",9,"adjective","Adjective",NA,NA
"code","NN","code",4,"noun","Noun, singular or mass",NA,NA
".","SENT",".",1,"fullstop","Sentence ending punctuation",NA,NA
"Unzip","VV","unzip",5,"verb","Verb, base form",NA,NA
"the","DT","the",3,"determiner","Determiner",NA,NA
"contents","NNS","content",8,"noun","Noun, plural",NA,NA
"of","IN","of",2,"preposition","Preposition or subordinating conjunction",NA,NA
"the","DT","the",3,"determiner","Determiner",NA,NA
"EJSCharts","NP","<unknown>",9,"name","Proper noun, singular",NA,NA
"ZIP","NP","<unknown>",3,"name","Proper noun, singular",NA,NA
"file","VV","file",4,"verb","Verb, base form",NA,NA
"you","PP","you",3,"pronoun","Personal pronoun",NA,NA
"downloaded","JJ","<unknown>",10,"adjective","Adjective",NA,NA
"into","IN","into",4,"preposition","Preposition or subordinating conjunction",NA,NA
"the","DT","the",3,"determiner","Determiner",NA,NA
"directory","NN","directory",9,"noun","Noun, singular or mass",NA,NA
"you","PP","you",3,"pronoun","Personal pronoun",NA,NA
"created","VVD","create",7,"verb","Verb, past tense",NA,NA
".","SENT",".",1,"fullstop","Sentence ending punctuation",NA,NA
"Include","VV","include",7,"verb","Verb, base form",NA,NA
"the","DT","the",3,"determiner","Determiner",NA,NA
"EJSChart","NP","<unknown>",8,"name","Proper noun, singular",NA,NA
".","SENT",".",1,"fullstop","Sentence ending punctuation",NA,NA
"min","NP","min",3,"name","Proper noun, singular",NA,NA
".","SENT",".",1,"fullstop","Sentence ending punctuation",NA,NA
"js","NNS","<unknown>",2,"noun","Noun, plural",NA,NA
"file","VVP","file",4,"verb","Verb, non-3rd person singular present",NA,NA
"in","IN","in",2,"preposition","Preposition or subordinating conjunction",NA,NA
"the","DT","the",3,"determiner","Determiner",NA,NA
"HEAD","JJ","head",4,"adjective","Adjective",NA,NA
"portion","NN","portion",7,"noun","Noun, singular or mass",NA,NA
"of","IN","of",2,"preposition","Preposition or subordinating conjunction",NA,NA
"your","PP$","your",4,"pronoun","Possessive pronoun",NA,NA
"HTML","NP","<unknown>",4,"name","Proper noun, singular",NA,NA
"file","NN","file",4,"noun","Noun, singular or mass",NA,NA
"using","VVG","use",5,"verb","Verb, gerund or present participle",NA,NA
"the","DT","the",3,"determiner","Determiner",NA,NA
"following","VVG","follow",9,"verb","Verb, gerund or present participle",NA,NA
"code","NN","code",4,"noun","Noun, singular or mass",NA,NA
":","SENT",":",1,"fullstop","Sentence ending punctuation",NA,NA
"script","NN","script",6,"noun","Noun, singular or mass",NA,NA
"src","NN","<unknown>",3,"noun","Noun, singular or mass",NA,NA
".","SENT",".",1,"fullstop","Sentence ending punctuation",NA,NA
"path","NN","path",4,"noun","Noun, singular or mass",NA,NA
"to","TO","to",2,"to","to",NA,NA
"your","PP$","your",4,"pronoun","Possessive pronoun",NA,NA
"directory","NN","directory",9,"noun","Noun, singular or mass",NA,NA
"EJSChart","NP","<unknown>",8,"name","Proper noun, singular",NA,NA
".","SENT",".",1,"fullstop","Sentence ending punctuation",NA,NA
"min","NP","min",3,"name","Proper noun, singular",NA,NA
".","SENT",".",1,"fullstop","Sentence ending punctuation",NA,NA
"js","NNS","<unknown>",2,"noun","Noun, plural",NA,NA
"script","VVP","script",6,"verb","Verb, non-3rd person singular present",NA,NA
"Creating","VVG","create",8,"verb","Verb, gerund or present participle",NA,NA
"Your","PP$","your",4,"pronoun","Possessive pronoun",NA,NA
"First","NP","First",5,"name","Proper noun, singular",NA,NA
"Chart","NP","<unknown>",5,"name","Proper noun, singular",NA,NA
"Create","NP","<unknown>",6,"name","Proper noun, singular",NA,NA
"a","DT","a",1,"determiner","Determiner",NA,NA
"DIV","NP","<unknown>",3,"name","Proper noun, singular",NA,NA
"elmeent","NN","<unknown>",7,"noun","Noun, singular or mass",NA,NA
"in","IN","in",2,"preposition","Preposition or subordinating conjunction",NA,NA
"your","PP$","your",4,"pronoun","Possessive pronoun",NA,NA
"HTML","NP","<unknown>",4,"name","Proper noun, singular",NA,NA
"page","NN","page",4,"noun","Noun, singular or mass",NA,NA
"where","WRB","where",5,"adverb","Wh-adverb",NA,NA
"you","PP","you",3,"pronoun","Personal pronoun",NA,NA
"want","VVP","want",4,"verb","Verb, non-3rd person singular present",NA,NA
"the","DT","the",3,"determiner","Determiner",NA,NA
"chart","NN","chart",5,"noun","Noun, singular or mass",NA,NA
"to","TO","to",2,"to","to",NA,NA
"display","VV","display",7,"verb","Verb, base form",NA,NA
"and","CC","and",3,"conjunction","Coordinating conjunction",NA,NA
"give","VV","give",4,"verb","Verb, base form",NA,NA
"it","PP","it",2,"pronoun","Personal pronoun",NA,NA
"an","DT","an",2,"determiner","Determiner",NA,NA
"id","NN","id",2,"noun","Noun, singular or mass",NA,NA
".","SENT",".",1,"fullstop","Sentence ending punctuation",NA,NA
"div","NN","div",3,"noun","Noun, singular or mass",NA,NA
"id","NN","id",2,"noun","Noun, singular or mass",NA,NA
"myChart","NN","<unknown>",7,"noun","Noun, singular or mass",NA,NA
"div","NN","div",3,"noun","Noun, singular or mass",NA,NA
"Add","VV","add",3,"verb","Verb, base form",NA,NA
"a","DT","a",1,"determiner","Determiner",NA,NA
"script","NN","script",6,"noun","Noun, singular or mass",NA,NA
"block","NN","block",5,"noun","Noun, singular or mass",NA,NA
"to","TO","to",2,"to","to",NA,NA
"create","VV","create",6,"verb","Verb, base form",NA,NA
"the","DT","the",3,"determiner","Determiner",NA,NA
"chart","NN","chart",5,"noun","Noun, singular or mass",NA,NA
".","SENT",".",1,"fullstop","Sentence ending punctuation",NA,NA
"script","NN","script",6,"noun","Noun, singular or mass",NA,NA
"var","NN","var",3,"noun","Noun, singular or mass",NA,NA
"chart","NN","chart",5,"noun","Noun, singular or mass",NA,NA
"new","JJ","new",3,"adjective","Adjective",NA,NA
"EJSC","NP","<unknown>",4,"name","Proper noun, singular",NA,NA
".","SENT",".",1,"fullstop","Sentence ending punctuation",NA,NA
"Chart","NN","chart",5,"noun","Noun, singular or mass",NA,NA
"myChart","NN","<unknown>",7,"noun","Noun, singular or mass",NA,NA
"script","NN","script",6,"noun","Noun, singular or mass",NA,NA
"Add","VV","add",3,"verb","Verb, base form",NA,NA
"series","NN","series",6,"noun","Noun, singular or mass",NA,NA
"to","TO","to",2,"to","to",NA,NA
"the","DT","the",3,"determiner","Determiner",NA,NA
"chart","NN","chart",5,"noun","Noun, singular or mass",NA,NA
"see","VV","see",3,"verb","Verb, base form",NA,NA
"the","DT","the",3,"determiner","Determiner",NA,NA
"Examples","NNS","example",8,"noun","Noun, plural",NA,NA
"examples","NNS","example",8,"noun","Noun, plural",NA,NA
"area","NN","area",4,"noun","Noun, singular or mass",NA,NA
"for","IN","for",3,"preposition","Preposition or subordinating conjunction",NA,NA
"examples","NNS","example",8,"noun","Noun, plural",NA,NA
"of","IN","of",2,"preposition","Preposition or subordinating conjunction",NA,NA
"adding","VVG","add",6,"verb","Verb, gerund or present participle",NA,NA
"series","NN","series",6,"noun","Noun, singular or mass",NA,NA
".","SENT",".",1,"fullstop","Sentence ending punctuation",NA,NA
"License","VVP","license",7,"verb","Verb, non-3rd person singular present",NA,NA
"Please","RB","please",6,"adverb","Adverb",NA,NA
"see","VV","see",3,"verb","Verb, base form",NA,NA
"the","DT","the",3,"determiner","Determiner",NA,NA
"LICENSE","NP","License",7,"name","Proper noun, singular",NA,NA
".","SENT",".",1,"fullstop","Sentence ending punctuation",NA,NA
"txt","NN","<unknown>",3,"noun","Noun, singular or mass",NA,NA
"license","NN","license",7,"noun","Noun, singular or mass",NA,NA
"file","NN","file",4,"noun","Noun, singular or mass",NA,NA
"for","IN","for",3,"preposition","Preposition or subordinating conjunction",NA,NA
"license","NN","license",7,"noun","Noun, singular or mass",NA,NA
"information","NN","information",11,"noun","Noun, singular or mass",NA,NA
".","SENT",".",1,"fullstop","Sentence ending punctuation",NA,NA
"examples","NNS","example",8,"noun","Noun, plural",NA,NA
":","SENT",":",1,"fullstop","Sentence ending punctuation",NA,NA
"license","NN","license",7,"noun","Noun, singular or mass",NA,NA
":","SENT",":",1,"fullstop","Sentence ending punctuation",NA,NA
".","SENT",".",1,"fullstop","Sentence ending punctuation",NA,NA
"LICENSE","NN","license",7,"noun","Noun, singular or mass",NA,NA
".","SENT",".",1,"fullstop","Sentence ending punctuation",NA,NA
"txt","NN","<unknown>",3,"noun","Noun, singular or mass",NA,NA
