"token","tag","lemma","lttr","wclass","desc","stop","stem"
"WPCasa","NP","<unknown>",6,"name","Proper noun, singular",NA,NA
"Real","NP","Real",4,"name","Proper noun, singular",NA,NA
"Estate","NP","Estate",6,"name","Proper noun, singular",NA,NA
"License","NP","License",7,"name","Proper noun, singular",NA,NA
"WPCasa","NP","<unknown>",6,"name","Proper noun, singular",NA,NA
"is","VBZ","be",2,"verb","Verb, 3rd person singular present of ""to be""",NA,NA
"a","DT","a",1,"determiner","Determiner",NA,NA
"flexible","JJ","flexible",8,"adjective","Adjective",NA,NA
"WordPress","NN","<unknown>",9,"noun","Noun, singular or mass",NA,NA
"solution","NN","solution",8,"noun","Noun, singular or mass",NA,NA
"to","TO","to",2,"to","to",NA,NA
"create","VV","create",6,"verb","Verb, base form",NA,NA
"professional","JJ","professional",12,"adjective","Adjective",NA,NA
"real","JJ","real",4,"adjective","Adjective",NA,NA
"estate","NN","estate",6,"noun","Noun, singular or mass",NA,NA
"websites","NNS","<unknown>",8,"noun","Noun, plural",NA,NA
"and","CC","and",3,"conjunction","Coordinating conjunction",NA,NA
"manage","VV","manage",6,"verb","Verb, base form",NA,NA
"property","NN","property",8,"noun","Noun, singular or mass",NA,NA
"listings","NNS","listing",8,"noun","Noun, plural",NA,NA
"with","IN","with",4,"preposition","Preposition or subordinating conjunction",NA,NA
"ease","NN","ease",4,"noun","Noun, singular or mass",NA,NA
".","SENT",".",1,"fullstop","Sentence ending punctuation",NA,NA
"Please","UH","Please",6,"interjection","Interjection",NA,NA
"find","VV","find",4,"verb","Verb, base form",NA,NA
"more","JJR","more",4,"adjective","Adjective, comparative",NA,NA
"information","NN","information",11,"noun","Noun, singular or mass",NA,NA
"at","IN","at",2,"preposition","Preposition or subordinating conjunction",NA,NA
"wpcasa","NN","<unknown>",6,"noun","Noun, singular or mass",NA,NA
".","SENT",".",1,"fullstop","Sentence ending punctuation",NA,NA
"com","NN","com",3,"noun","Noun, singular or mass",NA,NA
"Description","NP","<unknown>",11,"name","Proper noun, singular",NA,NA
"WPCasa","NP","<unknown>",6,"name","Proper noun, singular",NA,NA
"is","VBZ","be",2,"verb","Verb, 3rd person singular present of ""to be""",NA,NA
"a","DT","a",1,"determiner","Determiner",NA,NA
"FREE","JJ","free",4,"adjective","Adjective",NA,NA
"WordPress","NN","<unknown>",9,"noun","Noun, singular or mass",NA,NA
"plugin","NN","<unknown>",6,"noun","Noun, singular or mass",NA,NA
"that","WDT","that",4,"determiner","Wh-determiner",NA,NA
"fully","RB","fully",5,"adverb","Adverb",NA,NA
"integrates","VVZ","integrate",10,"verb","Verb, 3rd person singular present",NA,NA
"with","IN","with",4,"preposition","Preposition or subordinating conjunction",NA,NA
"the","DT","the",3,"determiner","Determiner",NA,NA
"familiar","JJ","familiar",8,"adjective","Adjective",NA,NA
"and","CC","and",3,"conjunction","Coordinating conjunction",NA,NA
"easy","JJ","easy",4,"adjective","Adjective",NA,NA
"to","TO","to",2,"to","to",NA,NA
"use","VV","use",3,"verb","Verb, base form",NA,NA
"interface","NN","interface",9,"noun","Noun, singular or mass",NA,NA
"that","IN/that","that",4,"preposition","Preposition or subordinating conjunction",NA,NA
"WordPress","NP","<unknown>",9,"name","Proper noun, singular",NA,NA
"is","VBZ","be",2,"verb","Verb, 3rd person singular present of ""to be""",NA,NA
"famous","JJ","famous",6,"adjective","Adjective",NA,NA
"for","IN","for",3,"preposition","Preposition or subordinating conjunction",NA,NA
".","SENT",".",1,"fullstop","Sentence ending punctuation",NA,NA
"Adding","VVG","add",6,"verb","Verb, gerund or present participle",NA,NA
"property","NN","property",8,"noun","Noun, singular or mass",NA,NA
"details","NNS","detail",7,"noun","Noun, plural",NA,NA
",",",",",",1,"comma","Comma",NA,NA
"location","NN","location",8,"noun","Noun, singular or mass",NA,NA
"information","NN","information",11,"noun","Noun, singular or mass",NA,NA
",",",",",",1,"comma","Comma",NA,NA
"image","NN","image",5,"noun","Noun, singular or mass",NA,NA
"galleries","NNS","gallery",9,"noun","Noun, plural",NA,NA
"and","CC","and",3,"conjunction","Coordinating conjunction",NA,NA
"more","JJR","more",4,"adjective","Adjective, comparative",NA,NA
"is","VBZ","be",2,"verb","Verb, 3rd person singular present of ""to be""",NA,NA
"a","DT","a",1,"determiner","Determiner",NA,NA
"breeze","NN","breeze",6,"noun","Noun, singular or mass",NA,NA
"using","VVG","use",5,"verb","Verb, gerund or present participle",NA,NA
"the","DT","the",3,"determiner","Determiner",NA,NA
"intuitive","JJ","intuitive",9,"adjective","Adjective",NA,NA
"WPCasa","NP","<unknown>",6,"name","Proper noun, singular",NA,NA
"listing","NN","listing",7,"noun","Noun, singular or mass",NA,NA
"editor","NN","editor",6,"noun","Noun, singular or mass",NA,NA
".","SENT",".",1,"fullstop","Sentence ending punctuation",NA,NA
"The","DT","the",3,"determiner","Determiner",NA,NA
"powerful","JJ","powerful",8,"adjective","Adjective",NA,NA
"advanced","JJ","advanced",8,"adjective","Adjective",NA,NA
"property","NN","property",8,"noun","Noun, singular or mass",NA,NA
"search","NN","search",6,"noun","Noun, singular or mass",NA,NA
"ensures","VVZ","ensure",7,"verb","Verb, 3rd person singular present",NA,NA
"that","IN/that","that",4,"preposition","Preposition or subordinating conjunction",NA,NA
"potential","JJ","potential",9,"adjective","Adjective",NA,NA
"clients","NNS","client",7,"noun","Noun, plural",NA,NA
"find","VVP","find",4,"verb","Verb, non-3rd person singular present",NA,NA
"the","DT","the",3,"determiner","Determiner",NA,NA
"listing","NN","listing",7,"noun","Noun, singular or mass",NA,NA
"they","PP","they",4,"pronoun","Personal pronoun",NA,NA
"are","VBP","be",3,"verb","Verb, non-3rd person singular present of ""to be""",NA,NA
"looking","VVG","look",7,"verb","Verb, gerund or present participle",NA,NA
"for","IN","for",3,"preposition","Preposition or subordinating conjunction",NA,NA
"in","IN","in",2,"preposition","Preposition or subordinating conjunction",NA,NA
"no","DT","no",2,"determiner","Determiner",NA,NA
"time","NN","time",4,"noun","Noun, singular or mass",NA,NA
".","SENT",".",1,"fullstop","Sentence ending punctuation",NA,NA
"Demo","NP","Demo",4,"name","Proper noun, singular",NA,NA
"Please","RB","please",6,"adverb","Adverb",NA,NA
"feel","VVP","feel",4,"verb","Verb, non-3rd person singular present",NA,NA
"free","JJ","free",4,"adjective","Adjective",NA,NA
"to","TO","to",2,"to","to",NA,NA
"visit","VV","visit",5,"verb","Verb, base form",NA,NA
"our","PP$","our",3,"pronoun","Possessive pronoun",NA,NA
"demo","NN","demo",4,"noun","Noun, singular or mass",NA,NA
"site","NN","site",4,"noun","Noun, singular or mass",NA,NA
"Features","NP","<unknown>",8,"name","Proper noun, singular",NA,NA
"Intuitive","NP","<unknown>",9,"name","Proper noun, singular",NA,NA
"Listing","NP","<unknown>",7,"name","Proper noun, singular",NA,NA
"Editor","NP","Editor",6,"name","Proper noun, singular",NA,NA
":","SENT",":",1,"fullstop","Sentence ending punctuation",NA,NA
"Adding","VVG","add",6,"verb","Verb, gerund or present participle",NA,NA
"extensive","JJ","extensive",9,"adjective","Adjective",NA,NA
"property","NN","property",8,"noun","Noun, singular or mass",NA,NA
"details","NNS","detail",7,"noun","Noun, plural",NA,NA
",",",",",",1,"comma","Comma",NA,NA
"location","NN","location",8,"noun","Noun, singular or mass",NA,NA
"information","NN","information",11,"noun","Noun, singular or mass",NA,NA
"and","CC","and",3,"conjunction","Coordinating conjunction",NA,NA
"image","NN","image",5,"noun","Noun, singular or mass",NA,NA
"galleries","NNS","gallery",9,"noun","Noun, plural",NA,NA
"has","VHZ","have",3,"verb","Verb, 3rd person singular present of ""to have""",NA,NA
"never","RB","never",5,"adverb","Adverb",NA,NA
"been","VBN","be",4,"verb","Verb, past participle of ""to be""",NA,NA
"easier","JJR","easy",6,"adjective","Adjective, comparative",NA,NA
"using","VVG","use",5,"verb","Verb, gerund or present participle",NA,NA
"our","PP$","our",3,"pronoun","Possessive pronoun",NA,NA
"intuitive","JJ","intuitive",9,"adjective","Adjective",NA,NA
"WPCasa","NP","<unknown>",6,"name","Proper noun, singular",NA,NA
"listing","NN","listing",7,"noun","Noun, singular or mass",NA,NA
"editor","NN","editor",6,"noun","Noun, singular or mass",NA,NA
".","SENT",".",1,"fullstop","Sentence ending punctuation",NA,NA
"Works","NNS","work",5,"noun","Noun, plural",NA,NA
"Out","IN","out",3,"preposition","Preposition or subordinating conjunction",NA,NA
"of","IN","of",2,"preposition","Preposition or subordinating conjunction",NA,NA
"the","DT","the",3,"determiner","Determiner",NA,NA
"Box","NP","Box",3,"name","Proper noun, singular",NA,NA
":","SENT",":",1,"fullstop","Sentence ending punctuation",NA,NA
"Using","VVG","use",5,"verb","Verb, gerund or present participle",NA,NA
"the","DT","the",3,"determiner","Determiner",NA,NA
"existing","JJ","existing",8,"adjective","Adjective",NA,NA
"shortcodes","NNS","<unknown>",10,"noun","Noun, plural",NA,NA
"or","CC","or",2,"conjunction","Coordinating conjunction",NA,NA
"the","DT","the",3,"determiner","Determiner",NA,NA
"powerful","JJ","powerful",8,"adjective","Adjective",NA,NA
"template","NN","template",8,"noun","Noun, singular or mass",NA,NA
"system","NN","system",6,"noun","Noun, singular or mass",NA,NA
"you","PP","you",3,"pronoun","Personal pronoun",NA,NA
"can","MD","can",3,"modal","Modal",NA,NA
"use","VV","use",3,"verb","Verb, base form",NA,NA
"WPCasa","NP","<unknown>",6,"name","Proper noun, singular",NA,NA
"with","IN","with",4,"preposition","Preposition or subordinating conjunction",NA,NA
"any","DT","any",3,"determiner","Determiner",NA,NA
"WordPress","NP","<unknown>",9,"name","Proper noun, singular",NA,NA
"theme","NN","theme",5,"noun","Noun, singular or mass",NA,NA
"out","RB","out",3,"adverb","Adverb",NA,NA
"there","RB","there",5,"adverb","Adverb",NA,NA
".","SENT",".",1,"fullstop","Sentence ending punctuation",NA,NA
"Advanced","NP","Advanced",8,"name","Proper noun, singular",NA,NA
"Property","NP","Property",8,"name","Proper noun, singular",NA,NA
"Search","NP","Search",6,"name","Proper noun, singular",NA,NA
":","SENT",":",1,"fullstop","Sentence ending punctuation",NA,NA
"Potential","JJ","potential",9,"adjective","Adjective",NA,NA
"clients","NNS","client",7,"noun","Noun, plural",NA,NA
"will","MD","will",4,"modal","Modal",NA,NA
"find","VV","find",4,"verb","Verb, base form",NA,NA
"what","WP","what",4,"pronoun","Wh-pronoun",NA,NA
"they","PP","they",4,"pronoun","Personal pronoun",NA,NA
"are","VBP","be",3,"verb","Verb, non-3rd person singular present of ""to be""",NA,NA
"looking","VVG","look",7,"verb","Verb, gerund or present participle",NA,NA
"for","IN","for",3,"preposition","Preposition or subordinating conjunction",NA,NA
".","SENT",".",1,"fullstop","Sentence ending punctuation",NA,NA
"Using","VVG","use",5,"verb","Verb, gerund or present participle",NA,NA
"the","DT","the",3,"determiner","Determiner",NA,NA
"advanced","JJ","advanced",8,"adjective","Adjective",NA,NA
"search","NN","search",6,"noun","Noun, singular or mass",NA,NA
"they","PP","they",4,"pronoun","Personal pronoun",NA,NA
"can","MD","can",3,"modal","Modal",NA,NA
"filter","VV","filter",6,"verb","Verb, base form",NA,NA
"your","PP$","your",4,"pronoun","Possessive pronoun",NA,NA
"listings","NNS","listing",8,"noun","Noun, plural",NA,NA
"by","IN","by",2,"preposition","Preposition or subordinating conjunction",NA,NA
"keyword","NN","keyword",7,"noun","Noun, singular or mass",NA,NA
",",",",",",1,"comma","Comma",NA,NA
"taxonomies","NNS","taxonomy",10,"noun","Noun, plural",NA,NA
"and","CC","and",3,"conjunction","Coordinating conjunction",NA,NA
"of","IN","of",2,"preposition","Preposition or subordinating conjunction",NA,NA
"course","NN","course",6,"noun","Noun, singular or mass",NA,NA
"property","NN","property",8,"noun","Noun, singular or mass",NA,NA
"details","NNS","detail",7,"noun","Noun, plural",NA,NA
".","SENT",".",1,"fullstop","Sentence ending punctuation",NA,NA
"Admin","NP","Admin",5,"name","Proper noun, singular",NA,NA
"Property","NP","Property",8,"name","Proper noun, singular",NA,NA
"Management","NP","Management",10,"name","Proper noun, singular",NA,NA
":","SENT",":",1,"fullstop","Sentence ending punctuation",NA,NA
"In","IN","in",2,"preposition","Preposition or subordinating conjunction",NA,NA
"the","DT","the",3,"determiner","Determiner",NA,NA
"backend","NN","<unknown>",7,"noun","Noun, singular or mass",NA,NA
"administrators","NNS","administrator",14,"noun","Noun, plural",NA,NA
"can","MD","can",3,"modal","Modal",NA,NA
"manage","VV","manage",6,"verb","Verb, base form",NA,NA
"great","JJ","great",5,"adjective","Adjective",NA,NA
"numbers","NNS","number",7,"noun","Noun, plural",NA,NA
"of","IN","of",2,"preposition","Preposition or subordinating conjunction",NA,NA
"listings","NNS","listing",8,"noun","Noun, plural",NA,NA
"using","VVG","use",5,"verb","Verb, gerund or present participle",NA,NA
"the","DT","the",3,"determiner","Determiner",NA,NA
"well","RB","well",4,"adverb","Adverb",NA,NA
"organized","VVN","organize",9,"verb","Verb, past participle",NA,NA
"property","NN","property",8,"noun","Noun, singular or mass",NA,NA
"list","NN","list",4,"noun","Noun, singular or mass",NA,NA
"with","IN","with",4,"preposition","Preposition or subordinating conjunction",NA,NA
"advanced","JJ","advanced",8,"adjective","Adjective",NA,NA
"filters","NNS","filter",7,"noun","Noun, plural",NA,NA
"and","CC","and",3,"conjunction","Coordinating conjunction",NA,NA
"bulk","NN","bulk",4,"noun","Noun, singular or mass",NA,NA
"actions","NNS","action",7,"noun","Noun, plural",NA,NA
".","SENT",".",1,"fullstop","Sentence ending punctuation",NA,NA
"Extend","VV","extend",6,"verb","Verb, base form",NA,NA
"with","IN","with",4,"preposition","Preposition or subordinating conjunction",NA,NA
"Add","VV","add",3,"verb","Verb, base form",NA,NA
"Ons","NN","<unknown>",3,"noun","Noun, singular or mass",NA,NA
":","SENT",":",1,"fullstop","Sentence ending punctuation",NA,NA
"Using","VVG","use",5,"verb","Verb, gerund or present participle",NA,NA
"our","PP$","our",3,"pronoun","Possessive pronoun",NA,NA
"custom","NN","custom",6,"noun","Noun, singular or mass",NA,NA
"add","VV","add",3,"verb","Verb, base form",NA,NA
"ons","NNS","on",3,"noun","Noun, plural",NA,NA
"you","PP","you",3,"pronoun","Personal pronoun",NA,NA
"can","MD","can",3,"modal","Modal",NA,NA
"connect","VV","connect",7,"verb","Verb, base form",NA,NA
"WPCasa","NP","<unknown>",6,"name","Proper noun, singular",NA,NA
"to","TO","to",2,"to","to",NA,NA
"third","JJ","third",5,"adjective","Adjective",NA,NA
"party","NN","party",5,"noun","Noun, singular or mass",NA,NA
"services","NNS","service",8,"noun","Noun, plural",NA,NA
",",",",",",1,"comma","Comma",NA,NA
"change","VV","change",6,"verb","Verb, base form",NA,NA
"or","CC","or",2,"conjunction","Coordinating conjunction",NA,NA
"extend","VV","extend",6,"verb","Verb, base form",NA,NA
"the","DT","the",3,"determiner","Determiner",NA,NA
"functionality","NN","functionality",13,"noun","Noun, singular or mass",NA,NA
"and","CC","and",3,"conjunction","Coordinating conjunction",NA,NA
"customize","VV","customize",9,"verb","Verb, base form",NA,NA
"things","NNS","thing",6,"noun","Noun, plural",NA,NA
"to","TO","to",2,"to","to",NA,NA
"your","PP$","your",4,"pronoun","Possessive pronoun",NA,NA
"needs","NNS","need",5,"noun","Noun, plural",NA,NA
".","SENT",".",1,"fullstop","Sentence ending punctuation",NA,NA
"Style","NN","style",5,"noun","Noun, singular or mass",NA,NA
"with","IN","with",4,"preposition","Preposition or subordinating conjunction",NA,NA
"Themes","NP","<unknown>",6,"name","Proper noun, singular",NA,NA
":","SENT",":",1,"fullstop","Sentence ending punctuation",NA,NA
"If","IN","if",2,"preposition","Preposition or subordinating conjunction",NA,NA
"you","PP","you",3,"pronoun","Personal pronoun",NA,NA
"want","VVP","want",4,"verb","Verb, non-3rd person singular present",NA,NA
"to","TO","to",2,"to","to",NA,NA
"start","VV","start",5,"verb","Verb, base form",NA,NA
"with","IN","with",4,"preposition","Preposition or subordinating conjunction",NA,NA
"a","DT","a",1,"determiner","Determiner",NA,NA
"turn","NN","turn",4,"noun","Noun, singular or mass",NA,NA
"key","JJ","key",3,"adjective","Adjective",NA,NA
"real","JJ","real",4,"adjective","Adjective",NA,NA
"estate","NN","estate",6,"noun","Noun, singular or mass",NA,NA
"website","NN","website",7,"noun","Noun, singular or mass",NA,NA
"with","IN","with",4,"preposition","Preposition or subordinating conjunction",NA,NA
"a","DT","a",1,"determiner","Determiner",NA,NA
"first","JJ","first",5,"adjective","Adjective",NA,NA
"class","NN","class",5,"noun","Noun, singular or mass",NA,NA
"design","NN","design",6,"noun","Noun, singular or mass",NA,NA
",",",",",",1,"comma","Comma",NA,NA
"browse","VV","browse",6,"verb","Verb, base form",NA,NA
"our","PP$","our",3,"pronoun","Possessive pronoun",NA,NA
"collection","NN","collection",10,"noun","Noun, singular or mass",NA,NA
"of","IN","of",2,"preposition","Preposition or subordinating conjunction",NA,NA
"WordPress","NN","<unknown>",9,"noun","Noun, singular or mass",NA,NA
"themes","NNS","theme",6,"noun","Noun, plural",NA,NA
"exclusively","RB","exclusively",11,"adverb","Adverb",NA,NA
"built","VVN","build",5,"verb","Verb, past participle",NA,NA
"for","IN","for",3,"preposition","Preposition or subordinating conjunction",NA,NA
"WPCasa","NP","<unknown>",6,"name","Proper noun, singular",NA,NA
".","SENT",".",1,"fullstop","Sentence ending punctuation",NA,NA
"Themes","NNS","theme",6,"noun","Noun, plural",NA,NA
"To","TO","To",2,"to","to",NA,NA
"hit","VV","hit",3,"verb","Verb, base form",NA,NA
"the","DT","the",3,"determiner","Determiner",NA,NA
"ground","NN","ground",6,"noun","Noun, singular or mass",NA,NA
"running","NN","running",7,"noun","Noun, singular or mass",NA,NA
"have","VHP","have",4,"verb","Verb, non-3rd person singular present of ""to have""",NA,NA
"a","DT","a",1,"determiner","Determiner",NA,NA
"look","NN","look",4,"noun","Noun, singular or mass",NA,NA
"at","IN","at",2,"preposition","Preposition or subordinating conjunction",NA,NA
"our","PP$","our",3,"pronoun","Possessive pronoun",NA,NA
"WordPress","NN","<unknown>",9,"noun","Noun, singular or mass",NA,NA
"themes","NNS","theme",6,"noun","Noun, plural",NA,NA
"exclusively","RB","exclusively",11,"adverb","Adverb",NA,NA
"built","VVN","build",5,"verb","Verb, past participle",NA,NA
"for","IN","for",3,"preposition","Preposition or subordinating conjunction",NA,NA
"WPCasa","NP","<unknown>",6,"name","Proper noun, singular",NA,NA
"to","TO","to",2,"to","to",NA,NA
"unfold","VV","unfold",6,"verb","Verb, base form",NA,NA
"the","DT","the",3,"determiner","Determiner",NA,NA
"great","JJ","great",5,"adjective","Adjective",NA,NA
"potential","NN","potential",9,"noun","Noun, singular or mass",NA,NA
"of","IN","of",2,"preposition","Preposition or subordinating conjunction",NA,NA
"the","DT","the",3,"determiner","Determiner",NA,NA
"framework","NN","framework",9,"noun","Noun, singular or mass",NA,NA
".","SENT",".",1,"fullstop","Sentence ending punctuation",NA,NA
"Browse","NN","browse",6,"noun","Noun, singular or mass",NA,NA
"themes","NNS","theme",6,"noun","Noun, plural",NA,NA
"now","RB","now",3,"adverb","Adverb",NA,NA
"If","IN","if",2,"preposition","Preposition or subordinating conjunction",NA,NA
"you","PP","you",3,"pronoun","Personal pronoun",NA,NA
"re","IN","re",2,"preposition","Preposition or subordinating conjunction",NA,NA
"a","DT","a",1,"determiner","Determiner",NA,NA
"developer","NN","developer",9,"noun","Noun, singular or mass",NA,NA
"and","CC","and",3,"conjunction","Coordinating conjunction",NA,NA
"would","MD","would",5,"modal","Modal",NA,NA
"like","VV","like",4,"verb","Verb, base form",NA,NA
"to","TO","to",2,"to","to",NA,NA
"talk","VV","talk",4,"verb","Verb, base form",NA,NA
"about","IN","about",5,"preposition","Preposition or subordinating conjunction",NA,NA
"creating","VVG","create",8,"verb","Verb, gerund or present participle",NA,NA
"themes","NNS","theme",6,"noun","Noun, plural",NA,NA
"for","IN","for",3,"preposition","Preposition or subordinating conjunction",NA,NA
"WPCasa","NP","<unknown>",6,"name","Proper noun, singular",NA,NA
",",",",",",1,"comma","Comma",NA,NA
"don","NN","don",3,"noun","Noun, singular or mass",NA,NA
"t","NN","t",1,"noun","Noun, singular or mass",NA,NA
"hesitate","VV","hesitate",8,"verb","Verb, base form",NA,NA
"and","CC","and",3,"conjunction","Coordinating conjunction",NA,NA
"get","VV","get",3,"verb","Verb, base form",NA,NA
"in","IN","in",2,"preposition","Preposition or subordinating conjunction",NA,NA
"touch","NN","touch",5,"noun","Noun, singular or mass",NA,NA
"Add","VV","add",3,"verb","Verb, base form",NA,NA
"Ons","NNS","on",3,"noun","Noun, plural",NA,NA
"Optionally","RB","optionally",10,"adverb","Adverb",NA,NA
"use","VVP","use",3,"verb","Verb, non-3rd person singular present",NA,NA
"add","VV","add",3,"verb","Verb, base form",NA,NA
"ons","NNS","on",3,"noun","Noun, plural",NA,NA
"built","VVN","build",5,"verb","Verb, past participle",NA,NA
"for","IN","for",3,"preposition","Preposition or subordinating conjunction",NA,NA
"WPCasa","NP","<unknown>",6,"name","Proper noun, singular",NA,NA
"to","TO","to",2,"to","to",NA,NA
"customize","VV","customize",9,"verb","Verb, base form",NA,NA
"and","CC","and",3,"conjunction","Coordinating conjunction",NA,NA
"or","CC","or",2,"conjunction","Coordinating conjunction",NA,NA
"extend","VV","extend",6,"verb","Verb, base form",NA,NA
"the","DT","the",3,"determiner","Determiner",NA,NA
"functionality","NN","functionality",13,"noun","Noun, singular or mass",NA,NA
"of","IN","of",2,"preposition","Preposition or subordinating conjunction",NA,NA
"your","PP$","your",4,"pronoun","Possessive pronoun",NA,NA
"real","JJ","real",4,"adjective","Adjective",NA,NA
"estate","NN","estate",6,"noun","Noun, singular or mass",NA,NA
"website","NN","website",7,"noun","Noun, singular or mass",NA,NA
"to","TO","to",2,"to","to",NA,NA
"your","PP$","your",4,"pronoun","Possessive pronoun",NA,NA
"special","JJ","special",7,"adjective","Adjective",NA,NA
"needs","NNS","need",5,"noun","Noun, plural",NA,NA
".","SENT",".",1,"fullstop","Sentence ending punctuation",NA,NA
"Browse","VV","browse",6,"verb","Verb, base form",NA,NA
"add","VV","add",3,"verb","Verb, base form",NA,NA
"ons","NNS","on",3,"noun","Noun, plural",NA,NA
"now","RB","now",3,"adverb","Adverb",NA,NA
"More","RBR","more",4,"adverb","Adverb, comparative",NA,NA
"add","VVP","add",3,"verb","Verb, non-3rd person singular present",NA,NA
"ons","NNS","on",3,"noun","Noun, plural",NA,NA
"are","VBP","be",3,"verb","Verb, non-3rd person singular present of ""to be""",NA,NA
"currently","RB","currently",9,"adverb","Adverb",NA,NA
"in","IN","in",2,"preposition","Preposition or subordinating conjunction",NA,NA
"the","DT","the",3,"determiner","Determiner",NA,NA
"making","NN","making",6,"noun","Noun, singular or mass",NA,NA
".","SENT",".",1,"fullstop","Sentence ending punctuation",NA,NA
"If","IN","if",2,"preposition","Preposition or subordinating conjunction",NA,NA
"you","PP","you",3,"pronoun","Personal pronoun",NA,NA
"are","VBP","be",3,"verb","Verb, non-3rd person singular present of ""to be""",NA,NA
"missing","VVG","miss",7,"verb","Verb, gerund or present participle",NA,NA
"an","DT","an",2,"determiner","Determiner",NA,NA
"add","VV","add",3,"verb","Verb, base form",NA,NA
"on","RP","on",2,"particle"," Particle",NA,NA
"or","CC","or",2,"conjunction","Coordinating conjunction",NA,NA
"are","VBP","be",3,"verb","Verb, non-3rd person singular present of ""to be""",NA,NA
"a","DT","a",1,"determiner","Determiner",NA,NA
"developer","NN","developer",9,"noun","Noun, singular or mass",NA,NA
"and","CC","and",3,"conjunction","Coordinating conjunction",NA,NA
"would","MD","would",5,"modal","Modal",NA,NA
"like","VV","like",4,"verb","Verb, base form",NA,NA
"to","TO","to",2,"to","to",NA,NA
"talk","VV","talk",4,"verb","Verb, base form",NA,NA
"about","IN","about",5,"preposition","Preposition or subordinating conjunction",NA,NA
"creating","VVG","create",8,"verb","Verb, gerund or present participle",NA,NA
"add","VV","add",3,"verb","Verb, base form",NA,NA
"ons","NNS","on",3,"noun","Noun, plural",NA,NA
"for","IN","for",3,"preposition","Preposition or subordinating conjunction",NA,NA
"WPCasa","NP","<unknown>",6,"name","Proper noun, singular",NA,NA
",",",",",",1,"comma","Comma",NA,NA
"don","NN","don",3,"noun","Noun, singular or mass",NA,NA
"t","NN","t",1,"noun","Noun, singular or mass",NA,NA
"hesitate","VV","hesitate",8,"verb","Verb, base form",NA,NA
"and","CC","and",3,"conjunction","Coordinating conjunction",NA,NA
"get","VV","get",3,"verb","Verb, base form",NA,NA
"in","IN","in",2,"preposition","Preposition or subordinating conjunction",NA,NA
"touch","NN","touch",5,"noun","Noun, singular or mass",NA,NA
"Support","NN","support",7,"noun","Noun, singular or mass",NA,NA
"For","IN","for",3,"preposition","Preposition or subordinating conjunction",NA,NA
"help","NN","help",4,"noun","Noun, singular or mass",NA,NA
"and","CC","and",3,"conjunction","Coordinating conjunction",NA,NA
"documentation","NN","documentation",13,"noun","Noun, singular or mass",NA,NA
"please","VVP","please",6,"verb","Verb, non-3rd person singular present",NA,NA
"feel","VV","feel",4,"verb","Verb, base form",NA,NA
"free","JJ","free",4,"adjective","Adjective",NA,NA
"to","TO","to",2,"to","to",NA,NA
"visit","VV","visit",5,"verb","Verb, base form",NA,NA
"our","PP$","our",3,"pronoun","Possessive pronoun",NA,NA
"support","NN","support",7,"noun","Noun, singular or mass",NA,NA
"center","NN","center",6,"noun","Noun, singular or mass",NA,NA
"Translations","NP","Translations",12,"name","Proper noun, singular",NA,NA
"German","NP","German",6,"name","Proper noun, singular",NA,NA
"de","NP","de",2,"name","Proper noun, singular",NA,NA
"DE","NP","de",2,"name","Proper noun, singular",NA,NA
":","SENT",":",1,"fullstop","Sentence ending punctuation",NA,NA
"Simon","NP","Simon",5,"name","Proper noun, singular",NA,NA
"Rimkus","NP","Rimkus",6,"name","Proper noun, singular",NA,NA
"WPSight","NP","<unknown>",7,"name","Proper noun, singular",NA,NA
"Spanish","NP","Spanish",7,"name","Proper noun, singular",NA,NA
"es","NP","es",2,"name","Proper noun, singular",NA,NA
"ES","NP","ES",2,"name","Proper noun, singular",NA,NA
":","SENT",":",1,"fullstop","Sentence ending punctuation",NA,NA
"Simon","NP","Simon",5,"name","Proper noun, singular",NA,NA
"Rimkus","NP","Rimkus",6,"name","Proper noun, singular",NA,NA
"WPSight","NP","<unknown>",7,"name","Proper noun, singular",NA,NA
"Portuguese","NP","Portuguese",10,"name","Proper noun, singular",NA,NA
"pt","NN","<unknown>",2,"noun","Noun, singular or mass",NA,NA
"BR","NP","BR",2,"name","Proper noun, singular",NA,NA
":","SENT",":",1,"fullstop","Sentence ending punctuation",NA,NA
"Walter","NP","Walter",6,"name","Proper noun, singular",NA,NA
"Barcelos","NP","<unknown>",8,"name","Proper noun, singular",NA,NA
"POT","NP","<unknown>",3,"name","Proper noun, singular",NA,NA
"file","NN","file",4,"noun","Noun, singular or mass",NA,NA
"with","IN","with",4,"preposition","Preposition or subordinating conjunction",NA,NA
"text","NN","text",4,"noun","Noun, singular or mass",NA,NA
"strings","NNS","string",7,"noun","Noun, plural",NA,NA
"is","VBZ","be",2,"verb","Verb, 3rd person singular present of ""to be""",NA,NA
"included","VVN","include",8,"verb","Verb, past participle",NA,NA
".","SENT",".",1,"fullstop","Sentence ending punctuation",NA,NA
"If","IN","if",2,"preposition","Preposition or subordinating conjunction",NA,NA
"you","PP","you",3,"pronoun","Personal pronoun",NA,NA
"would","MD","would",5,"modal","Modal",NA,NA
"like","VV","like",4,"verb","Verb, base form",NA,NA
"to","TO","to",2,"to","to",NA,NA
"add","VV","add",3,"verb","Verb, base form",NA,NA
"a","DT","a",1,"determiner","Determiner",NA,NA
"translation","NN","translation",11,"noun","Noun, singular or mass",NA,NA
"and","CC","and",3,"conjunction","Coordinating conjunction",NA,NA
"see","VV","see",3,"verb","Verb, base form",NA,NA
"your","PP$","your",4,"pronoun","Possessive pronoun",NA,NA
"name","NN","name",4,"noun","Noun, singular or mass",NA,NA
"here","RB","here",4,"adverb","Adverb",NA,NA
",",",",",",1,"comma","Comma",NA,NA
"please","VV","please",6,"verb","Verb, base form",NA,NA
"get","VV","get",3,"verb","Verb, base form",NA,NA
"in","IN","in",2,"preposition","Preposition or subordinating conjunction",NA,NA
"touch","NN","touch",5,"noun","Noun, singular or mass",NA,NA
"Contribution","NN","contribution",12,"noun","Noun, singular or mass",NA,NA
"You","PP","you",3,"pronoun","Personal pronoun",NA,NA
"are","VBP","be",3,"verb","Verb, non-3rd person singular present of ""to be""",NA,NA
"warmly","RB","warmly",6,"adverb","Adverb",NA,NA
"welcome","JJ","welcome",7,"adjective","Adjective",NA,NA
"to","TO","to",2,"to","to",NA,NA
"contribute","VV","contribute",10,"verb","Verb, base form",NA,NA
"to","TO","to",2,"to","to",NA,NA
"WPCasa","NP","<unknown>",6,"name","Proper noun, singular",NA,NA
".","SENT",".",1,"fullstop","Sentence ending punctuation",NA,NA
"No","DT","no",2,"determiner","Determiner",NA,NA
"matter","NN","matter",6,"noun","Noun, singular or mass",NA,NA
"if","IN","if",2,"preposition","Preposition or subordinating conjunction",NA,NA
"you","PP","you",3,"pronoun","Personal pronoun",NA,NA
"find","VVP","find",4,"verb","Verb, non-3rd person singular present",NA,NA
"a","DT","a",1,"determiner","Determiner",NA,NA
"typo","NN","typo",4,"noun","Noun, singular or mass",NA,NA
"or","CC","or",2,"conjunction","Coordinating conjunction",NA,NA
"a","DT","a",1,"determiner","Determiner",NA,NA
"bug","NN","bug",3,"noun","Noun, singular or mass",NA,NA
",",",",",",1,"comma","Comma",NA,NA
"if","IN","if",2,"preposition","Preposition or subordinating conjunction",NA,NA
"you","PP","you",3,"pronoun","Personal pronoun",NA,NA
"want","VVP","want",4,"verb","Verb, non-3rd person singular present",NA,NA
"to","TO","to",2,"to","to",NA,NA
"suggest","VV","suggest",7,"verb","Verb, base form",NA,NA
"a","DT","a",1,"determiner","Determiner",NA,NA
"cool","JJ","cool",4,"adjective","Adjective",NA,NA
"new","JJ","new",3,"adjective","Adjective",NA,NA
"feature","NN","feature",7,"noun","Noun, singular or mass",NA,NA
"or","CC","or",2,"conjunction","Coordinating conjunction",NA,NA
"if","IN","if",2,"preposition","Preposition or subordinating conjunction",NA,NA
"you","PP","you",3,"pronoun","Personal pronoun",NA,NA
"want","VVP","want",4,"verb","Verb, non-3rd person singular present",NA,NA
"to","TO","to",2,"to","to",NA,NA
"help","VV","help",4,"verb","Verb, base form",NA,NA
"us","PP","us",2,"pronoun","Personal pronoun",NA,NA
"to","TO","to",2,"to","to",NA,NA
"translate","VV","translate",9,"verb","Verb, base form",NA,NA
"WPCasa","NP","<unknown>",6,"name","Proper noun, singular",NA,NA
"...",":","...",3,"punctuation","Punctuation",NA,NA
"we","PP","we",2,"pronoun","Personal pronoun",NA,NA
"would","MD","would",5,"modal","Modal",NA,NA
"like","VV","like",4,"verb","Verb, base form",NA,NA
"to","TO","to",2,"to","to",NA,NA
"hear","VV","hear",4,"verb","Verb, base form",NA,NA
"you","PP","you",3,"pronoun","Personal pronoun",NA,NA
".","SENT",".",1,"fullstop","Sentence ending punctuation",NA,NA
"Here","RB","here",4,"adverb","Adverb",NA,NA
"s","JJ","<unknown>",1,"adjective","Adjective",NA,NA
"how","WRB","how",3,"adverb","Wh-adverb",NA,NA
"you","PP","you",3,"pronoun","Personal pronoun",NA,NA
"could","MD","could",5,"modal","Modal",NA,NA
"get","VV","get",3,"verb","Verb, base form",NA,NA
"started","VVN","start",7,"verb","Verb, past participle",NA,NA
".","SENT",".",1,"fullstop","Sentence ending punctuation",NA,NA
".","SENT",".",1,"fullstop","Sentence ending punctuation",NA,NA
"Report","NN","report",6,"noun","Noun, singular or mass",NA,NA
".","SENT",".",1,"fullstop","Sentence ending punctuation",NA,NA
"Provide","VV","provide",7,"verb","Verb, base form",NA,NA
"feedback","NN","feedback",8,"noun","Noun, singular or mass",NA,NA
".","SENT",".",1,"fullstop","Sentence ending punctuation",NA,NA
"Submit","VV","submit",6,"verb","Verb, base form",NA,NA
".","SENT",".",1,"fullstop","Sentence ending punctuation",NA,NA
"Send","VV","send",4,"verb","Verb, base form",NA,NA
"pull","VV","pull",4,"verb","Verb, base form",NA,NA
"requests","NNS","request",8,"noun","Noun, plural",NA,NA
"with","IN","with",4,"preposition","Preposition or subordinating conjunction",NA,NA
"fixes","NNS","fix",5,"noun","Noun, plural",NA,NA
"and","CC","and",3,"conjunction","Coordinating conjunction",NA,NA
"improvments","NNS","<unknown>",11,"noun","Noun, plural",NA,NA
