"token","tag","lemma","lttr","wclass","desc","stop","stem"
"Django","NP","Django",6,"name","Proper noun, singular",NA,NA
"Homegate","NP","<unknown>",8,"name","Proper noun, singular",NA,NA
"django","NP","Django",6,"name","Proper noun, singular",NA,NA
"homegate","NN","<unknown>",8,"noun","Noun, singular or mass",NA,NA
"Installation","NN","installation",12,"noun","Noun, singular or mass",NA,NA
"To","TO","To",2,"to","to",NA,NA
"get","VV","get",3,"verb","Verb, base form",NA,NA
"the","DT","the",3,"determiner","Determiner",NA,NA
"latest","JJS","late",6,"adjective","Adjective, superlative",NA,NA
"stable","JJ","stable",6,"adjective","Adjective",NA,NA
"release","NN","release",7,"noun","Noun, singular or mass",NA,NA
"from","IN","from",4,"preposition","Preposition or subordinating conjunction",NA,NA
"PyPi","NP","<unknown>",4,"name","Proper noun, singular",NA,NA
"..",":","...",2,"punctuation","Punctuation",NA,NA
"code","NN","code",4,"noun","Noun, singular or mass",NA,NA
"block","NN","block",5,"noun","Noun, singular or mass",NA,NA
":","SENT",":",1,"fullstop","Sentence ending punctuation",NA,NA
":","SENT",":",1,"fullstop","Sentence ending punctuation",NA,NA
"bash","VV","bash",4,"verb","Verb, base form",NA,NA
"TODO","NP","<unknown>",4,"name","Proper noun, singular",NA,NA
"To","TO","To",2,"to","to",NA,NA
"get","VV","get",3,"verb","Verb, base form",NA,NA
"the","DT","the",3,"determiner","Determiner",NA,NA
"latest","JJS","late",6,"adjective","Adjective, superlative",NA,NA
"commit","VVP","commit",6,"verb","Verb, non-3rd person singular present",NA,NA
"from","IN","from",4,"preposition","Preposition or subordinating conjunction",NA,NA
"GitHub","NP","<unknown>",6,"name","Proper noun, singular",NA,NA
"..",":","...",2,"punctuation","Punctuation",NA,NA
"code","NN","code",4,"noun","Noun, singular or mass",NA,NA
"block","NN","block",5,"noun","Noun, singular or mass",NA,NA
":","SENT",":",1,"fullstop","Sentence ending punctuation",NA,NA
":","SENT",":",1,"fullstop","Sentence ending punctuation",NA,NA
"bash","VV","bash",4,"verb","Verb, base form",NA,NA
"pip","NN","pip",3,"noun","Noun, singular or mass",NA,NA
"install","VV","install",7,"verb","Verb, base form",NA,NA
"e","NN","e",1,"noun","Noun, singular or mass",NA,NA
"git","NN","git",3,"noun","Noun, singular or mass",NA,NA
"git","NN","git",3,"noun","Noun, singular or mass",NA,NA
":","SENT",":",1,"fullstop","Sentence ending punctuation",NA,NA
"github","NN","<unknown>",6,"noun","Noun, singular or mass",NA,NA
".","SENT",".",1,"fullstop","Sentence ending punctuation",NA,NA
"com","NN","com",3,"noun","Noun, singular or mass",NA,NA
"arteria","NN","<unknown>",7,"noun","Noun, singular or mass",NA,NA
"django","NN","<unknown>",6,"noun","Noun, singular or mass",NA,NA
"homegate","NNS","<unknown>",8,"noun","Noun, plural",NA,NA
".","SENT",".",1,"fullstop","Sentence ending punctuation",NA,NA
"git","NN","git",3,"noun","Noun, singular or mass",NA,NA
"egg","NN","egg",3,"noun","Noun, singular or mass",NA,NA
"django","NN","<unknown>",6,"noun","Noun, singular or mass",NA,NA
"homegate","NNS","<unknown>",8,"noun","Noun, plural",NA,NA
"Add","VV","add",3,"verb","Verb, base form",NA,NA
"django","NN","<unknown>",6,"noun","Noun, singular or mass",NA,NA
"homegate","NNS","<unknown>",8,"noun","Noun, plural",NA,NA
"to","TO","to",2,"to","to",NA,NA
"your","PP$","your",4,"pronoun","Possessive pronoun",NA,NA
"INSTALLED","JJ","installed",9,"adjective","Adjective",NA,NA
"APPS","NNS","<unknown>",4,"noun","Noun, plural",NA,NA
"..",":","...",2,"punctuation","Punctuation",NA,NA
"code","NN","code",4,"noun","Noun, singular or mass",NA,NA
"block","NN","block",5,"noun","Noun, singular or mass",NA,NA
":","SENT",":",1,"fullstop","Sentence ending punctuation",NA,NA
":","SENT",":",1,"fullstop","Sentence ending punctuation",NA,NA
"python","NN","python",6,"noun","Noun, singular or mass",NA,NA
"INSTALLED","JJ","installed",9,"adjective","Adjective",NA,NA
"APPS","NN","<unknown>",4,"noun","Noun, singular or mass",NA,NA
"...",":","...",3,"punctuation","Punctuation",NA,NA
",",",",",",1,"comma","Comma",NA,NA
"django","NN","<unknown>",6,"noun","Noun, singular or mass",NA,NA
"homegate","NNS","<unknown>",8,"noun","Noun, plural",NA,NA
",",",",",",1,"comma","Comma",NA,NA
"Usage","RB","Usage",5,"adverb","Adverb",NA,NA
"django","NN","<unknown>",6,"noun","Noun, singular or mass",NA,NA
"homegate","NN","<unknown>",8,"noun","Noun, singular or mass",NA,NA
"is","VBZ","be",2,"verb","Verb, 3rd person singular present of ""to be""",NA,NA
"a","DT","a",1,"determiner","Determiner",NA,NA
"helper","NN","helper",6,"noun","Noun, singular or mass",NA,NA
"app","NN","<unknown>",3,"noun","Noun, singular or mass",NA,NA
"providing","VVG","provide",9,"verb","Verb, gerund or present participle",NA,NA
"a","DT","a",1,"determiner","Determiner",NA,NA
"management","NN","management",10,"noun","Noun, singular or mass",NA,NA
"command","NN","command",7,"noun","Noun, singular or mass",NA,NA
"to","TO","to",2,"to","to",NA,NA
"push","VV","push",4,"verb","Verb, base form",NA,NA
"the","DT","the",3,"determiner","Determiner",NA,NA
"new","JJ","new",3,"adjective","Adjective",NA,NA
"records","NNS","record",7,"noun","Noun, plural",NA,NA
"to","TO","to",2,"to","to",NA,NA
"Homegate","NNS","<unknown>",8,"noun","Noun, plural",NA,NA
"using","VVG","use",5,"verb","Verb, gerund or present participle",NA,NA
"the","DT","the",3,"determiner","Determiner",NA,NA
"API","NP","API",3,"name","Proper noun, singular",NA,NA
"implementation","NN","implementation",14,"noun","Noun, singular or mass",NA,NA
"of","IN","of",2,"preposition","Preposition or subordinating conjunction",NA,NA
"python","NN","python",6,"noun","Noun, singular or mass",NA,NA
"homegate","NNS","<unknown>",8,"noun","Noun, plural",NA,NA
"To","TO","To",2,"to","to",NA,NA
"connect","VV","connect",7,"verb","Verb, base form",NA,NA
"you","PP","you",3,"pronoun","Personal pronoun",NA,NA
"real","JJ","real",4,"adjective","Adjective",NA,NA
"estate","NN","estate",6,"noun","Noun, singular or mass",NA,NA
"model","NN","model",5,"noun","Noun, singular or mass",NA,NA
",",",",",",1,"comma","Comma",NA,NA
"register","VVP","register",8,"verb","Verb, non-3rd person singular present",NA,NA
"your","PP$","your",4,"pronoun","Possessive pronoun",NA,NA
"model","NN","model",5,"noun","Noun, singular or mass",NA,NA
"in","IN","in",2,"preposition","Preposition or subordinating conjunction",NA,NA
"the","DT","the",3,"determiner","Determiner",NA,NA
"settings","NNS","setting",8,"noun","Noun, plural",NA,NA
"and","CC","and",3,"conjunction","Coordinating conjunction",NA,NA
"implement","VV","implement",9,"verb","Verb, base form",NA,NA
"a","DT","a",1,"determiner","Determiner",NA,NA
"model","NN","model",5,"noun","Noun, singular or mass",NA,NA
"manager","NN","manager",7,"noun","Noun, singular or mass",NA,NA
"method","NN","method",6,"noun","Noun, singular or mass",NA,NA
"that","WDT","that",4,"determiner","Wh-determiner",NA,NA
"returns","VVZ","return",7,"verb","Verb, 3rd person singular present",NA,NA
"all","DT","all",3,"determiner","Determiner",NA,NA
"records","NNS","record",7,"noun","Noun, plural",NA,NA
"real","JJ","real",4,"adjective","Adjective",NA,NA
"estate","NN","estate",6,"noun","Noun, singular or mass",NA,NA
"objects","NNS","object",7,"noun","Noun, plural",NA,NA
"to","TO","to",2,"to","to",NA,NA
"push","VV","push",4,"verb","Verb, base form",NA,NA
"to","TO","to",2,"to","to",NA,NA
"Homegate","NNS","<unknown>",8,"noun","Noun, plural",NA,NA
".","SENT",".",1,"fullstop","Sentence ending punctuation",NA,NA
"In","IN","in",2,"preposition","Preposition or subordinating conjunction",NA,NA
"addition","NN","addition",8,"noun","Noun, singular or mass",NA,NA
",",",",",",1,"comma","Comma",NA,NA
"a","DT","a",1,"determiner","Determiner",NA,NA
"get","VVP","get",3,"verb","Verb, non-3rd person singular present",NA,NA
"idx","NN","<unknown>",3,"noun","Noun, singular or mass",NA,NA
"record","NN","record",6,"noun","Noun, singular or mass",NA,NA
"and","CC","and",3,"conjunction","Coordinating conjunction",NA,NA
"published","VVN","publish",9,"verb","Verb, past participle",NA,NA
"idx","NN","<unknown>",3,"noun","Noun, singular or mass",NA,NA
"record","NN","record",6,"noun","Noun, singular or mass",NA,NA
"method","NN","method",6,"noun","Noun, singular or mass",NA,NA
"must","MD","must",4,"modal","Modal",NA,NA
"be","VB","be",2,"verb","Verb, base form of ""to be""",NA,NA
"implemented","VVN","implement",11,"verb","Verb, past participle",NA,NA
"on","IN","on",2,"preposition","Preposition or subordinating conjunction",NA,NA
"your","PP$","your",4,"pronoun","Possessive pronoun",NA,NA
"real","JJ","real",4,"adjective","Adjective",NA,NA
"estate","NN","estate",6,"noun","Noun, singular or mass",NA,NA
"model","NN","model",5,"noun","Noun, singular or mass",NA,NA
"to","TO","to",2,"to","to",NA,NA
"get","VV","get",3,"verb","Verb, base form",NA,NA
"access","NN","access",6,"noun","Noun, singular or mass",NA,NA
"to","TO","to",2,"to","to",NA,NA
"the","DT","the",3,"determiner","Determiner",NA,NA
"data","NNS","datum",4,"noun","Noun, plural",NA,NA
"to","TO","to",2,"to","to",NA,NA
"push","VV","push",4,"verb","Verb, base form",NA,NA
"to","TO","to",2,"to","to",NA,NA
"Homegate","NNS","<unknown>",8,"noun","Noun, plural",NA,NA
"and","CC","and",3,"conjunction","Coordinating conjunction",NA,NA
"to","TO","to",2,"to","to",NA,NA
"update","VV","update",6,"verb","Verb, base form",NA,NA
"the","DT","the",3,"determiner","Determiner",NA,NA
"status","NN","status",6,"noun","Noun, singular or mass",NA,NA
"of","IN","of",2,"preposition","Preposition or subordinating conjunction",NA,NA
"the","DT","the",3,"determiner","Determiner",NA,NA
"record","NN","record",6,"noun","Noun, singular or mass",NA,NA
".","SENT",".",1,"fullstop","Sentence ending punctuation",NA,NA
"There","EX","there",5,"existential","Existential there",NA,NA
"is","VBZ","be",2,"verb","Verb, 3rd person singular present of ""to be""",NA,NA
"an","DT","an",2,"determiner","Determiner",NA,NA
"example","NN","example",7,"noun","Noun, singular or mass",NA,NA
"provided","VVN","provide",8,"verb","Verb, past participle",NA,NA
"in","IN","in",2,"preposition","Preposition or subordinating conjunction",NA,NA
"django","NN","<unknown>",6,"noun","Noun, singular or mass",NA,NA
"homegate","NN","<unknown>",8,"noun","Noun, singular or mass",NA,NA
"models","NNS","model",6,"noun","Noun, plural",NA,NA
".","SENT",".",1,"fullstop","Sentence ending punctuation",NA,NA
"py","NNS","<unknown>",2,"noun","Noun, plural",NA,NA
".","SENT",".",1,"fullstop","Sentence ending punctuation",NA,NA
"To","TO","To",2,"to","to",NA,NA
"register","VV","register",8,"verb","Verb, base form",NA,NA
"the","DT","the",3,"determiner","Determiner",NA,NA
"model","NN","model",5,"noun","Noun, singular or mass",NA,NA
"do","VVP","do",2,"verb","Verb, non-3rd person singular present",NA,NA
"not","RB","not",3,"adverb","Adverb",NA,NA
"forget","VV","forget",6,"verb","Verb, base form",NA,NA
"to","TO","to",2,"to","to",NA,NA
"set","VV","set",3,"verb","Verb, base form",NA,NA
"the","DT","the",3,"determiner","Determiner",NA,NA
"app","NP","App",3,"name","Proper noun, singular",NA,NA
"label","NN","label",5,"noun","Noun, singular or mass",NA,NA
"in","IN","in",2,"preposition","Preposition or subordinating conjunction",NA,NA
"your","PP$","your",4,"pronoun","Possessive pronoun",NA,NA
"real","JJ","real",4,"adjective","Adjective",NA,NA
"estate","NN","estate",6,"noun","Noun, singular or mass",NA,NA
"model","NN","model",5,"noun","Noun, singular or mass",NA,NA
",",",",",",1,"comma","Comma",NA,NA
"eg","NN","<unknown>",2,"noun","Noun, singular or mass",NA,NA
".","SENT",".",1,"fullstop","Sentence ending punctuation",NA,NA
"real","JJ","real",4,"adjective","Adjective",NA,NA
"estate","NN","estate",6,"noun","Noun, singular or mass",NA,NA
",",",",",",1,"comma","Comma",NA,NA
"and","CC","and",3,"conjunction","Coordinating conjunction",NA,NA
"in","IN","in",2,"preposition","Preposition or subordinating conjunction",NA,NA
"your","PP$","your",4,"pronoun","Possessive pronoun",NA,NA
"settings","NNS","setting",8,"noun","Noun, plural",NA,NA
".","SENT",".",1,"fullstop","Sentence ending punctuation",NA,NA
"py","NNS","<unknown>",2,"noun","Noun, plural",NA,NA
"add","VVP","add",3,"verb","Verb, non-3rd person singular present",NA,NA
"HOMEGATE","NP","<unknown>",8,"name","Proper noun, singular",NA,NA
"REAL","NP","REAL",4,"name","Proper noun, singular",NA,NA
"ESTATE","NP","ESTATE",6,"name","Proper noun, singular",NA,NA
"MODEL","NP","Model",5,"name","Proper noun, singular",NA,NA
"your","PP$","your",4,"pronoun","Possessive pronoun",NA,NA
"app","NNS","<unknown>",3,"noun","Noun, plural",NA,NA
".","SENT",".",1,"fullstop","Sentence ending punctuation",NA,NA
"models","NNS","model",6,"noun","Noun, plural",NA,NA
".","SENT",".",1,"fullstop","Sentence ending punctuation",NA,NA
"real","JJ","real",4,"adjective","Adjective",NA,NA
"estate","NN","estate",6,"noun","Noun, singular or mass",NA,NA
"class","NN","class",5,"noun","Noun, singular or mass",NA,NA
".","SENT",".",1,"fullstop","Sentence ending punctuation",NA,NA
"The","DT","the",3,"determiner","Determiner",NA,NA
"manager","NN","manager",7,"noun","Noun, singular or mass",NA,NA
"method","NN","method",6,"noun","Noun, singular or mass",NA,NA
"name","NN","name",4,"noun","Noun, singular or mass",NA,NA
"is","VBZ","be",2,"verb","Verb, 3rd person singular present of ""to be""",NA,NA
"ready","JJ","ready",5,"adjective","Adjective",NA,NA
"to","TO","to",2,"to","to",NA,NA
"push","VV","push",4,"verb","Verb, base form",NA,NA
",",",",",",1,"comma","Comma",NA,NA
"so","RB","so",2,"adverb","Adverb",NA,NA
"..",":","...",2,"punctuation","Punctuation",NA,NA
"code","NN","code",4,"noun","Noun, singular or mass",NA,NA
"block","NN","block",5,"noun","Noun, singular or mass",NA,NA
":","SENT",":",1,"fullstop","Sentence ending punctuation",NA,NA
":","SENT",":",1,"fullstop","Sentence ending punctuation",NA,NA
"python","NN","python",6,"noun","Noun, singular or mass",NA,NA
"objs","NNS","<unknown>",4,"noun","Noun, plural",NA,NA
"RealEstate","NN","realestate",10,"noun","Noun, singular or mass",NA,NA
".","SENT",".",1,"fullstop","Sentence ending punctuation",NA,NA
"objects","NNS","object",7,"noun","Noun, plural",NA,NA
".","SENT",".",1,"fullstop","Sentence ending punctuation",NA,NA
"ready","JJ","ready",5,"adjective","Adjective",NA,NA
"to","TO","to",2,"to","to",NA,NA
"push","VV","push",4,"verb","Verb, base form",NA,NA
"will","MD","will",4,"modal","Modal",NA,NA
"return","VV","return",6,"verb","Verb, base form",NA,NA
"a","DT","a",1,"determiner","Determiner",NA,NA
"QuerySet","NP","<unknown>",8,"name","Proper noun, singular",NA,NA
"containing","VVG","contain",10,"verb","Verb, gerund or present participle",NA,NA
"all","DT","all",3,"determiner","Determiner",NA,NA
"real","JJ","real",4,"adjective","Adjective",NA,NA
"estate","NN","estate",6,"noun","Noun, singular or mass",NA,NA
"objects","NNS","object",7,"noun","Noun, plural",NA,NA
"to","TO","to",2,"to","to",NA,NA
"publish","VV","publish",7,"verb","Verb, base form",NA,NA
"to","TO","to",2,"to","to",NA,NA
"Homegate","NNS","<unknown>",8,"noun","Noun, plural",NA,NA
".","SENT",".",1,"fullstop","Sentence ending punctuation",NA,NA
"There","EX","there",5,"existential","Existential there",NA,NA
"is","VBZ","be",2,"verb","Verb, 3rd person singular present of ""to be""",NA,NA
"an","DT","an",2,"determiner","Determiner",NA,NA
"example","NN","example",7,"noun","Noun, singular or mass",NA,NA
"provided","VVN","provide",8,"verb","Verb, past participle",NA,NA
"in","IN","in",2,"preposition","Preposition or subordinating conjunction",NA,NA
"django","NN","<unknown>",6,"noun","Noun, singular or mass",NA,NA
"homegate","NN","<unknown>",8,"noun","Noun, singular or mass",NA,NA
"models","NNS","model",6,"noun","Noun, plural",NA,NA
".","SENT",".",1,"fullstop","Sentence ending punctuation",NA,NA
"py","NNS","<unknown>",2,"noun","Noun, plural",NA,NA
"as","RB","as",2,"adverb","Adverb",NA,NA
"well","RB","well",4,"adverb","Adverb",NA,NA
".","SENT",".",1,"fullstop","Sentence ending punctuation",NA,NA
"In","IN","in",2,"preposition","Preposition or subordinating conjunction",NA,NA
"settings","NNS","setting",8,"noun","Noun, plural",NA,NA
".","SENT",".",1,"fullstop","Sentence ending punctuation",NA,NA
"py","NNS","<unknown>",2,"noun","Noun, plural",NA,NA
"add","VVP","add",3,"verb","Verb, non-3rd person singular present",NA,NA
"HOMEGATE","NP","<unknown>",8,"name","Proper noun, singular",NA,NA
"AGENCY","NP","Agency",6,"name","Proper noun, singular",NA,NA
"ID","VVZ","<unknown>",2,"verb","Verb, 3rd person singular present",NA,NA
"your","PP$","your",4,"pronoun","Possessive pronoun",NA,NA
"agency","NN","agency",6,"noun","Noun, singular or mass",NA,NA
"id","NN","id",2,"noun","Noun, singular or mass",NA,NA
",",",",",",1,"comma","Comma",NA,NA
"HOMEGATE","NP","<unknown>",8,"name","Proper noun, singular",NA,NA
"HOST","NP","Host",4,"name","Proper noun, singular",NA,NA
"homegate","NN","<unknown>",8,"noun","Noun, singular or mass",NA,NA
"host","NN","host",4,"noun","Noun, singular or mass",NA,NA
",",",",",",1,"comma","Comma",NA,NA
"HOMEGATE","NP","<unknown>",8,"name","Proper noun, singular",NA,NA
"USERNAME","NP","<unknown>",8,"name","Proper noun, singular",NA,NA
"your","PP$","your",4,"pronoun","Possessive pronoun",NA,NA
"username","NN","<unknown>",8,"noun","Noun, singular or mass",NA,NA
"and","CC","and",3,"conjunction","Coordinating conjunction",NA,NA
"HOMEGATE","NP","<unknown>",8,"name","Proper noun, singular",NA,NA
"PASSWORD","NP","<unknown>",8,"name","Proper noun, singular",NA,NA
"your","PP$","your",4,"pronoun","Possessive pronoun",NA,NA
"password","NN","password",8,"noun","Noun, singular or mass",NA,NA
".","SENT",".",1,"fullstop","Sentence ending punctuation",NA,NA
"For","IN","for",3,"preposition","Preposition or subordinating conjunction",NA,NA
"more","JJR","more",4,"adjective","Adjective, comparative",NA,NA
"info","NN","info",4,"noun","Noun, singular or mass",NA,NA
"about","IN","about",5,"preposition","Preposition or subordinating conjunction",NA,NA
"model","NN","model",5,"noun","Noun, singular or mass",NA,NA
"managers","NNS","manager",8,"noun","Noun, plural",NA,NA
"and","CC","and",3,"conjunction","Coordinating conjunction",NA,NA
"app","JJ","<unknown>",3,"adjective","Adjective",NA,NA
"labeling","VVG","label",8,"verb","Verb, gerund or present participle",NA,NA
"see","NN","see",3,"noun","Noun, singular or mass",NA,NA
":","SENT",":",1,"fullstop","Sentence ending punctuation",NA,NA
"Contribute","VV","contribute",10,"verb","Verb, base form",NA,NA
"If","IN","if",2,"preposition","Preposition or subordinating conjunction",NA,NA
"you","PP","you",3,"pronoun","Personal pronoun",NA,NA
"want","VVP","want",4,"verb","Verb, non-3rd person singular present",NA,NA
"to","TO","to",2,"to","to",NA,NA
"contribute","VV","contribute",10,"verb","Verb, base form",NA,NA
"to","TO","to",2,"to","to",NA,NA
"this","DT","this",4,"determiner","Determiner",NA,NA
"project","NN","project",7,"noun","Noun, singular or mass",NA,NA
",",",",",",1,"comma","Comma",NA,NA
"please","VV","please",6,"verb","Verb, base form",NA,NA
"perform","VV","perform",7,"verb","Verb, base form",NA,NA
"the","DT","the",3,"determiner","Determiner",NA,NA
"following","VVG","follow",9,"verb","Verb, gerund or present participle",NA,NA
"steps","NNS","step",5,"noun","Noun, plural",NA,NA
"..",":","...",2,"punctuation","Punctuation",NA,NA
"code","NN","code",4,"noun","Noun, singular or mass",NA,NA
"block","NN","block",5,"noun","Noun, singular or mass",NA,NA
":","SENT",":",1,"fullstop","Sentence ending punctuation",NA,NA
":","SENT",":",1,"fullstop","Sentence ending punctuation",NA,NA
"bash","VV","bash",4,"verb","Verb, base form",NA,NA
"Fork","NP","<unknown>",4,"name","Proper noun, singular",NA,NA
"this","DT","this",4,"determiner","Determiner",NA,NA
"repository","NN","repository",10,"noun","Noun, singular or mass",NA,NA
"Clone","NN","clone",5,"noun","Noun, singular or mass",NA,NA
"your","PP$","your",4,"pronoun","Possessive pronoun",NA,NA
"fork","NN","fork",4,"noun","Noun, singular or mass",NA,NA
"mkvirtualenv","NN","<unknown>",12,"noun","Noun, singular or mass",NA,NA
"p","NN","p",1,"noun","Noun, singular or mass",NA,NA
"python","NN","python",6,"noun","Noun, singular or mass",NA,NA
".","SENT",".",1,"fullstop","Sentence ending punctuation",NA,NA
"django","NN","<unknown>",6,"noun","Noun, singular or mass",NA,NA
"homegate","NN","<unknown>",8,"noun","Noun, singular or mass",NA,NA
"python","NN","python",6,"noun","Noun, singular or mass",NA,NA
"setup","NN","setup",5,"noun","Noun, singular or mass",NA,NA
".","SENT",".",1,"fullstop","Sentence ending punctuation",NA,NA
"py","NNS","<unknown>",2,"noun","Noun, plural",NA,NA
"install","VVP","install",7,"verb","Verb, non-3rd person singular present",NA,NA
"pip","NN","pip",3,"noun","Noun, singular or mass",NA,NA
"install","VV","install",7,"verb","Verb, base form",NA,NA
"r","NN","r",1,"noun","Noun, singular or mass",NA,NA
"dev","NN","<unknown>",3,"noun","Noun, singular or mass",NA,NA
"requirements","NNS","requirement",12,"noun","Noun, plural",NA,NA
".","SENT",".",1,"fullstop","Sentence ending punctuation",NA,NA
"txt","NN","<unknown>",3,"noun","Noun, singular or mass",NA,NA
"git","NN","git",3,"noun","Noun, singular or mass",NA,NA
"co","NN","Co",2,"noun","Noun, singular or mass",NA,NA
"b","NN","b",1,"noun","Noun, singular or mass",NA,NA
"feature","NN","feature",7,"noun","Noun, singular or mass",NA,NA
"branch","NN","branch",6,"noun","Noun, singular or mass",NA,NA
"master","NN","master",6,"noun","Noun, singular or mass",NA,NA
"Implement","NN","implement",9,"noun","Noun, singular or mass",NA,NA
"your","PP$","your",4,"pronoun","Possessive pronoun",NA,NA
"feature","NN","feature",7,"noun","Noun, singular or mass",NA,NA
"and","CC","and",3,"conjunction","Coordinating conjunction",NA,NA
"tests","NNS","test",5,"noun","Noun, plural",NA,NA
"git","NN","git",3,"noun","Noun, singular or mass",NA,NA
"add","VVP","add",3,"verb","Verb, non-3rd person singular present",NA,NA
".","SENT",".",1,"fullstop","Sentence ending punctuation",NA,NA
"git","NN","git",3,"noun","Noun, singular or mass",NA,NA
"commit","VVP","commit",6,"verb","Verb, non-3rd person singular present",NA,NA
"git","NN","git",3,"noun","Noun, singular or mass",NA,NA
"push","NN","push",4,"noun","Noun, singular or mass",NA,NA
"u","NN","u",1,"noun","Noun, singular or mass",NA,NA
"origin","NN","origin",6,"noun","Noun, singular or mass",NA,NA
"feature","NN","feature",7,"noun","Noun, singular or mass",NA,NA
"branch","NN","branch",6,"noun","Noun, singular or mass",NA,NA
"Send","NN","send",4,"noun","Noun, singular or mass",NA,NA
"us","PP","us",2,"pronoun","Personal pronoun",NA,NA
"a","DT","a",1,"determiner","Determiner",NA,NA
"pull","VVP","pull",4,"verb","Verb, non-3rd person singular present",NA,NA
"request","NN","request",7,"noun","Noun, singular or mass",NA,NA
"for","IN","for",3,"preposition","Preposition or subordinating conjunction",NA,NA
"your","PP$","your",4,"pronoun","Possessive pronoun",NA,NA
"feature","NN","feature",7,"noun","Noun, singular or mass",NA,NA
"branch","NN","branch",6,"noun","Noun, singular or mass",NA,NA
"..",":","...",2,"punctuation","Punctuation",NA,NA
"image","NN","image",5,"noun","Noun, singular or mass",NA,NA
":","SENT",":",1,"fullstop","Sentence ending punctuation",NA,NA
":","SENT",":",1,"fullstop","Sentence ending punctuation",NA,NA
":","SENT",":",1,"fullstop","Sentence ending punctuation",NA,NA
"alt","JJ","alt",3,"adjective","Adjective",NA,NA
":","SENT",":",1,"fullstop","Sentence ending punctuation",NA,NA
"Bitdeli","NN","<unknown>",7,"noun","Noun, singular or mass",NA,NA
"badge","NN","badge",5,"noun","Noun, singular or mass",NA,NA
":","SENT",":",1,"fullstop","Sentence ending punctuation",NA,NA
"target","NN","target",6,"noun","Noun, singular or mass",NA,NA
":","SENT",":",1,"fullstop","Sentence ending punctuation",NA,NA
