"token","tag","lemma","lttr","wclass","desc","stop","stem"
"Cars","NNS","car",4,"noun","Noun, plural",NA,NA
"attributes","VVZ","attribute",10,"verb","Verb, 3rd person singular present",NA,NA
"This","DT","this",4,"determiner","Determiner",NA,NA
"plugin","NN","<unknown>",6,"noun","Noun, singular or mass",NA,NA
"extends","VVZ","extend",7,"verb","Verb, 3rd person singular present",NA,NA
"the","DT","the",3,"determiner","Determiner",NA,NA
"fields","NNS","field",6,"noun","Noun, plural",NA,NA
"of","IN","of",2,"preposition","Preposition or subordinating conjunction",NA,NA
"items","NNS","item",5,"noun","Noun, plural",NA,NA
"to","TO","to",2,"to","to",NA,NA
"store","VV","store",5,"verb","Verb, base form",NA,NA
"cars","NNS","car",4,"noun","Noun, plural",NA,NA
"attributes","VVZ","attribute",10,"verb","Verb, 3rd person singular present",NA,NA
"such","JJ","such",4,"adjective","Adjective",NA,NA
"as","IN","as",2,"preposition","Preposition or subordinating conjunction",NA,NA
"model","NN","model",5,"noun","Noun, singular or mass",NA,NA
",",",",",",1,"comma","Comma",NA,NA
"year","NN","year",4,"noun","Noun, singular or mass",NA,NA
",",",",",",1,"comma","Comma",NA,NA
"brand","NN","brand",5,"noun","Noun, singular or mass",NA,NA
",",",",",",1,"comma","Comma",NA,NA
"color","NN","color",5,"noun","Noun, singular or mass",NA,NA
",",",",",",1,"comma","Comma",NA,NA
"accessories","NNS","accessory",11,"noun","Noun, plural",NA,NA
",",",",",",1,"comma","Comma",NA,NA
"and","CC","and",3,"conjunction","Coordinating conjunction",NA,NA
"so","RB","so",2,"adverb","Adverb",NA,NA
"on","IN","on",2,"preposition","Preposition or subordinating conjunction",NA,NA
".","SENT",".",1,"fullstop","Sentence ending punctuation",NA,NA
"Changelog","NP","<unknown>",9,"name","Proper noun, singular",NA,NA
"Cars","NPS","Cars",4,"name","Proper noun, plural",NA,NA
"attributes","VVZ","attribute",10,"verb","Verb, 3rd person singular present",NA,NA
"version","NN","version",7,"noun","Noun, singular or mass",NA,NA
"..",":","...",2,"punctuation","Punctuation",NA,NA
"Fixed","JJ","fixed",5,"adjective","Adjective",NA,NA
"conflict","NN","conflict",8,"noun","Noun, singular or mass",NA,NA
"with","IN","with",4,"preposition","Preposition or subordinating conjunction",NA,NA
"real","JJ","real",4,"adjective","Adjective",NA,NA
"estate","NN","estate",6,"noun","Noun, singular or mass",NA,NA
"attributes","VVZ","attribute",10,"verb","Verb, 3rd person singular present",NA,NA
"plugin","NN","<unknown>",6,"noun","Noun, singular or mass",NA,NA
"version","NN","version",7,"noun","Noun, singular or mass",NA,NA
".","SENT",".",1,"fullstop","Sentence ending punctuation",NA,NA
"implemented","VVN","implement",11,"verb","Verb, past participle",NA,NA
"new","JJ","new",3,"adjective","Adjective",NA,NA
"DAO","NP","Dao",3,"name","Proper noun, singular",NA,NA
"Data","NP","Data",4,"name","Proper noun, singular",NA,NA
"Access","NP","Access",6,"name","Proper noun, singular",NA,NA
"Object","NP","<unknown>",6,"name","Proper noun, singular",NA,NA
"Remove","NP","<unknown>",6,"name","Proper noun, singular",NA,NA
"uniform","NN","uniform",7,"noun","Noun, singular or mass",NA,NA
".","SENT",".",1,"fullstop","Sentence ending punctuation",NA,NA
"js","NNS","<unknown>",2,"noun","Noun, plural",NA,NA
"version","NN","version",7,"noun","Noun, singular or mass",NA,NA
"..",":","...",2,"punctuation","Punctuation",NA,NA
"New","NP","New",3,"name","Proper noun, singular",NA,NA
"languages","NNS","language",9,"noun","Noun, plural",NA,NA
":","SENT",":",1,"fullstop","Sentence ending punctuation",NA,NA
"arabic","JJ","Arabic",6,"adjective","Adjective",NA,NA
",",",",",",1,"comma","Comma",NA,NA
"german","JJ","german",6,"adjective","Adjective",NA,NA
",",",",",",1,"comma","Comma",NA,NA
"persian","JJ","Persian",7,"adjective","Adjective",NA,NA
",",",",",",1,"comma","Comma",NA,NA
"latvian","JJ","Latvian",7,"adjective","Adjective",NA,NA
",",",",",",1,"comma","Comma",NA,NA
"russian","JJ","Russian",7,"adjective","Adjective",NA,NA
",",",",",",1,"comma","Comma",NA,NA
"slovak","NP","Slovak",6,"name","Proper noun, singular",NA,NA
",",",",",",1,"comma","Comma",NA,NA
"swedish","JJ","Swedish",7,"adjective","Adjective",NA,NA
"version","NN","version",7,"noun","Noun, singular or mass",NA,NA
"..",":","...",2,"punctuation","Punctuation",NA,NA
"Minor","NP","Minor",5,"name","Proper noun, singular",NA,NA
"fix","NN","fix",3,"noun","Noun, singular or mass",NA,NA
":","SENT",":",1,"fullstop","Sentence ending punctuation",NA,NA
"vehicle","NN","vehicle",7,"noun","Noun, singular or mass",NA,NA
"type","NN","type",4,"noun","Noun, singular or mass",NA,NA
"in","IN","in",2,"preposition","Preposition or subordinating conjunction",NA,NA
"default","NN","default",7,"noun","Noun, singular or mass",NA,NA
"web","NN","web",3,"noun","Noun, singular or mass",NA,NA
"locale","NN","locale",6,"noun","Noun, singular or mass",NA,NA
"Added","VVD","add",5,"verb","Verb, past tense",NA,NA
"makes","NNS","make",5,"noun","Noun, plural",NA,NA
"and","CC","and",3,"conjunction","Coordinating conjunction",NA,NA
"models","NNS","model",6,"noun","Noun, plural",NA,NA
"by","IN","by",2,"preposition","Preposition or subordinating conjunction",NA,NA
"default","NN","default",7,"noun","Noun, singular or mass",NA,NA
"Minor","NP","Minor",5,"name","Proper noun, singular",NA,NA
"bug","NN","bug",3,"noun","Noun, singular or mass",NA,NA
"adding","VVG","add",6,"verb","Verb, gerund or present participle",NA,NA
"editing","VVG","edit",7,"verb","Verb, gerund or present participle",NA,NA
"an","DT","an",2,"determiner","Determiner",NA,NA
"item","NN","item",4,"noun","Noun, singular or mass",NA,NA
"fixed","VVN","fix",5,"verb","Verb, past participle",NA,NA
"Minor","NP","Minor",5,"name","Proper noun, singular",NA,NA
"style","NN","style",5,"noun","Noun, singular or mass",NA,NA
"changes","VVZ","change",7,"verb","Verb, 3rd person singular present",NA,NA
"minor","JJ","minor",5,"adjective","Adjective",NA,NA
"changes","NNS","change",7,"noun","Noun, plural",NA,NA
"related","VVN","relate",7,"verb","Verb, past participle",NA,NA
"to","TO","to",2,"to","to",NA,NA
"empty","JJ","empty",5,"adjective","Adjective",NA,NA
"fields","NNS","field",6,"noun","Noun, plural",NA,NA
