"token","tag","lemma","lttr","wclass","desc","stop","stem"
"Factom","NP","<unknown>",6,"name","Proper noun, singular",NA,NA
"Overview","NP","<unknown>",8,"name","Proper noun, singular",NA,NA
"Factom","NP","<unknown>",6,"name","Proper noun, singular",NA,NA
"is","VBZ","be",2,"verb","Verb, 3rd person singular present of ""to be""",NA,NA
"a","DT","a",1,"determiner","Determiner",NA,NA
"extension","NN","extension",9,"noun","Noun, singular or mass",NA,NA
"to","TO","to",2,"to","to",NA,NA
"the","DT","the",3,"determiner","Determiner",NA,NA
"Bitcoin","NP","<unknown>",7,"name","Proper noun, singular",NA,NA
"blockchain","NN","<unknown>",10,"noun","Noun, singular or mass",NA,NA
"that","WDT","that",4,"determiner","Wh-determiner",NA,NA
"solves","VVZ","solve",6,"verb","Verb, 3rd person singular present",NA,NA
"the","DT","the",3,"determiner","Determiner",NA,NA
"three","CD","three",5,"number","Cardinal number",NA,NA
"core","JJ","core",4,"adjective","Adjective",NA,NA
"problems","NNS","problem",8,"noun","Noun, plural",NA,NA
"of","IN","of",2,"preposition","Preposition or subordinating conjunction",NA,NA
"all","DT","all",3,"determiner","Determiner",NA,NA
"Bitcoin","NP","<unknown>",7,"name","Proper noun, singular",NA,NA
".","SENT",".",1,"fullstop","Sentence ending punctuation",NA,NA
"applications","NNS","application",12,"noun","Noun, plural",NA,NA
":","SENT",":",1,"fullstop","Sentence ending punctuation",NA,NA
"Speed","NN","speed",5,"noun","Noun, singular or mass",NA,NA
",",",",",",1,"comma","Comma",NA,NA
"Cost","NP","Cost",4,"name","Proper noun, singular",NA,NA
",",",",",",1,"comma","Comma",NA,NA
"and","CC","and",3,"conjunction","Coordinating conjunction",NA,NA
"Bloat","NP","<unknown>",5,"name","Proper noun, singular",NA,NA
".","SENT",".",1,"fullstop","Sentence ending punctuation",NA,NA
"The","DT","the",3,"determiner","Determiner",NA,NA
"Bitcoin","NP","<unknown>",7,"name","Proper noun, singular",NA,NA
"blockchain","NN","<unknown>",10,"noun","Noun, singular or mass",NA,NA
"is","VBZ","be",2,"verb","Verb, 3rd person singular present of ""to be""",NA,NA
"a","DT","a",1,"determiner","Determiner",NA,NA
"trustless","JJ","trustless",9,"adjective","Adjective",NA,NA
",",",",",",1,"comma","Comma",NA,NA
"permanent","JJ","permanent",9,"adjective","Adjective",NA,NA
"system","NN","system",6,"noun","Noun, singular or mass",NA,NA
"of","IN","of",2,"preposition","Preposition or subordinating conjunction",NA,NA
"record","NN","record",6,"noun","Noun, singular or mass",NA,NA
"for","IN","for",3,"preposition","Preposition or subordinating conjunction",NA,NA
"Bitcoin","NP","<unknown>",7,"name","Proper noun, singular",NA,NA
"transactions","NNS","transaction",12,"noun","Noun, plural",NA,NA
",",",",",",1,"comma","Comma",NA,NA
"secured","VVN","secure",7,"verb","Verb, past participle",NA,NA
"by","IN","by",2,"preposition","Preposition or subordinating conjunction",NA,NA
",",",",",",1,"comma","Comma",NA,NA
"nodes","NNS","node",5,"noun","Noun, plural",NA,NA
"across","IN","across",6,"preposition","Preposition or subordinating conjunction",NA,NA
"the","DT","the",3,"determiner","Determiner",NA,NA
"world","NN","world",5,"noun","Noun, singular or mass",NA,NA
".","SENT",".",1,"fullstop","Sentence ending punctuation",NA,NA
"Factom","NP","<unknown>",6,"name","Proper noun, singular",NA,NA
"is","VBZ","be",2,"verb","Verb, 3rd person singular present of ""to be""",NA,NA
"a","DT","a",1,"determiner","Determiner",NA,NA
"simple","JJ","simple",6,"adjective","Adjective",NA,NA
"way","NN","way",3,"noun","Noun, singular or mass",NA,NA
"to","TO","to",2,"to","to",NA,NA
"extend","VV","extend",6,"verb","Verb, base form",NA,NA
"this","DT","this",4,"determiner","Determiner",NA,NA
"technology","NN","technology",10,"noun","Noun, singular or mass",NA,NA
"to","TO","to",2,"to","to",NA,NA
"support","VV","support",7,"verb","Verb, base form",NA,NA
"Bitcoin","NN","<unknown>",7,"noun","Noun, singular or mass",NA,NA
".","SENT",".",1,"fullstop","Sentence ending punctuation",NA,NA
",",",",",",1,"comma","Comma",NA,NA
"or","CC","or",2,"conjunction","Coordinating conjunction",NA,NA
"applications","NNS","application",12,"noun","Noun, plural",NA,NA
"that","WDT","that",4,"determiner","Wh-determiner",NA,NA
"need","VVP","need",4,"verb","Verb, non-3rd person singular present",NA,NA
"such","PDT","such",4,"predeterminer","Predeterminer",NA,NA
"a","DT","a",1,"determiner","Determiner",NA,NA
"system","NN","system",6,"noun","Noun, singular or mass",NA,NA
"of","IN","of",2,"preposition","Preposition or subordinating conjunction",NA,NA
"record","NN","record",6,"noun","Noun, singular or mass",NA,NA
",",",",",",1,"comma","Comma",NA,NA
"but","CC","but",3,"conjunction","Coordinating conjunction",NA,NA
"whose","WP$","whose",5,"pronoun","Possessive wh-pronoun",NA,NA
"transactions","NNS","transaction",12,"noun","Noun, plural",NA,NA
"do","VVP","do",2,"verb","Verb, non-3rd person singular present",NA,NA
"not","RB","not",3,"adverb","Adverb",NA,NA
"primarily","RB","primarily",9,"adverb","Adverb",NA,NA
"involve","VV","involve",7,"verb","Verb, base form",NA,NA
"Bitcoin","NP","<unknown>",7,"name","Proper noun, singular",NA,NA
".","SENT",".",1,"fullstop","Sentence ending punctuation",NA,NA
"These","DT","these",5,"determiner","Determiner",NA,NA
"applications","NNS","application",12,"noun","Noun, plural",NA,NA
"often","RB","often",5,"adverb","Adverb",NA,NA
"encode","VVP","encode",6,"verb","Verb, non-3rd person singular present",NA,NA
"their","PP$","their",5,"pronoun","Possessive pronoun",NA,NA
"information","NN","information",11,"noun","Noun, singular or mass",NA,NA
"into","IN","into",4,"preposition","Preposition or subordinating conjunction",NA,NA
"Bitcoin","NP","<unknown>",7,"name","Proper noun, singular",NA,NA
"transactions","NNS","transaction",12,"noun","Noun, plural",NA,NA
",",",",",",1,"comma","Comma",NA,NA
"which","WDT","which",5,"determiner","Wh-determiner",NA,NA
"may","MD","may",3,"modal","Modal",NA,NA
"be","VB","be",2,"verb","Verb, base form of ""to be""",NA,NA
"slower","JJR","slow",6,"adjective","Adjective, comparative",NA,NA
",",",",",",1,"comma","Comma",NA,NA
"more","RBR","more",4,"adverb","Adverb, comparative",NA,NA
"expensive","JJ","expensive",9,"adjective","Adjective",NA,NA
",",",",",",1,"comma","Comma",NA,NA
"and","CC","and",3,"conjunction","Coordinating conjunction",NA,NA
"add","VV","add",3,"verb","Verb, base form",NA,NA
"many","JJ","many",4,"adjective","Adjective",NA,NA
"transactions","NNS","transaction",12,"noun","Noun, plural",NA,NA
"to","TO","to",2,"to","to",NA,NA
"the","DT","the",3,"determiner","Determiner",NA,NA
"Bitcoin","NP","<unknown>",7,"name","Proper noun, singular",NA,NA
"blockchain","NN","<unknown>",10,"noun","Noun, singular or mass",NA,NA
"that","WDT","that",4,"determiner","Wh-determiner",NA,NA
"are","VBP","be",3,"verb","Verb, non-3rd person singular present of ""to be""",NA,NA
"not","RB","not",3,"adverb","Adverb",NA,NA
"actually","RB","actually",8,"adverb","Adverb",NA,NA
"Bitcoin","NP","<unknown>",7,"name","Proper noun, singular",NA,NA
"transactions","NNS","transaction",12,"noun","Noun, plural",NA,NA
"something","NN","something",9,"noun","Noun, singular or mass",NA,NA
"many","JJ","many",4,"adjective","Adjective",NA,NA
"call","NN","call",4,"noun","Noun, singular or mass",NA,NA
"blockchain","NN","<unknown>",10,"noun","Noun, singular or mass",NA,NA
"bloat","NN","bloat",5,"noun","Noun, singular or mass",NA,NA
".","SENT",".",1,"fullstop","Sentence ending punctuation",NA,NA
"Instead","RB","instead",7,"adverb","Adverb",NA,NA
"of","IN","of",2,"preposition","Preposition or subordinating conjunction",NA,NA
"writing","VVG","write",7,"verb","Verb, gerund or present participle",NA,NA
"every","DT","every",5,"determiner","Determiner",NA,NA
"transaction","NN","transaction",11,"noun","Noun, singular or mass",NA,NA
"directly","RB","directly",8,"adverb","Adverb",NA,NA
"to","TO","to",2,"to","to",NA,NA
"the","DT","the",3,"determiner","Determiner",NA,NA
"blockchain","NN","<unknown>",10,"noun","Noun, singular or mass",NA,NA
",",",",",",1,"comma","Comma",NA,NA
"Factom","NP","<unknown>",6,"name","Proper noun, singular",NA,NA
"allows","VVZ","allow",6,"verb","Verb, 3rd person singular present",NA,NA
"Bitcoin","NP","<unknown>",7,"name","Proper noun, singular",NA,NA
".","SENT",".",1,"fullstop","Sentence ending punctuation",NA,NA
"applications","NNS","application",12,"noun","Noun, plural",NA,NA
"to","TO","to",2,"to","to",NA,NA
"write","VV","write",5,"verb","Verb, base form",NA,NA
"unlimited","JJ","unlimited",9,"adjective","Adjective",NA,NA
"numbers","NNS","number",7,"noun","Noun, plural",NA,NA
"of","IN","of",2,"preposition","Preposition or subordinating conjunction",NA,NA
"entries","NNS","entry",7,"noun","Noun, plural",NA,NA
"to","TO","to",2,"to","to",NA,NA
"many","JJ","many",4,"adjective","Adjective",NA,NA
"distinct","JJ","distinct",8,"adjective","Adjective",NA,NA
"Factom","NP","<unknown>",6,"name","Proper noun, singular",NA,NA
"chains","NNS","chain",6,"noun","Noun, plural",NA,NA
".","SENT",".",1,"fullstop","Sentence ending punctuation",NA,NA
"These","DT","these",5,"determiner","Determiner",NA,NA
"entries","NNS","entry",7,"noun","Noun, plural",NA,NA
"are","VBP","be",3,"verb","Verb, non-3rd person singular present of ""to be""",NA,NA
"organized","VVN","organize",9,"verb","Verb, past participle",NA,NA
"into","IN","into",4,"preposition","Preposition or subordinating conjunction",NA,NA
"hierarchical","JJ","hierarchical",12,"adjective","Adjective",NA,NA
"sets","NNS","set",4,"noun","Noun, plural",NA,NA
"of","IN","of",2,"preposition","Preposition or subordinating conjunction",NA,NA
"blocks","NNS","block",6,"noun","Noun, plural",NA,NA
".","SENT",".",1,"fullstop","Sentence ending punctuation",NA,NA
"These","DT","these",5,"determiner","Determiner",NA,NA
"blocks","NNS","block",6,"noun","Noun, plural",NA,NA
"are","VBP","be",3,"verb","Verb, non-3rd person singular present of ""to be""",NA,NA
"then","RB","then",4,"adverb","Adverb",NA,NA
"used","VVN","use",4,"verb","Verb, past participle",NA,NA
"to","TO","to",2,"to","to",NA,NA
"compute","VV","compute",7,"verb","Verb, base form",NA,NA
"a","DT","a",1,"determiner","Determiner",NA,NA
"single","JJ","single",6,"adjective","Adjective",NA,NA
"hash","NN","hash",4,"noun","Noun, singular or mass",NA,NA
"every","DT","every",5,"determiner","Determiner",NA,NA
"minutes","NNS","minute",7,"noun","Noun, plural",NA,NA
",",",",",",1,"comma","Comma",NA,NA
"which","WDT","which",5,"determiner","Wh-determiner",NA,NA
"is","VBZ","be",2,"verb","Verb, 3rd person singular present of ""to be""",NA,NA
"stored","VVN","store",6,"verb","Verb, past participle",NA,NA
"in","IN","in",2,"preposition","Preposition or subordinating conjunction",NA,NA
"the","DT","the",3,"determiner","Determiner",NA,NA
"Bitcoin","NP","<unknown>",7,"name","Proper noun, singular",NA,NA
"blockchain","NN","<unknown>",10,"noun","Noun, singular or mass",NA,NA
".","SENT",".",1,"fullstop","Sentence ending punctuation",NA,NA
"This","DT","this",4,"determiner","Determiner",NA,NA
"design","NN","design",6,"noun","Noun, singular or mass",NA,NA
"allows","VVZ","allow",6,"verb","Verb, 3rd person singular present",NA,NA
"applications","NNS","application",12,"noun","Noun, plural",NA,NA
"to","TO","to",2,"to","to",NA,NA
"write","VV","write",5,"verb","Verb, base form",NA,NA
"transactions","NNS","transaction",12,"noun","Noun, plural",NA,NA
"faster","RBR","faster",6,"adverb","Adverb, comparative",NA,NA
",",",",",",1,"comma","Comma",NA,NA
"at","IN","at",2,"preposition","Preposition or subordinating conjunction",NA,NA
"much","RB","much",4,"adverb","Adverb",NA,NA
"a","DT","a",1,"determiner","Determiner",NA,NA
"lower","JJR","low",5,"adjective","Adjective, comparative",NA,NA
"cost","NN","cost",4,"noun","Noun, singular or mass",NA,NA
",",",",",",1,"comma","Comma",NA,NA
"and","CC","and",3,"conjunction","Coordinating conjunction",NA,NA
"with","IN","with",4,"preposition","Preposition or subordinating conjunction",NA,NA
"nearly","RB","nearly",6,"adverb","Adverb",NA,NA
"no","DT","no",2,"determiner","Determiner",NA,NA
"blockchain","NN","<unknown>",10,"noun","Noun, singular or mass",NA,NA
"bloat","NN","bloat",5,"noun","Noun, singular or mass",NA,NA
".","SENT",".",1,"fullstop","Sentence ending punctuation",NA,NA
"At","IN","at",2,"preposition","Preposition or subordinating conjunction",NA,NA
"the","DT","the",3,"determiner","Determiner",NA,NA
"most","RBS","most",4,"adverb","Adverb, superlative",NA,NA
"basic","JJ","basic",5,"adjective","Adjective",NA,NA
"level","NN","level",5,"noun","Noun, singular or mass",NA,NA
",",",",",",1,"comma","Comma",NA,NA
"Factom","NP","<unknown>",6,"name","Proper noun, singular",NA,NA
"provides","VVZ","provide",8,"verb","Verb, 3rd person singular present",NA,NA
"Proof","NP","<unknown>",5,"name","Proper noun, singular",NA,NA
"of","IN","of",2,"preposition","Preposition or subordinating conjunction",NA,NA
"Existence","NP","<unknown>",9,"name","Proper noun, singular",NA,NA
".","SENT",".",1,"fullstop","Sentence ending punctuation",NA,NA
"Any","DT","any",3,"determiner","Determiner",NA,NA
"digital","JJ","digital",7,"adjective","Adjective",NA,NA
"artifact","NN","artifact",8,"noun","Noun, singular or mass",NA,NA
"can","MD","can",3,"modal","Modal",NA,NA
"be","VB","be",2,"verb","Verb, base form of ""to be""",NA,NA
"reduced","VVN","reduce",7,"verb","Verb, past participle",NA,NA
"to","TO","to",2,"to","to",NA,NA
"a","DT","a",1,"determiner","Determiner",NA,NA
"hash","NN","hash",4,"noun","Noun, singular or mass",NA,NA
",",",",",",1,"comma","Comma",NA,NA
"a","DT","a",1,"determiner","Determiner",NA,NA
"relatively","RB","relatively",10,"adverb","Adverb",NA,NA
"small","JJ","small",5,"adjective","Adjective",NA,NA
"byte","NN","byte",4,"noun","Noun, singular or mass",NA,NA
"number","NN","number",6,"noun","Noun, singular or mass",NA,NA
",",",",",",1,"comma","Comma",NA,NA
"that","WDT","that",4,"determiner","Wh-determiner",NA,NA
"proves","VVZ","prove",6,"verb","Verb, 3rd person singular present",NA,NA
"an","DT","an",2,"determiner","Determiner",NA,NA
"artifact","NN","artifact",8,"noun","Noun, singular or mass",NA,NA
"s","NN","S",1,"noun","Noun, singular or mass",NA,NA
"existence","NN","existence",9,"noun","Noun, singular or mass",NA,NA
".","SENT",".",1,"fullstop","Sentence ending punctuation",NA,NA
"Adding","VVG","add",6,"verb","Verb, gerund or present participle",NA,NA
"that","DT","that",4,"determiner","Determiner",NA,NA
"hash","NN","hash",4,"noun","Noun, singular or mass",NA,NA
"to","TO","to",2,"to","to",NA,NA
"the","DT","the",3,"determiner","Determiner",NA,NA
"Bitcoin","NP","<unknown>",7,"name","Proper noun, singular",NA,NA
"blockchain","NN","<unknown>",10,"noun","Noun, singular or mass",NA,NA
"proves","VVZ","prove",6,"verb","Verb, 3rd person singular present",NA,NA
"the","DT","the",3,"determiner","Determiner",NA,NA
"existence","NN","existence",9,"noun","Noun, singular or mass",NA,NA
"of","IN","of",2,"preposition","Preposition or subordinating conjunction",NA,NA
"that","DT","that",4,"determiner","Determiner",NA,NA
"artifact","NN","artifact",8,"noun","Noun, singular or mass",NA,NA
"at","IN","at",2,"preposition","Preposition or subordinating conjunction",NA,NA
"a","DT","a",1,"determiner","Determiner",NA,NA
"known","VVN","know",5,"verb","Verb, past participle",NA,NA
"point","NN","point",5,"noun","Noun, singular or mass",NA,NA
"in","IN","in",2,"preposition","Preposition or subordinating conjunction",NA,NA
"time","NN","time",4,"noun","Noun, singular or mass",NA,NA
".","SENT",".",1,"fullstop","Sentence ending punctuation",NA,NA
"Factom","NP","<unknown>",6,"name","Proper noun, singular",NA,NA
"extends","VVZ","extend",7,"verb","Verb, 3rd person singular present",NA,NA
"this","DT","this",4,"determiner","Determiner",NA,NA
"idea","NN","idea",4,"noun","Noun, singular or mass",NA,NA
".","SENT",".",1,"fullstop","Sentence ending punctuation",NA,NA
"Each","DT","each",4,"determiner","Determiner",NA,NA
"Factom","NP","<unknown>",6,"name","Proper noun, singular",NA,NA
"subsystem","NN","subsystem",9,"noun","Noun, singular or mass",NA,NA
"in","IN","in",2,"preposition","Preposition or subordinating conjunction",NA,NA
"the","DT","the",3,"determiner","Determiner",NA,NA
"group","NN","group",5,"noun","Noun, singular or mass",NA,NA
"provides","VVZ","provide",8,"verb","Verb, 3rd person singular present",NA,NA
"a","DT","a",1,"determiner","Determiner",NA,NA
"Proof","NP","<unknown>",5,"name","Proper noun, singular",NA,NA
"of","IN","of",2,"preposition","Preposition or subordinating conjunction",NA,NA
"Process","NP","Process",7,"name","Proper noun, singular",NA,NA
".","SENT",".",1,"fullstop","Sentence ending punctuation",NA,NA
"Proof","NN","proof",5,"noun","Noun, singular or mass",NA,NA
"of","IN","of",2,"preposition","Preposition or subordinating conjunction",NA,NA
"each","DT","each",4,"determiner","Determiner",NA,NA
"step","NN","step",4,"noun","Noun, singular or mass",NA,NA
"in","IN","in",2,"preposition","Preposition or subordinating conjunction",NA,NA
"a","DT","a",1,"determiner","Determiner",NA,NA
"process","NN","process",7,"noun","Noun, singular or mass",NA,NA
"can","MD","can",3,"modal","Modal",NA,NA
"be","VB","be",2,"verb","Verb, base form of ""to be""",NA,NA
"entered","VVN","enter",7,"verb","Verb, past participle",NA,NA
"into","IN","into",4,"preposition","Preposition or subordinating conjunction",NA,NA
"a","DT","a",1,"determiner","Determiner",NA,NA
"Factom","NP","<unknown>",6,"name","Proper noun, singular",NA,NA
"chain","NN","chain",5,"noun","Noun, singular or mass",NA,NA
"of","IN","of",2,"preposition","Preposition or subordinating conjunction",NA,NA
"provable","JJ","provable",8,"adjective","Adjective",NA,NA
"events","NNS","event",6,"noun","Noun, plural",NA,NA
".","SENT",".",1,"fullstop","Sentence ending punctuation",NA,NA
"One","CD","One",3,"number","Cardinal number",NA,NA
"obvious","JJ","obvious",7,"adjective","Adjective",NA,NA
"sort","NN","sort",4,"noun","Noun, singular or mass",NA,NA
"of","IN","of",2,"preposition","Preposition or subordinating conjunction",NA,NA
"Factom","NP","<unknown>",6,"name","Proper noun, singular",NA,NA
"chain","NN","chain",5,"noun","Noun, singular or mass",NA,NA
"is","VBZ","be",2,"verb","Verb, 3rd person singular present of ""to be""",NA,NA
"a","DT","a",1,"determiner","Determiner",NA,NA
"log","NN","log",3,"noun","Noun, singular or mass",NA,NA
".","SENT",".",1,"fullstop","Sentence ending punctuation",NA,NA
"A","DT","a",1,"determiner","Determiner",NA,NA
"security","NN","security",8,"noun","Noun, singular or mass",NA,NA
"camera","NN","camera",6,"noun","Noun, singular or mass",NA,NA
"can","MD","can",3,"modal","Modal",NA,NA
"log","VV","log",3,"verb","Verb, base form",NA,NA
"a","DT","a",1,"determiner","Determiner",NA,NA
"stream","NN","stream",6,"noun","Noun, singular or mass",NA,NA
"of","IN","of",2,"preposition","Preposition or subordinating conjunction",NA,NA
"signatures","NNS","signature",10,"noun","Noun, plural",NA,NA
",",",",",",1,"comma","Comma",NA,NA
"proving","VVG","prove",7,"verb","Verb, gerund or present participle",NA,NA
"video","NN","video",5,"noun","Noun, singular or mass",NA,NA
"was","VBD","be",3,"verb","Verb, past tense of ""to be""",NA,NA
"taken","VVN","take",5,"verb","Verb, past participle",NA,NA
"at","IN","at",2,"preposition","Preposition or subordinating conjunction",NA,NA
"a","DT","a",1,"determiner","Determiner",NA,NA
"point","NN","point",5,"noun","Noun, singular or mass",NA,NA
"in","IN","in",2,"preposition","Preposition or subordinating conjunction",NA,NA
"time","NN","time",4,"noun","Noun, singular or mass",NA,NA
",",",",",",1,"comma","Comma",NA,NA
"and","CC","and",3,"conjunction","Coordinating conjunction",NA,NA
"that","IN/that","that",4,"preposition","Preposition or subordinating conjunction",NA,NA
"the","DT","the",3,"determiner","Determiner",NA,NA
"video","NN","video",5,"noun","Noun, singular or mass",NA,NA
"has","VHZ","have",3,"verb","Verb, 3rd person singular present of ""to have""",NA,NA
"not","RB","not",3,"adverb","Adverb",NA,NA
"be","VB","be",2,"verb","Verb, base form of ""to be""",NA,NA
"altered","VVN","alter",7,"verb","Verb, past participle",NA,NA
".","SENT",".",1,"fullstop","Sentence ending punctuation",NA,NA
"A","DT","a",1,"determiner","Determiner",NA,NA
"Coin","NP","Coin",4,"name","Proper noun, singular",NA,NA
"is","VBZ","be",2,"verb","Verb, 3rd person singular present of ""to be""",NA,NA
"also","RB","also",4,"adverb","Adverb",NA,NA
"a","DT","a",1,"determiner","Determiner",NA,NA
"process","NN","process",7,"noun","Noun, singular or mass",NA,NA
",",",",",",1,"comma","Comma",NA,NA
"one","CD","one",3,"number","Cardinal number",NA,NA
"proving","VVG","prove",7,"verb","Verb, gerund or present participle",NA,NA
"that","IN/that","that",4,"preposition","Preposition or subordinating conjunction",NA,NA
"coins","NNS","coin",5,"noun","Noun, plural",NA,NA
"existed","VVD","exist",7,"verb","Verb, past tense",NA,NA
"and","CC","and",3,"conjunction","Coordinating conjunction",NA,NA
"were","VBD","be",4,"verb","Verb, past tense of ""to be""",NA,NA
"exchanged","VVN","exchange",9,"verb","Verb, past participle",NA,NA
".","SENT",".",1,"fullstop","Sentence ending punctuation",NA,NA
"The","DT","the",3,"determiner","Determiner",NA,NA
"steps","NNS","step",5,"noun","Noun, plural",NA,NA
"in","IN","in",2,"preposition","Preposition or subordinating conjunction",NA,NA
"processing","VVG","process",10,"verb","Verb, gerund or present participle",NA,NA
"a","DT","a",1,"determiner","Determiner",NA,NA
"title","NN","title",5,"noun","Noun, singular or mass",NA,NA
"for","IN","for",3,"preposition","Preposition or subordinating conjunction",NA,NA
"Real","NP","Real",4,"name","Proper noun, singular",NA,NA
"Estate","NP","Estate",6,"name","Proper noun, singular",NA,NA
"is","VBZ","be",2,"verb","Verb, 3rd person singular present of ""to be""",NA,NA
"a","DT","a",1,"determiner","Determiner",NA,NA
"process","NN","process",7,"noun","Noun, singular or mass",NA,NA
",",",",",",1,"comma","Comma",NA,NA
"and","CC","and",3,"conjunction","Coordinating conjunction",NA,NA
"one","CD","one",3,"number","Cardinal number",NA,NA
"where","WRB","where",5,"adverb","Wh-adverb",NA,NA
"a","DT","a",1,"determiner","Determiner",NA,NA
"clear","JJ","clear",5,"adjective","Adjective",NA,NA
"timeline","NN","timeline",8,"noun","Noun, singular or mass",NA,NA
"of","IN","of",2,"preposition","Preposition or subordinating conjunction",NA,NA
"process","NN","process",7,"noun","Noun, singular or mass",NA,NA
"can","MD","can",3,"modal","Modal",NA,NA
"be","VB","be",2,"verb","Verb, base form of ""to be""",NA,NA
"very","RB","very",4,"adverb","Adverb",NA,NA
"helpful","JJ","helpful",7,"adjective","Adjective",NA,NA
".","SENT",".",1,"fullstop","Sentence ending punctuation",NA,NA
"Factom","NP","<unknown>",6,"name","Proper noun, singular",NA,NA
"Chains","NP","<unknown>",6,"name","Proper noun, singular",NA,NA
"are","VBP","be",3,"verb","Verb, non-3rd person singular present of ""to be""",NA,NA
"constructed","VVN","construct",11,"verb","Verb, past participle",NA,NA
"from","IN","from",4,"preposition","Preposition or subordinating conjunction",NA,NA
"entries","NNS","entry",7,"noun","Noun, plural",NA,NA
"crafted","VVN","craft",7,"verb","Verb, past participle",NA,NA
"to","TO","to",2,"to","to",NA,NA
"support","VV","support",7,"verb","Verb, base form",NA,NA
"a","DT","a",1,"determiner","Determiner",NA,NA
"wide","JJ","wide",4,"adjective","Adjective",NA,NA
"range","NN","range",5,"noun","Noun, singular or mass",NA,NA
"of","IN","of",2,"preposition","Preposition or subordinating conjunction",NA,NA
"applications","NNS","application",12,"noun","Noun, plural",NA,NA
".","SENT",".",1,"fullstop","Sentence ending punctuation",NA,NA
"An","DT","an",2,"determiner","Determiner",NA,NA
"entry","NN","entry",5,"noun","Noun, singular or mass",NA,NA
"can","MD","can",3,"modal","Modal",NA,NA
"be","VB","be",2,"verb","Verb, base form of ""to be""",NA,NA
"used","VVN","use",4,"verb","Verb, past participle",NA,NA
"to","TO","to",2,"to","to",NA,NA
"prove","VV","prove",5,"verb","Verb, base form",NA,NA
"data","NNS","datum",4,"noun","Noun, plural",NA,NA
"existed","VVN","exist",7,"verb","Verb, past participle",NA,NA
"at","IN","at",2,"preposition","Preposition or subordinating conjunction",NA,NA
"a","DT","a",1,"determiner","Determiner",NA,NA
"point","NN","point",5,"noun","Noun, singular or mass",NA,NA
"in","IN","in",2,"preposition","Preposition or subordinating conjunction",NA,NA
"time","NN","time",4,"noun","Noun, singular or mass",NA,NA
".","SENT",".",1,"fullstop","Sentence ending punctuation",NA,NA
"And","CC","and",3,"conjunction","Coordinating conjunction",NA,NA
"other","JJ","other",5,"adjective","Adjective",NA,NA
"Factom","NP","<unknown>",6,"name","Proper noun, singular",NA,NA
"Chains","NP","<unknown>",6,"name","Proper noun, singular",NA,NA
"and","CC","and",3,"conjunction","Coordinating conjunction",NA,NA
"demonstrate","VV","demonstrate",11,"verb","Verb, base form",NA,NA
"their","PP$","their",5,"pronoun","Possessive pronoun",NA,NA
"reaction","NN","reaction",8,"noun","Noun, singular or mass",NA,NA
"to","TO","to",2,"to","to",NA,NA
"such","JJ","such",4,"adjective","Adjective",NA,NA
"data","NNS","datum",4,"noun","Noun, plural",NA,NA
".","SENT",".",1,"fullstop","Sentence ending punctuation",NA,NA
"In","IN","in",2,"preposition","Preposition or subordinating conjunction",NA,NA
"other","JJ","other",5,"adjective","Adjective",NA,NA
"words","NNS","word",5,"noun","Noun, plural",NA,NA
",",",",",",1,"comma","Comma",NA,NA
"a","DT","a",1,"determiner","Determiner",NA,NA
"Factom","NP","<unknown>",6,"name","Proper noun, singular",NA,NA
"chain","NN","chain",5,"noun","Noun, singular or mass",NA,NA
"is","VBZ","be",2,"verb","Verb, 3rd person singular present of ""to be""",NA,NA
"a","DT","a",1,"determiner","Determiner",NA,NA
"sequence","NN","sequence",8,"noun","Noun, singular or mass",NA,NA
"of","IN","of",2,"preposition","Preposition or subordinating conjunction",NA,NA
"entries","NNS","entry",7,"noun","Noun, plural",NA,NA
"that","WDT","that",4,"determiner","Wh-determiner",NA,NA
"define","VVP","define",6,"verb","Verb, non-3rd person singular present",NA,NA
"some","DT","some",4,"determiner","Determiner",NA,NA
"progression","NN","progression",11,"noun","Noun, singular or mass",NA,NA
"of","IN","of",2,"preposition","Preposition or subordinating conjunction",NA,NA
"state","NN","state",5,"noun","Noun, singular or mass",NA,NA
",",",",",",1,"comma","Comma",NA,NA
"and","CC","and",3,"conjunction","Coordinating conjunction",NA,NA
"the","DT","the",3,"determiner","Determiner",NA,NA
"data","NNS","datum",4,"noun","Noun, plural",NA,NA
"that","WDT","that",4,"determiner","Wh-determiner",NA,NA
"drove","VVD","drive",5,"verb","Verb, past tense",NA,NA
"that","DT","that",4,"determiner","Determiner",NA,NA
"progression","NN","progression",11,"noun","Noun, singular or mass",NA,NA
".","SENT",".",1,"fullstop","Sentence ending punctuation",NA,NA
"Each","DT","each",4,"determiner","Determiner",NA,NA
"Factom","NP","<unknown>",6,"name","Proper noun, singular",NA,NA
"chain","NN","chain",5,"noun","Noun, singular or mass",NA,NA
"has","VHZ","have",3,"verb","Verb, 3rd person singular present of ""to have""",NA,NA
"its","PP$","its",3,"pronoun","Possessive pronoun",NA,NA
"own","JJ","own",3,"adjective","Adjective",NA,NA
"rules","NNS","rule",5,"noun","Noun, plural",NA,NA
",",",",",",1,"comma","Comma",NA,NA
"and","CC","and",3,"conjunction","Coordinating conjunction",NA,NA
"entries","NNS","entry",7,"noun","Noun, plural",NA,NA
"in","IN","in",2,"preposition","Preposition or subordinating conjunction",NA,NA
"these","DT","these",5,"determiner","Determiner",NA,NA
"Chains","NNS","chain",6,"noun","Noun, plural",NA,NA
"are","VBP","be",3,"verb","Verb, non-3rd person singular present of ""to be""",NA,NA
"constrained","VVN","constrain",11,"verb","Verb, past participle",NA,NA
"by","IN","by",2,"preposition","Preposition or subordinating conjunction",NA,NA
"those","DT","those",5,"determiner","Determiner",NA,NA
"rules","NNS","rule",5,"noun","Noun, plural",NA,NA
".","SENT",".",1,"fullstop","Sentence ending punctuation",NA,NA
"The","DT","the",3,"determiner","Determiner",NA,NA
"architecture","NN","architecture",12,"noun","Noun, singular or mass",NA,NA
"for","IN","for",3,"preposition","Preposition or subordinating conjunction",NA,NA
"Factom","NP","<unknown>",6,"name","Proper noun, singular",NA,NA
"allows","VVZ","allow",6,"verb","Verb, 3rd person singular present",NA,NA
"for","IN","for",3,"preposition","Preposition or subordinating conjunction",NA,NA
"the","DT","the",3,"determiner","Determiner",NA,NA
"easy","JJ","easy",4,"adjective","Adjective",NA,NA
"construction","NN","construction",12,"noun","Noun, singular or mass",NA,NA
"of","IN","of",2,"preposition","Preposition or subordinating conjunction",NA,NA
"tokens","NNS","token",6,"noun","Noun, plural",NA,NA
"or","CC","or",2,"conjunction","Coordinating conjunction",NA,NA
"coins","NNS","coin",5,"noun","Noun, plural",NA,NA
",",",",",",1,"comma","Comma",NA,NA
"securities","NNS","security",10,"noun","Noun, plural",NA,NA
",",",",",",1,"comma","Comma",NA,NA
"smart","JJ","smart",5,"adjective","Adjective",NA,NA
"contracts","NNS","contract",9,"noun","Noun, plural",NA,NA
",",",",",",1,"comma","Comma",NA,NA
"etc","FW","etc",3,"foreign","Foreign word",NA,NA
".","SENT",".",1,"fullstop","Sentence ending punctuation",NA,NA
