"token","tag","lemma","lttr","wclass","desc","stop","stem"
"Aurora","NP","Aurora",6,"name","Proper noun, singular",NA,NA
"Virtual","NP","<unknown>",7,"name","Proper noun, singular",NA,NA
"reality","NN","reality",7,"noun","Noun, singular or mass",NA,NA
"based","VVN","base",5,"verb","Verb, past participle",NA,NA
"real","JJ","real",4,"adjective","Adjective",NA,NA
"estate","NN","estate",6,"noun","Noun, singular or mass",NA,NA
"tour","NN","tour",4,"noun","Noun, singular or mass",NA,NA
"Android","NP","<unknown>",7,"name","Proper noun, singular",NA,NA
"Application","NP","Application",11,"name","Proper noun, singular",NA,NA
"for","IN","for",3,"preposition","Preposition or subordinating conjunction",NA,NA
"Hacktech","NP","<unknown>",8,"name","Proper noun, singular",NA,NA
".","SENT",".",1,"fullstop","Sentence ending punctuation",NA,NA
"Realtors","NNS","Realtor",8,"noun","Noun, plural",NA,NA
"upload","VVP","upload",6,"verb","Verb, non-3rd person singular present",NA,NA
"panoramic","JJ","panoramic",9,"adjective","Adjective",NA,NA
"images","NNS","image",6,"noun","Noun, plural",NA,NA
"of","IN","of",2,"preposition","Preposition or subordinating conjunction",NA,NA
"properties","NNS","property",10,"noun","Noun, plural",NA,NA
"that","WDT","that",4,"determiner","Wh-determiner",NA,NA
"are","VBP","be",3,"verb","Verb, non-3rd person singular present of ""to be""",NA,NA
"converted","VVN","convert",9,"verb","Verb, past participle",NA,NA
"into","IN","into",4,"preposition","Preposition or subordinating conjunction",NA,NA
"virtual","JJ","virtual",7,"adjective","Adjective",NA,NA
"reality","NN","reality",7,"noun","Noun, singular or mass",NA,NA
"scenes","NNS","scene",6,"noun","Noun, plural",NA,NA
".","SENT",".",1,"fullstop","Sentence ending punctuation",NA,NA
"Clients","NNS","client",7,"noun","Noun, plural",NA,NA
"are","VBP","be",3,"verb","Verb, non-3rd person singular present of ""to be""",NA,NA
"able","JJ","able",4,"adjective","Adjective",NA,NA
"to","TO","to",2,"to","to",NA,NA
"search","VV","search",6,"verb","Verb, base form",NA,NA
"for","IN","for",3,"preposition","Preposition or subordinating conjunction",NA,NA
"properties","NNS","property",10,"noun","Noun, plural",NA,NA
"on","IN","on",2,"preposition","Preposition or subordinating conjunction",NA,NA
"a","DT","a",1,"determiner","Determiner",NA,NA
"map","NN","map",3,"noun","Noun, singular or mass",NA,NA
"and","CC","and",3,"conjunction","Coordinating conjunction",NA,NA
"view","VV","view",4,"verb","Verb, base form",NA,NA
"available","JJ","available",9,"adjective","Adjective",NA,NA
"real","JJ","real",4,"adjective","Adjective",NA,NA
"estate","NN","estate",6,"noun","Noun, singular or mass",NA,NA
"tours","NNS","tour",5,"noun","Noun, plural",NA,NA
".","SENT",".",1,"fullstop","Sentence ending punctuation",NA,NA
"img","NN","<unknown>",3,"noun","Noun, singular or mass",NA,NA
"src","NN","<unknown>",3,"noun","Noun, singular or mass",NA,NA
"img","NN","<unknown>",3,"noun","Noun, singular or mass",NA,NA
"src","NN","<unknown>",3,"noun","Noun, singular or mass",NA,NA
"img","NN","<unknown>",3,"noun","Noun, singular or mass",NA,NA
"src","NN","<unknown>",3,"noun","Noun, singular or mass",NA,NA
"img","NN","<unknown>",3,"noun","Noun, singular or mass",NA,NA
"src","NN","<unknown>",3,"noun","Noun, singular or mass",NA,NA
"img","NN","<unknown>",3,"noun","Noun, singular or mass",NA,NA
"src","NN","<unknown>",3,"noun","Noun, singular or mass",NA,NA
