"token","tag","lemma","lttr","wclass","desc","stop","stem"
"rets","VVZ","ret",4,"verb","Verb, 3rd person singular present",NA,NA
".","SENT",".",1,"fullstop","Sentence ending punctuation",NA,NA
"js","NP","<unknown>",2,"name","Proper noun, singular",NA,NA
"Travis","NP","Travis",6,"name","Proper noun, singular",NA,NA
"Simplified","NP","<unknown>",10,"name","Proper noun, singular",NA,NA
"RETS","NP","<unknown>",4,"name","Proper noun, singular",NA,NA
"Node","NP","Node",4,"name","Proper noun, singular",NA,NA
"Client","NP","Client",6,"name","Proper noun, singular",NA,NA
"rets","VVZ","ret",4,"verb","Verb, 3rd person singular present",NA,NA
".","SENT",".",1,"fullstop","Sentence ending punctuation",NA,NA
"js","NNS","<unknown>",2,"noun","Noun, plural",NA,NA
"aims","VVZ","aim",4,"verb","Verb, 3rd person singular present",NA,NA
"to","TO","to",2,"to","to",NA,NA
"simplify","VV","simplify",8,"verb","Verb, base form",NA,NA
"interacting","VVG","interact",11,"verb","Verb, gerund or present participle",NA,NA
"with","IN","with",4,"preposition","Preposition or subordinating conjunction",NA,NA
"Real","NP","Real",4,"name","Proper noun, singular",NA,NA
"Estate","NP","Estate",6,"name","Proper noun, singular",NA,NA
"Transaction","NP","<unknown>",11,"name","Proper noun, singular",NA,NA
"Standard","NP","Standard",8,"name","Proper noun, singular",NA,NA
"compliant","JJ","compliant",9,"adjective","Adjective",NA,NA
"servers","NNS","server",7,"noun","Noun, plural",NA,NA
"using","VVG","use",5,"verb","Verb, gerund or present participle",NA,NA
"Node","NP","Node",4,"name","Proper noun, singular",NA,NA
".","SENT",".",1,"fullstop","Sentence ending punctuation",NA,NA
"js","NNS","<unknown>",2,"noun","Noun, plural",NA,NA
".","SENT",".",1,"fullstop","Sentence ending punctuation",NA,NA
"Specifically","RB","specifically",12,"adverb","Adverb",NA,NA
"RETS","NP","<unknown>",4,"name","Proper noun, singular",NA,NA
"Version","NP","Version",7,"name","Proper noun, singular",NA,NA
"..",":","...",2,"punctuation","Punctuation",NA,NA
"It","PP","it",2,"pronoun","Personal pronoun",NA,NA
"is","VBZ","be",2,"verb","Verb, 3rd person singular present of ""to be""",NA,NA
"an","DT","an",2,"determiner","Determiner",NA,NA
"effort","NN","effort",6,"noun","Noun, singular or mass",NA,NA
"to","TO","to",2,"to","to",NA,NA
"bring","VV","bring",5,"verb","Verb, base form",NA,NA
"a","DT","a",1,"determiner","Determiner",NA,NA
"properly","RB","properly",8,"adverb","Adverb",NA,NA
"functioning","VVG","function",11,"verb","Verb, gerund or present participle",NA,NA
"and","CC","and",3,"conjunction","Coordinating conjunction",NA,NA
"performant","JJ","<unknown>",10,"adjective","Adjective",NA,NA
"libRETS","NNS","<unknown>",7,"noun","Noun, plural",NA,NA
"implementation","NN","implementation",14,"noun","Noun, singular or mass",NA,NA
"to","TO","to",2,"to","to",NA,NA
"the","DT","the",3,"determiner","Determiner",NA,NA
"Node","NP","Node",4,"name","Proper noun, singular",NA,NA
".","SENT",".",1,"fullstop","Sentence ending punctuation",NA,NA
"js","NNS","<unknown>",2,"noun","Noun, plural",NA,NA
"community","NN","community",9,"noun","Noun, singular or mass",NA,NA
".","SENT",".",1,"fullstop","Sentence ending punctuation",NA,NA
"This","DT","this",4,"determiner","Determiner",NA,NA
"library","NN","library",7,"noun","Noun, singular or mass",NA,NA
"is","VBZ","be",2,"verb","Verb, 3rd person singular present of ""to be""",NA,NA
"not","RB","not",3,"adverb","Adverb",NA,NA
"a","DT","a",1,"determiner","Determiner",NA,NA
"libRETS","NNS","<unknown>",7,"noun","Noun, plural",NA,NA
"wrapper","NN","wrapper",7,"noun","Noun, singular or mass",NA,NA
",",",",",",1,"comma","Comma",NA,NA
"but","CC","but",3,"conjunction","Coordinating conjunction",NA,NA
"seeks","VVZ","seek",5,"verb","Verb, 3rd person singular present",NA,NA
"to","TO","to",2,"to","to",NA,NA
"provide","VV","provide",7,"verb","Verb, base form",NA,NA
"a","DT","a",1,"determiner","Determiner",NA,NA
"similar","JJ","similar",7,"adjective","Adjective",NA,NA
"API","NP","API",3,"name","Proper noun, singular",NA,NA
"interface","NN","interface",9,"noun","Noun, singular or mass",NA,NA
"while","IN","while",5,"preposition","Preposition or subordinating conjunction",NA,NA
"offering","VVG","offer",8,"verb","Verb, gerund or present participle",NA,NA
"additional","JJ","additional",10,"adjective","Adjective",NA,NA
"feature","NN","feature",7,"noun","Noun, singular or mass",NA,NA
"support","NN","support",7,"noun","Noun, singular or mass",NA,NA
"that","IN/that","that",4,"preposition","Preposition or subordinating conjunction",NA,NA
"Node","NP","Node",4,"name","Proper noun, singular",NA,NA
".","SENT",".",1,"fullstop","Sentence ending punctuation",NA,NA
"js","NNS","<unknown>",2,"noun","Noun, plural",NA,NA
"developers","NNS","developer",10,"noun","Noun, plural",NA,NA
"have","VHP","have",4,"verb","Verb, non-3rd person singular present of ""to have""",NA,NA
"come","VVN","come",4,"verb","Verb, past participle",NA,NA
"to","TO","to",2,"to","to",NA,NA
"rely","VV","rely",4,"verb","Verb, base form",NA,NA
"on","IN","on",2,"preposition","Preposition or subordinating conjunction",NA,NA
"like","JJ","like",4,"adjective","Adjective",NA,NA
"events","NNS","event",6,"noun","Noun, plural",NA,NA
"and","CC","and",3,"conjunction","Coordinating conjunction",NA,NA
"streaming","VVG","stream",9,"verb","Verb, gerund or present participle",NA,NA
".","SENT",".",1,"fullstop","Sentence ending punctuation",NA,NA
"A","DT","a",1,"determiner","Determiner",NA,NA
"secondary","JJ","secondary",9,"adjective","Adjective",NA,NA
"but","CC","but",3,"conjunction","Coordinating conjunction",NA,NA
"still","RB","still",5,"adverb","Adverb",NA,NA
"important","JJ","important",9,"adjective","Adjective",NA,NA
"goal","NN","goal",4,"noun","Noun, singular or mass",NA,NA
"is","VBZ","be",2,"verb","Verb, 3rd person singular present of ""to be""",NA,NA
"to","TO","to",2,"to","to",NA,NA
"keep","VV","keep",4,"verb","Verb, base form",NA,NA
"the","DT","the",3,"determiner","Determiner",NA,NA
"code","NN","code",4,"noun","Noun, singular or mass",NA,NA
"as","IN","as",2,"preposition","Preposition or subordinating conjunction",NA,NA
"simple","JJ","simple",6,"adjective","Adjective",NA,NA
"to","TO","to",2,"to","to",NA,NA
"read","VV","read",4,"verb","Verb, base form",NA,NA
"as","RB","as",2,"adverb","Adverb",NA,NA
"possible","JJ","possible",8,"adjective","Adjective",NA,NA
"to","TO","to",2,"to","to",NA,NA
"help","VV","help",4,"verb","Verb, base form",NA,NA
"developers","NNS","developer",10,"noun","Noun, plural",NA,NA
"understand","VV","understand",10,"verb","Verb, base form",NA,NA
"the","DT","the",3,"determiner","Determiner",NA,NA
"RETS","NP","<unknown>",4,"name","Proper noun, singular",NA,NA
"Specification","NP","<unknown>",13,"name","Proper noun, singular",NA,NA
".","SENT",".",1,"fullstop","Sentence ending punctuation",NA,NA
"More","JJR","more",4,"adjective","Adjective, comparative",NA,NA
"information","NN","information",11,"noun","Noun, singular or mass",NA,NA
"about","IN","about",5,"preposition","Preposition or subordinating conjunction",NA,NA
"RESO","NP","Reso",4,"name","Proper noun, singular",NA,NA
"and","CC","and",3,"conjunction","Coordinating conjunction",NA,NA
"the","DT","the",3,"determiner","Determiner",NA,NA
"RETS","NP","<unknown>",4,"name","Proper noun, singular",NA,NA
".","SENT",".",1,"fullstop","Sentence ending punctuation",NA,NA
"Specification","NN","specification",13,"noun","Noun, singular or mass",NA,NA
"can","MD","can",3,"modal","Modal",NA,NA
"be","VB","be",2,"verb","Verb, base form of ""to be""",NA,NA
"found","VVN","find",5,"verb","Verb, past participle",NA,NA
"at","IN","at",2,"preposition","Preposition or subordinating conjunction",NA,NA
"the","DT","the",3,"determiner","Determiner",NA,NA
"RESO","NP","Reso",4,"name","Proper noun, singular",NA,NA
"sites","NNS","site",5,"noun","Noun, plural",NA,NA
"respectively","RB","respectively",12,"adverb","Adverb",NA,NA
".","SENT",".",1,"fullstop","Sentence ending punctuation",NA,NA
"Install","VV","install",7,"verb","Verb, base form",NA,NA
"npm","NN","<unknown>",3,"noun","Noun, singular or mass",NA,NA
"install","VV","install",7,"verb","Verb, base form",NA,NA
"save","NN","save",4,"noun","Noun, singular or mass",NA,NA
"rets","VVZ","ret",4,"verb","Verb, 3rd person singular present",NA,NA
".","SENT",".",1,"fullstop","Sentence ending punctuation",NA,NA
"js","NP","<unknown>",2,"name","Proper noun, singular",NA,NA
"Testing","NP","Testing",7,"name","Proper noun, singular",NA,NA
"npm","NN","<unknown>",3,"noun","Noun, singular or mass",NA,NA
"run","NN","run",3,"noun","Noun, singular or mass",NA,NA
"test","NN","test",4,"noun","Noun, singular or mass",NA,NA
"watch","NN","watch",5,"noun","Noun, singular or mass",NA,NA
"Examples","NNS","example",8,"noun","Noun, plural",NA,NA
"You","PP","you",3,"pronoun","Personal pronoun",NA,NA
"can","MD","can",3,"modal","Modal",NA,NA
"find","VV","find",4,"verb","Verb, base form",NA,NA
"a","DT","a",1,"determiner","Determiner",NA,NA
"number","NN","number",6,"noun","Noun, singular or mass",NA,NA
"of","IN","of",2,"preposition","Preposition or subordinating conjunction",NA,NA
"examples","NNS","example",8,"noun","Noun, plural",NA,NA
"in","IN","in",2,"preposition","Preposition or subordinating conjunction",NA,NA
"the","DT","the",3,"determiner","Determiner",NA,NA
"examples","NNS","example",8,"noun","Noun, plural",NA,NA
"examples","NNS","example",8,"noun","Noun, plural",NA,NA
"directory","NN","directory",9,"noun","Noun, singular or mass",NA,NA
"Contributing","VVG","contribute",12,"verb","Verb, gerund or present participle",NA,NA
"See","NP","See",3,"name","Proper noun, singular",NA,NA
"CONTRIBUTING","NP","<unknown>",12,"name","Proper noun, singular",NA,NA
"CONTRIBUTING","NP","<unknown>",12,"name","Proper noun, singular",NA,NA
".","SENT",".",1,"fullstop","Sentence ending punctuation",NA,NA
"md","NNS","<unknown>",2,"noun","Noun, plural",NA,NA
"for","IN","for",3,"preposition","Preposition or subordinating conjunction",NA,NA
"details","NNS","detail",7,"noun","Noun, plural",NA,NA
"on","IN","on",2,"preposition","Preposition or subordinating conjunction",NA,NA
"submitting","VVG","submit",10,"verb","Verb, gerund or present participle",NA,NA
"patches","NNS","patch",7,"noun","Noun, plural",NA,NA
"and","CC","and",3,"conjunction","Coordinating conjunction",NA,NA
"the","DT","the",3,"determiner","Determiner",NA,NA
"contribution","NN","contribution",12,"noun","Noun, singular or mass",NA,NA
"workflow","NN","<unknown>",8,"noun","Noun, singular or mass",NA,NA
".","SENT",".",1,"fullstop","Sentence ending punctuation",NA,NA
"License","NN","license",7,"noun","Noun, singular or mass",NA,NA
"See","NP","See",3,"name","Proper noun, singular",NA,NA
"LICENSE","NP","License",7,"name","Proper noun, singular",NA,NA
"LICENSE","NP","License",7,"name","Proper noun, singular",NA,NA
