"token","tag","lemma","lttr","wclass","desc","stop","stem"
"Crawler","NN","crawler",7,"noun","Noun, singular or mass",NA,NA
"script","NN","script",6,"noun","Noun, singular or mass",NA,NA
"for","IN","for",3,"preposition","Preposition or subordinating conjunction",NA,NA
"some","DT","some",4,"determiner","Determiner",NA,NA
"German","JJ","German",6,"adjective","Adjective",NA,NA
"real","JJ","real",4,"adjective","Adjective",NA,NA
"estate","NN","estate",6,"noun","Noun, singular or mass",NA,NA
"websites","NNS","<unknown>",8,"noun","Noun, plural",NA,NA
"to","TO","to",2,"to","to",NA,NA
"search","VV","search",6,"verb","Verb, base form",NA,NA
"appartments","NNS","<unknown>",11,"noun","Noun, plural",NA,NA
"in","IN","in",2,"preposition","Preposition or subordinating conjunction",NA,NA
"Berlin","NP","Berlin",6,"name","Proper noun, singular",NA,NA
".","SENT",".",1,"fullstop","Sentence ending punctuation",NA,NA
"Dependancies","NNS","dependancy",12,"noun","Noun, plural",NA,NA
":","SENT",":",1,"fullstop","Sentence ending punctuation",NA,NA
"lxml","NP","<unknown>",4,"name","Proper noun, singular",NA,NA
"PyQuery","NP","<unknown>",7,"name","Proper noun, singular",NA,NA
"simplejson","NP","<unknown>",10,"name","Proper noun, singular",NA,NA
