"token","tag","lemma","lttr","wclass","desc","stop","stem"
"DBSmartPanels","NP","<unknown>",13,"name","Proper noun, singular",NA,NA
"Update","NP","<unknown>",6,"name","Proper noun, singular",NA,NA
"As","IN","as",2,"preposition","Preposition or subordinating conjunction",NA,NA
"of","IN","of",2,"preposition","Preposition or subordinating conjunction",NA,NA
"Xcode","JJ","<unknown>",5,"adjective","Adjective",NA,NA
",",",",",",1,"comma","Comma",NA,NA
"third","JJ","third",5,"adjective","Adjective",NA,NA
"party","NN","party",5,"noun","Noun, singular or mass",NA,NA
"plugins","NNS","<unknown>",7,"noun","Noun, plural",NA,NA
"of","IN","of",2,"preposition","Preposition or subordinating conjunction",NA,NA
"this","DT","this",4,"determiner","Determiner",NA,NA
"nature","NN","nature",6,"noun","Noun, singular or mass",NA,NA
"are","VBP","be",3,"verb","Verb, non-3rd person singular present of ""to be""",NA,NA
"no","RB","no",2,"adverb","Adverb",NA,NA
"longer","RBR","longer",6,"adverb","Adverb, comparative",NA,NA
"supported","VVN","support",9,"verb","Verb, past participle",NA,NA
".","SENT",".",1,"fullstop","Sentence ending punctuation",NA,NA
"This","DT","this",4,"determiner","Determiner",NA,NA
"plugin","NN","<unknown>",6,"noun","Noun, singular or mass",NA,NA
"will","MD","will",4,"modal","Modal",NA,NA
"no","RB","no",2,"adverb","Adverb",NA,NA
"longer","RBR","longer",6,"adverb","Adverb, comparative",NA,NA
"be","VB","be",2,"verb","Verb, base form of ""to be""",NA,NA
"updated","VVN","update",7,"verb","Verb, past participle",NA,NA
",",",",",",1,"comma","Comma",NA,NA
"unless","IN","unless",6,"preposition","Preposition or subordinating conjunction",NA,NA
"until","IN","until",5,"preposition","Preposition or subordinating conjunction",NA,NA
"Apple","NP","Apple",5,"name","Proper noun, singular",NA,NA
"opens","VVZ","open",5,"verb","Verb, 3rd person singular present",NA,NA
"up","RB","up",2,"adverb","Adverb",NA,NA
"support","VV","support",7,"verb","Verb, base form",NA,NA
"for","IN","for",3,"preposition","Preposition or subordinating conjunction",NA,NA
"it","PP","it",2,"pronoun","Personal pronoun",NA,NA
"again","RB","again",5,"adverb","Adverb",NA,NA
".","SENT",".",1,"fullstop","Sentence ending punctuation",NA,NA
"Discussion","NN","discussion",10,"noun","Noun, singular or mass",NA,NA
"around","IN","around",6,"preposition","Preposition or subordinating conjunction",NA,NA
"this","DT","this",4,"determiner","Determiner",NA,NA
"can","MD","can",3,"modal","Modal",NA,NA
"be","VB","be",2,"verb","Verb, base form of ""to be""",NA,NA
"found","VVN","find",5,"verb","Verb, past participle",NA,NA
"here","RB","here",4,"adverb","Adverb",NA,NA
":","SENT",":",1,"fullstop","Sentence ending punctuation",NA,NA
"About","RB","about",5,"adverb","Adverb",NA,NA
"DBSmartPanels","NP","<unknown>",13,"name","Proper noun, singular",NA,NA
"is","VBZ","be",2,"verb","Verb, 3rd person singular present of ""to be""",NA,NA
"a","DT","a",1,"determiner","Determiner",NA,NA
"panel","NN","panel",5,"noun","Noun, singular or mass",NA,NA
"manager","NN","manager",7,"noun","Noun, singular or mass",NA,NA
"plugin","NN","<unknown>",6,"noun","Noun, singular or mass",NA,NA
"for","IN","for",3,"preposition","Preposition or subordinating conjunction",NA,NA
"Xcode","JJ","<unknown>",5,"adjective","Adjective",NA,NA
"and","CC","and",3,"conjunction","Coordinating conjunction",NA,NA
"which","WDT","which",5,"determiner","Wh-determiner",NA,NA
"optimizes","VVZ","optimize",9,"verb","Verb, 3rd person singular present",NA,NA
"screen","NN","screen",6,"noun","Noun, singular or mass",NA,NA
"real","JJ","real",4,"adjective","Adjective",NA,NA
"estate","NN","estate",6,"noun","Noun, singular or mass",NA,NA
"by","IN","by",2,"preposition","Preposition or subordinating conjunction",NA,NA
"making","VVG","make",6,"verb","Verb, gerund or present participle",NA,NA
"common","JJ","common",6,"adjective","Adjective",NA,NA
"sense","NN","sense",5,"noun","Noun, singular or mass",NA,NA
"decisions","NNS","decision",9,"noun","Noun, plural",NA,NA
"on","IN","on",2,"preposition","Preposition or subordinating conjunction",NA,NA
"handling","VVG","handle",8,"verb","Verb, gerund or present participle",NA,NA
"what","WP","what",4,"pronoun","Wh-pronoun",NA,NA
"s","NNS","<unknown>",1,"noun","Noun, plural",NA,NA
"displayed","VVN","display",9,"verb","Verb, past participle",NA,NA
"in","IN","in",2,"preposition","Preposition or subordinating conjunction",NA,NA
"the","DT","the",3,"determiner","Determiner",NA,NA
"editor","NN","editor",6,"noun","Noun, singular or mass",NA,NA
"window","NN","window",6,"noun","Noun, singular or mass",NA,NA
"based","VVN","base",5,"verb","Verb, past participle",NA,NA
"on","IN","on",2,"preposition","Preposition or subordinating conjunction",NA,NA
"what","WP","what",4,"pronoun","Wh-pronoun",NA,NA
"you","PP","you",3,"pronoun","Personal pronoun",NA,NA
"re","IN","re",2,"preposition","Preposition or subordinating conjunction",NA,NA
"currently","RB","currently",9,"adverb","Adverb",NA,NA
"doing","VVG","do",5,"verb","Verb, gerund or present participle",NA,NA
".","SENT",".",1,"fullstop","Sentence ending punctuation",NA,NA
"The","DT","the",3,"determiner","Determiner",NA,NA
"point","NN","point",5,"noun","Noun, singular or mass",NA,NA
"of","IN","of",2,"preposition","Preposition or subordinating conjunction",NA,NA
"this","DT","this",4,"determiner","Determiner",NA,NA
"plugin","NN","<unknown>",6,"noun","Noun, singular or mass",NA,NA
"is","VBZ","be",2,"verb","Verb, 3rd person singular present of ""to be""",NA,NA
"to","TO","to",2,"to","to",NA,NA
"get","VV","get",3,"verb","Verb, base form",NA,NA
"everything","NN","everything",10,"noun","Noun, singular or mass",NA,NA
"out","RP","out",3,"particle"," Particle",NA,NA
"of","IN","of",2,"preposition","Preposition or subordinating conjunction",NA,NA
"the","DT","the",3,"determiner","Determiner",NA,NA
"way","NN","way",3,"noun","Noun, singular or mass",NA,NA
"so","IN","so",2,"preposition","Preposition or subordinating conjunction",NA,NA
"you","PP","you",3,"pronoun","Personal pronoun",NA,NA
"can","MD","can",3,"modal","Modal",NA,NA
"focus","VV","focus",5,"verb","Verb, base form",NA,NA
"only","RB","only",4,"adverb","Adverb",NA,NA
"on","IN","on",2,"preposition","Preposition or subordinating conjunction",NA,NA
"what","WP","what",4,"pronoun","Wh-pronoun",NA,NA
"you","PP","you",3,"pronoun","Personal pronoun",NA,NA
"need","VVP","need",4,"verb","Verb, non-3rd person singular present",NA,NA
"for","IN","for",3,"preposition","Preposition or subordinating conjunction",NA,NA
"the","DT","the",3,"determiner","Determiner",NA,NA
"task","NN","task",4,"noun","Noun, singular or mass",NA,NA
"at","IN","at",2,"preposition","Preposition or subordinating conjunction",NA,NA
"hand","NN","hand",4,"noun","Noun, singular or mass",NA,NA
".","SENT",".",1,"fullstop","Sentence ending punctuation",NA,NA
"There","EX","there",5,"existential","Existential there",NA,NA
"are","VBP","be",3,"verb","Verb, non-3rd person singular present of ""to be""",NA,NA
"currently","RB","currently",9,"adverb","Adverb",NA,NA
"events","NNS","event",6,"noun","Noun, plural",NA,NA
"with","IN","with",4,"preposition","Preposition or subordinating conjunction",NA,NA
"which","WDT","which",5,"determiner","Wh-determiner",NA,NA
"the","DT","the",3,"determiner","Determiner",NA,NA
"plugin","NN","<unknown>",6,"noun","Noun, singular or mass",NA,NA
"is","VBZ","be",2,"verb","Verb, 3rd person singular present of ""to be""",NA,NA
"concerned","VVN","concern",9,"verb","Verb, past participle",NA,NA
",",",",",",1,"comma","Comma",NA,NA
"with","IN","with",4,"preposition","Preposition or subordinating conjunction",NA,NA
"multiple","JJ","multiple",8,"adjective","Adjective",NA,NA
"behavior","NN","behavior",8,"noun","Noun, singular or mass",NA,NA
"tweaks","NNS","tweak",6,"noun","Noun, plural",NA,NA
"for","IN","for",3,"preposition","Preposition or subordinating conjunction",NA,NA
"each","DT","each",4,"determiner","Determiner",NA,NA
":","SENT",":",1,"fullstop","Sentence ending punctuation",NA,NA
"b","LS","b",1,"listmarker","List item marker",NA,NA
"When","WRB","when",4,"adverb","Wh-adverb",NA,NA
"you","PP","you",3,"pronoun","Personal pronoun",NA,NA
"begin","VVP","begin",5,"verb","Verb, non-3rd person singular present",NA,NA
"typing","VVG","type",6,"verb","Verb, gerund or present participle",NA,NA
"in","IN","in",2,"preposition","Preposition or subordinating conjunction",NA,NA
"a","DT","a",1,"determiner","Determiner",NA,NA
"text","NN","text",4,"noun","Noun, singular or mass",NA,NA
"document","NN","document",8,"noun","Noun, singular or mass",NA,NA
"...",":","...",3,"punctuation","Punctuation",NA,NA
"b","SYM","b",1,"symbol","Symbol",NA,NA
"i","NP","i",1,"name","Proper noun, singular",NA,NA
"Hide","NP","Hide",4,"name","Proper noun, singular",NA,NA
"debug","VV","debug",5,"verb","Verb, base form",NA,NA
"area","NN","area",4,"noun","Noun, singular or mass",NA,NA
"i","NNS","i",1,"noun","Noun, plural",NA,NA
":","SENT",":",1,"fullstop","Sentence ending punctuation",NA,NA
"hides","VVZ","hide",5,"verb","Verb, 3rd person singular present",NA,NA
"the","DT","the",3,"determiner","Determiner",NA,NA
"bottom","JJ","bottom",6,"adjective","Adjective",NA,NA
"panel","NN","panel",5,"noun","Noun, singular or mass",NA,NA
"i","NP","i",1,"name","Proper noun, singular",NA,NA
"Hide","NP","Hide",4,"name","Proper noun, singular",NA,NA
"navigator","NN","navigator",9,"noun","Noun, singular or mass",NA,NA
"area","NN","area",4,"noun","Noun, singular or mass",NA,NA
"i","NP","i",1,"name","Proper noun, singular",NA,NA
":","SENT",":",1,"fullstop","Sentence ending punctuation",NA,NA
"hides","VVZ","hide",5,"verb","Verb, 3rd person singular present",NA,NA
"the","DT","the",3,"determiner","Determiner",NA,NA
"left","JJ","left",4,"adjective","Adjective",NA,NA
"hand","NN","hand",4,"noun","Noun, singular or mass",NA,NA
"panel","NN","panel",5,"noun","Noun, singular or mass",NA,NA
"i","NP","i",1,"name","Proper noun, singular",NA,NA
"Hide","NP","Hide",4,"name","Proper noun, singular",NA,NA
"utilities","NNS","utility",9,"noun","Noun, plural",NA,NA
"area","NN","area",4,"noun","Noun, singular or mass",NA,NA
"i","NP","i",1,"name","Proper noun, singular",NA,NA
":","SENT",":",1,"fullstop","Sentence ending punctuation",NA,NA
"hides","VVZ","hide",5,"verb","Verb, 3rd person singular present",NA,NA
"the","DT","the",3,"determiner","Determiner",NA,NA
"right","JJ","right",5,"adjective","Adjective",NA,NA
"hand","NN","hand",4,"noun","Noun, singular or mass",NA,NA
"panel","NN","panel",5,"noun","Noun, singular or mass",NA,NA
"b","NN","b",1,"noun","Noun, singular or mass",NA,NA
"When","WRB","when",4,"adverb","Wh-adverb",NA,NA
"you","PP","you",3,"pronoun","Personal pronoun",NA,NA
"open","VVP","open",4,"verb","Verb, non-3rd person singular present",NA,NA
"a","DT","a",1,"determiner","Determiner",NA,NA
"text","NN","text",4,"noun","Noun, singular or mass",NA,NA
"document","NN","document",8,"noun","Noun, singular or mass",NA,NA
"...",":","...",3,"punctuation","Punctuation",NA,NA
"b","SYM","b",1,"symbol","Symbol",NA,NA
"i","NP","i",1,"name","Proper noun, singular",NA,NA
"Restore","NP","Restore",7,"name","Proper noun, singular",NA,NA
"editor","NN","editor",6,"noun","Noun, singular or mass",NA,NA
"mode","NN","mode",4,"noun","Noun, singular or mass",NA,NA
"i","NP","i",1,"name","Proper noun, singular",NA,NA
":","SENT",":",1,"fullstop","Sentence ending punctuation",NA,NA
"if","IN","if",2,"preposition","Preposition or subordinating conjunction",NA,NA
"applicable","JJ","applicable",10,"adjective","Adjective",NA,NA
",",",",",",1,"comma","Comma",NA,NA
"switches","VVZ","switch",8,"verb","Verb, 3rd person singular present",NA,NA
"you","PP","you",3,"pronoun","Personal pronoun",NA,NA
"back","RB","back",4,"adverb","Adverb",NA,NA
"to","TO","to",2,"to","to",NA,NA
"whichever","WDT","whichever",9,"determiner","Wh-determiner",NA,NA
"editor","NN","editor",6,"noun","Noun, singular or mass",NA,NA
"mode","NN","mode",4,"noun","Noun, singular or mass",NA,NA
"you","PP","you",3,"pronoun","Personal pronoun",NA,NA
"were","VBD","be",4,"verb","Verb, past tense of ""to be""",NA,NA
"in","IN","in",2,"preposition","Preposition or subordinating conjunction",NA,NA
"Standard","NP","Standard",8,"name","Proper noun, singular",NA,NA
",",",",",",1,"comma","Comma",NA,NA
"Assistant","NP","Assistant",9,"name","Proper noun, singular",NA,NA
",",",",",",1,"comma","Comma",NA,NA
"or","CC","or",2,"conjunction","Coordinating conjunction",NA,NA
"Version","NP","Version",7,"name","Proper noun, singular",NA,NA
"Editor","NP","Editor",6,"name","Proper noun, singular",NA,NA
"before","IN","before",6,"preposition","Preposition or subordinating conjunction",NA,NA
"you","PP","you",3,"pronoun","Personal pronoun",NA,NA
"opened","VVD","open",6,"verb","Verb, past tense",NA,NA
"an","DT","an",2,"determiner","Determiner",NA,NA
"interface","NN","interface",9,"noun","Noun, singular or mass",NA,NA
"file","NN","file",4,"noun","Noun, singular or mass",NA,NA
"i","NP","i",1,"name","Proper noun, singular",NA,NA
"Restore","NP","Restore",7,"name","Proper noun, singular",NA,NA
"debug","VVP","debug",5,"verb","Verb, non-3rd person singular present",NA,NA
"area","NN","area",4,"noun","Noun, singular or mass",NA,NA
"state","NN","state",5,"noun","Noun, singular or mass",NA,NA
"i","NP","i",1,"name","Proper noun, singular",NA,NA
":","SENT",":",1,"fullstop","Sentence ending punctuation",NA,NA
"if","IN","if",2,"preposition","Preposition or subordinating conjunction",NA,NA
"applicable","JJ","applicable",10,"adjective","Adjective",NA,NA
",",",",",",1,"comma","Comma",NA,NA
"un","JJ","<unknown>",2,"adjective","Adjective",NA,NA
"hides","NNS","hide",5,"noun","Noun, plural",NA,NA
"the","DT","the",3,"determiner","Determiner",NA,NA
"debug","VVP","debug",5,"verb","Verb, non-3rd person singular present",NA,NA
"area","NN","area",4,"noun","Noun, singular or mass",NA,NA
"if","IN","if",2,"preposition","Preposition or subordinating conjunction",NA,NA
"it","PP","it",2,"pronoun","Personal pronoun",NA,NA
"was","VBD","be",3,"verb","Verb, past tense of ""to be""",NA,NA
"visible","JJ","visible",7,"adjective","Adjective",NA,NA
"before","IN","before",6,"preposition","Preposition or subordinating conjunction",NA,NA
"you","PP","you",3,"pronoun","Personal pronoun",NA,NA
"opened","VVD","open",6,"verb","Verb, past tense",NA,NA
"an","DT","an",2,"determiner","Determiner",NA,NA
"interface","NN","interface",9,"noun","Noun, singular or mass",NA,NA
"file","NN","file",4,"noun","Noun, singular or mass",NA,NA
"i","NP","i",1,"name","Proper noun, singular",NA,NA
"Hide","NP","Hide",4,"name","Proper noun, singular",NA,NA
"navigator","NN","navigator",9,"noun","Noun, singular or mass",NA,NA
"area","NN","area",4,"noun","Noun, singular or mass",NA,NA
"i","NP","i",1,"name","Proper noun, singular",NA,NA
":","SENT",":",1,"fullstop","Sentence ending punctuation",NA,NA
"hides","VVZ","hide",5,"verb","Verb, 3rd person singular present",NA,NA
"the","DT","the",3,"determiner","Determiner",NA,NA
"left","JJ","left",4,"adjective","Adjective",NA,NA
"hand","NN","hand",4,"noun","Noun, singular or mass",NA,NA
"panel","NN","panel",5,"noun","Noun, singular or mass",NA,NA
"i","NP","i",1,"name","Proper noun, singular",NA,NA
"Hide","NP","Hide",4,"name","Proper noun, singular",NA,NA
"utilities","NNS","utility",9,"noun","Noun, plural",NA,NA
"area","NN","area",4,"noun","Noun, singular or mass",NA,NA
"i","NP","i",1,"name","Proper noun, singular",NA,NA
":","SENT",":",1,"fullstop","Sentence ending punctuation",NA,NA
"hides","VVZ","hide",5,"verb","Verb, 3rd person singular present",NA,NA
"the","DT","the",3,"determiner","Determiner",NA,NA
"right","JJ","right",5,"adjective","Adjective",NA,NA
"hand","NN","hand",4,"noun","Noun, singular or mass",NA,NA
"panel","NN","panel",5,"noun","Noun, singular or mass",NA,NA
"b","NN","b",1,"noun","Noun, singular or mass",NA,NA
"When","WRB","when",4,"adverb","Wh-adverb",NA,NA
"you","PP","you",3,"pronoun","Personal pronoun",NA,NA
"open","VVP","open",4,"verb","Verb, non-3rd person singular present",NA,NA
"an","DT","an",2,"determiner","Determiner",NA,NA
"interface","NN","interface",9,"noun","Noun, singular or mass",NA,NA
"file","NN","file",4,"noun","Noun, singular or mass",NA,NA
"...",":","...",3,"punctuation","Punctuation",NA,NA
"b","SYM","b",1,"symbol","Symbol",NA,NA
"XIB","NP","<unknown>",3,"name","Proper noun, singular",NA,NA
"or","CC","or",2,"conjunction","Coordinating conjunction",NA,NA
"Storyboard","NP","Storyboard",10,"name","Proper noun, singular",NA,NA
"i","NP","i",1,"name","Proper noun, singular",NA,NA
"Switch","NP","<unknown>",6,"name","Proper noun, singular",NA,NA
"to","TO","to",2,"to","to",NA,NA
"standard","JJ","standard",8,"adjective","Adjective",NA,NA
"editor","NN","editor",6,"noun","Noun, singular or mass",NA,NA
"i","NP","i",1,"name","Proper noun, singular",NA,NA
":","SENT",":",1,"fullstop","Sentence ending punctuation",NA,NA
"the","DT","the",3,"determiner","Determiner",NA,NA
"Assistant","NP","Assistant",9,"name","Proper noun, singular",NA,NA
"Editor","NP","Editor",6,"name","Proper noun, singular",NA,NA
"takes","VVZ","take",5,"verb","Verb, 3rd person singular present",NA,NA
"up","RP","up",2,"particle"," Particle",NA,NA
"valuable","JJ","valuable",8,"adjective","Adjective",NA,NA
"screen","NN","screen",6,"noun","Noun, singular or mass",NA,NA
"real","JJ","real",4,"adjective","Adjective",NA,NA
"estate","NN","estate",6,"noun","Noun, singular or mass",NA,NA
"and","CC","and",3,"conjunction","Coordinating conjunction",NA,NA
"typically","RB","typically",9,"adverb","Adverb",NA,NA
"doesn","NN","<unknown>",5,"noun","Noun, singular or mass",NA,NA
"t","NN","t",1,"noun","Noun, singular or mass",NA,NA
"make","VVP","make",4,"verb","Verb, non-3rd person singular present",NA,NA
"sense","NN","sense",5,"noun","Noun, singular or mass",NA,NA
"for","IN","for",3,"preposition","Preposition or subordinating conjunction",NA,NA
"editing","VVG","edit",7,"verb","Verb, gerund or present participle",NA,NA
"UI","NP","UI",2,"name","Proper noun, singular",NA,NA
",",",",",",1,"comma","Comma",NA,NA
"so","RB","so",2,"adverb","Adverb",NA,NA
"hide","VV","hide",4,"verb","Verb, base form",NA,NA
"it","PP","it",2,"pronoun","Personal pronoun",NA,NA
"i","NP","i",1,"name","Proper noun, singular",NA,NA
"Hide","NP","Hide",4,"name","Proper noun, singular",NA,NA
"debug","VV","debug",5,"verb","Verb, base form",NA,NA
"area","NN","area",4,"noun","Noun, singular or mass",NA,NA
"i","NNS","i",1,"noun","Noun, plural",NA,NA
":","SENT",":",1,"fullstop","Sentence ending punctuation",NA,NA
"hides","VVZ","hide",5,"verb","Verb, 3rd person singular present",NA,NA
"the","DT","the",3,"determiner","Determiner",NA,NA
"bottom","JJ","bottom",6,"adjective","Adjective",NA,NA
"panel","NN","panel",5,"noun","Noun, singular or mass",NA,NA
"i","NP","i",1,"name","Proper noun, singular",NA,NA
"Hide","NP","Hide",4,"name","Proper noun, singular",NA,NA
"navigator","NN","navigator",9,"noun","Noun, singular or mass",NA,NA
"area","NN","area",4,"noun","Noun, singular or mass",NA,NA
"i","NP","i",1,"name","Proper noun, singular",NA,NA
":","SENT",":",1,"fullstop","Sentence ending punctuation",NA,NA
"hides","VVZ","hide",5,"verb","Verb, 3rd person singular present",NA,NA
"the","DT","the",3,"determiner","Determiner",NA,NA
"left","JJ","left",4,"adjective","Adjective",NA,NA
"hand","NN","hand",4,"noun","Noun, singular or mass",NA,NA
"panel","NN","panel",5,"noun","Noun, singular or mass",NA,NA
"i","NP","i",1,"name","Proper noun, singular",NA,NA
"Show","NP","Show",4,"name","Proper noun, singular",NA,NA
"utilities","NNS","utility",9,"noun","Noun, plural",NA,NA
"area","NN","area",4,"noun","Noun, singular or mass",NA,NA
"i","NP","i",1,"name","Proper noun, singular",NA,NA
":","SENT",":",1,"fullstop","Sentence ending punctuation",NA,NA
"shows","VVZ","show",5,"verb","Verb, 3rd person singular present",NA,NA
"the","DT","the",3,"determiner","Determiner",NA,NA
"right","JJ","right",5,"adjective","Adjective",NA,NA
"hand","NN","hand",4,"noun","Noun, singular or mass",NA,NA
"panel","NN","panel",5,"noun","Noun, singular or mass",NA,NA
",",",",",",1,"comma","Comma",NA,NA
"since","IN","since",5,"preposition","Preposition or subordinating conjunction",NA,NA
"you","PP","you",3,"pronoun","Personal pronoun",NA,NA
"generally","RB","generally",9,"adverb","Adverb",NA,NA
"tweak","VVP","tweak",5,"verb","Verb, non-3rd person singular present",NA,NA
"values","NNS","value",6,"noun","Noun, plural",NA,NA
"in","IN","in",2,"preposition","Preposition or subordinating conjunction",NA,NA
"here","RB","here",4,"adverb","Adverb",NA,NA
"when","WRB","when",4,"adverb","Wh-adverb",NA,NA
"dealing","VVG","deal",7,"verb","Verb, gerund or present participle",NA,NA
"with","IN","with",4,"preposition","Preposition or subordinating conjunction",NA,NA
"UI","NP","UI",2,"name","Proper noun, singular",NA,NA
"elements","NNS","element",8,"noun","Noun, plural",NA,NA
"Configuration","NN","configuration",13,"noun","Noun, singular or mass",NA,NA
"Since","IN","since",5,"preposition","Preposition or subordinating conjunction",NA,NA
"one","CD","one",3,"number","Cardinal number",NA,NA
"size","NN","size",4,"noun","Noun, singular or mass",NA,NA
"does","VVZ","do",4,"verb","Verb, 3rd person singular present",NA,NA
"not","RB","not",3,"adverb","Adverb",NA,NA
"necessarily","RB","necessarily",11,"adverb","Adverb",NA,NA
"fit","VV","fit",3,"verb","Verb, base form",NA,NA
"all","RB","all",3,"adverb","Adverb",NA,NA
",",",",",",1,"comma","Comma",NA,NA
"the","DT","the",3,"determiner","Determiner",NA,NA
"plugin","NN","<unknown>",6,"noun","Noun, singular or mass",NA,NA
"installs","VVZ","install",8,"verb","Verb, 3rd person singular present",NA,NA
"a","DT","a",1,"determiner","Determiner",NA,NA
"new","JJ","new",3,"adjective","Adjective",NA,NA
"Smart","NP","Smart",5,"name","Proper noun, singular",NA,NA
"Panels","NP","<unknown>",6,"name","Proper noun, singular",NA,NA
"...",":","...",3,"punctuation","Punctuation",NA,NA
"option","NN","option",6,"noun","Noun, singular or mass",NA,NA
"in","IN","in",2,"preposition","Preposition or subordinating conjunction",NA,NA
"the","DT","the",3,"determiner","Determiner",NA,NA
"Xcode","JJ","<unknown>",5,"adjective","Adjective",NA,NA
"menu","NN","menu",4,"noun","Noun, singular or mass",NA,NA
",",",",",",1,"comma","Comma",NA,NA
"from","IN","from",4,"preposition","Preposition or subordinating conjunction",NA,NA
"which","WDT","which",5,"determiner","Wh-determiner",NA,NA
"you","PP","you",3,"pronoun","Personal pronoun",NA,NA
"can","MD","can",3,"modal","Modal",NA,NA
"choose","VV","choose",6,"verb","Verb, base form",NA,NA
"your","PP$","your",4,"pronoun","Possessive pronoun",NA,NA
"preferred","JJ","preferred",9,"adjective","Adjective",NA,NA
"level","NN","level",5,"noun","Noun, singular or mass",NA,NA
"of","IN","of",2,"preposition","Preposition or subordinating conjunction",NA,NA
"auto","NN","auto",4,"noun","Noun, singular or mass",NA,NA
"hiding","NN","hiding",6,"noun","Noun, singular or mass",NA,NA
"or","CC","or",2,"conjunction","Coordinating conjunction",NA,NA
"even","RB","even",4,"adverb","Adverb",NA,NA
"tweak","VV","tweak",5,"verb","Verb, base form",NA,NA
"each","DT","each",4,"determiner","Determiner",NA,NA
"individual","JJ","individual",10,"adjective","Adjective",NA,NA
"setting","NN","setting",7,"noun","Noun, singular or mass",NA,NA
"to","TO","to",2,"to","to",NA,NA
"whatever","WDT","whatever",8,"determiner","Wh-determiner",NA,NA
"works","VVZ","work",5,"verb","Verb, 3rd person singular present",NA,NA
"best","JJS","good",4,"adjective","Adjective, superlative",NA,NA
"for","IN","for",3,"preposition","Preposition or subordinating conjunction",NA,NA
"you","PP","you",3,"pronoun","Personal pronoun",NA,NA
":","SENT",":",1,"fullstop","Sentence ending punctuation",NA,NA
"img","NN","<unknown>",3,"noun","Noun, singular or mass",NA,NA
"src","NN","<unknown>",3,"noun","Noun, singular or mass",NA,NA
"For","IN","for",3,"preposition","Preposition or subordinating conjunction",NA,NA
"a","DT","a",1,"determiner","Determiner",NA,NA
"truly","RB","truly",5,"adverb","Adverb",NA,NA
"focused","VVN","focus",7,"verb","Verb, past participle",NA,NA
"experience","NN","experience",10,"noun","Noun, singular or mass",NA,NA
",",",",",",1,"comma","Comma",NA,NA
"choose","VVP","choose",6,"verb","Verb, non-3rd person singular present",NA,NA
"Aggressive","JJ","aggressive",10,"adjective","Adjective",NA,NA
"auto","NN","auto",4,"noun","Noun, singular or mass",NA,NA
"hiding","NN","hiding",6,"noun","Noun, singular or mass",NA,NA
",",",",",",1,"comma","Comma",NA,NA
"which","WDT","which",5,"determiner","Wh-determiner",NA,NA
"will","MD","will",4,"modal","Modal",NA,NA
"auto","NN","auto",4,"noun","Noun, singular or mass",NA,NA
"hide","VV","hide",4,"verb","Verb, base form",NA,NA
"all","DT","all",3,"determiner","Determiner",NA,NA
"panels","NNS","panel",6,"noun","Noun, plural",NA,NA
"including","VVG","include",9,"verb","Verb, gerund or present participle",NA,NA
"the","DT","the",3,"determiner","Determiner",NA,NA
"left","JJ","left",4,"adjective","Adjective",NA,NA
"hand","NN","hand",4,"noun","Noun, singular or mass",NA,NA
"navigator","NN","navigator",9,"noun","Noun, singular or mass",NA,NA
"area","NN","area",4,"noun","Noun, singular or mass",NA,NA
"to","TO","to",2,"to","to",NA,NA
"let","VV","let",3,"verb","Verb, base form",NA,NA
"you","PP","you",3,"pronoun","Personal pronoun",NA,NA
"focus","VV","focus",5,"verb","Verb, base form",NA,NA
"entirely","RB","entirely",8,"adverb","Adverb",NA,NA
"on","IN","on",2,"preposition","Preposition or subordinating conjunction",NA,NA
"your","PP$","your",4,"pronoun","Possessive pronoun",NA,NA
"code","NN","code",4,"noun","Noun, singular or mass",NA,NA
".","SENT",".",1,"fullstop","Sentence ending punctuation",NA,NA
"This","DT","this",4,"determiner","Determiner",NA,NA
"can","MD","can",3,"modal","Modal",NA,NA
"take","VV","take",4,"verb","Verb, base form",NA,NA
"some","DT","some",4,"determiner","Determiner",NA,NA
"getting","VVG","get",7,"verb","Verb, gerund or present participle",NA,NA
"used","VVN","use",4,"verb","Verb, past participle",NA,NA
"to","TO","to",2,"to","to",NA,NA
",",",",",",1,"comma","Comma",NA,NA
"but","CC","but",3,"conjunction","Coordinating conjunction",NA,NA
"it","PP","it",2,"pronoun","Personal pronoun",NA,NA
"may","MD","may",3,"modal","Modal",NA,NA
"prove","VV","prove",5,"verb","Verb, base form",NA,NA
"helpful","JJ","helpful",7,"adjective","Adjective",NA,NA
"on","IN","on",2,"preposition","Preposition or subordinating conjunction",NA,NA
"smaller","JJR","small",7,"adjective","Adjective, comparative",NA,NA
"screens","NNS","screen",7,"noun","Noun, plural",NA,NA
".","SENT",".",1,"fullstop","Sentence ending punctuation",NA,NA
"Installation","NN","installation",12,"noun","Noun, singular or mass",NA,NA
"The","DT","the",3,"determiner","Determiner",NA,NA
"easiest","JJS","easy",7,"adjective","Adjective, superlative",NA,NA
"way","NN","way",3,"noun","Noun, singular or mass",NA,NA
"to","TO","to",2,"to","to",NA,NA
"install","VV","install",7,"verb","Verb, base form",NA,NA
"is","VBZ","be",2,"verb","Verb, 3rd person singular present of ""to be""",NA,NA
"via","IN","via",3,"preposition","Preposition or subordinating conjunction",NA,NA
"a","DT","a",1,"determiner","Determiner",NA,NA
"href","NN","<unknown>",4,"noun","Noun, singular or mass",NA,NA
"Alternatively","RB","alternatively",13,"adverb","Adverb",NA,NA
",",",",",",1,"comma","Comma",NA,NA
"you","PP","you",3,"pronoun","Personal pronoun",NA,NA
"can","MD","can",3,"modal","Modal",NA,NA
"install","VV","install",7,"verb","Verb, base form",NA,NA
"manually","RB","manually",8,"adverb","Adverb",NA,NA
"by","IN","by",2,"preposition","Preposition or subordinating conjunction",NA,NA
"following","VVG","follow",9,"verb","Verb, gerund or present participle",NA,NA
"these","DT","these",5,"determiner","Determiner",NA,NA
"steps","NNS","step",5,"noun","Noun, plural",NA,NA
":","SENT",":",1,"fullstop","Sentence ending punctuation",NA,NA
".","SENT",".",1,"fullstop","Sentence ending punctuation",NA,NA
"Clone","NN","clone",5,"noun","Noun, singular or mass",NA,NA
"this","DT","this",4,"determiner","Determiner",NA,NA
"repository","NN","repository",10,"noun","Noun, singular or mass",NA,NA
".","SENT",".",1,"fullstop","Sentence ending punctuation",NA,NA
".","SENT",".",1,"fullstop","Sentence ending punctuation",NA,NA
"Open","VV","open",4,"verb","Verb, base form",NA,NA
"and","CC","and",3,"conjunction","Coordinating conjunction",NA,NA
"run","VV","run",3,"verb","Verb, base form",NA,NA
"the","DT","the",3,"determiner","Determiner",NA,NA
"project","NN","project",7,"noun","Noun, singular or mass",NA,NA
".","SENT",".",1,"fullstop","Sentence ending punctuation",NA,NA
".","SENT",".",1,"fullstop","Sentence ending punctuation",NA,NA
"Restart","VV","restart",7,"verb","Verb, base form",NA,NA
"Xcode","NNS","<unknown>",5,"noun","Noun, plural",NA,NA
".","SENT",".",1,"fullstop","Sentence ending punctuation",NA,NA
"Feedback","NN","feedback",8,"noun","Noun, singular or mass",NA,NA
"Everybody","NN","Everybody",9,"noun","Noun, singular or mass",NA,NA
"has","VHZ","have",3,"verb","Verb, 3rd person singular present of ""to have""",NA,NA
"a","DT","a",1,"determiner","Determiner",NA,NA
"different","JJ","different",9,"adjective","Adjective",NA,NA
"workflow","NN","<unknown>",8,"noun","Noun, singular or mass",NA,NA
"in","IN","in",2,"preposition","Preposition or subordinating conjunction",NA,NA
"Xcode","NNS","<unknown>",5,"noun","Noun, plural",NA,NA
".","SENT",".",1,"fullstop","Sentence ending punctuation",NA,NA
"If","IN","if",2,"preposition","Preposition or subordinating conjunction",NA,NA
"you","PP","you",3,"pronoun","Personal pronoun",NA,NA
"run","VVP","run",3,"verb","Verb, non-3rd person singular present",NA,NA
"into","IN","into",4,"preposition","Preposition or subordinating conjunction",NA,NA
"problems","NNS","problem",8,"noun","Noun, plural",NA,NA
"with","IN","with",4,"preposition","Preposition or subordinating conjunction",NA,NA
"this","DT","this",4,"determiner","Determiner",NA,NA
"plugin","NN","<unknown>",6,"noun","Noun, singular or mass",NA,NA
",",",",",",1,"comma","Comma",NA,NA
"please","VV","please",6,"verb","Verb, base form",NA,NA
"let","VV","let",3,"verb","Verb, base form",NA,NA
"me","PP","me",2,"pronoun","Personal pronoun",NA,NA
"know","VV","know",4,"verb","Verb, base form",NA,NA
"I","PP","I",1,"pronoun","Personal pronoun",NA,NA
"ll","RB","<unknown>",2,"adverb","Adverb",NA,NA
"be","VB","be",2,"verb","Verb, base form of ""to be""",NA,NA
"happy","JJ","happy",5,"adjective","Adjective",NA,NA
"to","TO","to",2,"to","to",NA,NA
"take","VV","take",4,"verb","Verb, base form",NA,NA
"a","DT","a",1,"determiner","Determiner",NA,NA
"look","NN","look",4,"noun","Noun, singular or mass",NA,NA
"to","TO","to",2,"to","to",NA,NA
"see","VV","see",3,"verb","Verb, base form",NA,NA
"if","IN","if",2,"preposition","Preposition or subordinating conjunction",NA,NA
"I","PP","I",1,"pronoun","Personal pronoun",NA,NA
"can","MD","can",3,"modal","Modal",NA,NA
"make","VV","make",4,"verb","Verb, base form",NA,NA
"it","PP","it",2,"pronoun","Personal pronoun",NA,NA
"work","VV","work",4,"verb","Verb, base form",NA,NA
"better","RBR","well",6,"adverb","Adverb, comparative",NA,NA
"for","IN","for",3,"preposition","Preposition or subordinating conjunction",NA,NA
"you","PP","you",3,"pronoun","Personal pronoun",NA,NA
".","SENT",".",1,"fullstop","Sentence ending punctuation",NA,NA
"Alternatively","RB","alternatively",13,"adverb","Adverb",NA,NA
",",",",",",1,"comma","Comma",NA,NA
"if","IN","if",2,"preposition","Preposition or subordinating conjunction",NA,NA
"you","PP","you",3,"pronoun","Personal pronoun",NA,NA
"have","VHP","have",4,"verb","Verb, non-3rd person singular present of ""to have""",NA,NA
"ideas","NNS","idea",5,"noun","Noun, plural",NA,NA
"on","IN","on",2,"preposition","Preposition or subordinating conjunction",NA,NA
"how","WRB","how",3,"adverb","Wh-adverb",NA,NA
"to","TO","to",2,"to","to",NA,NA
"improve","VV","improve",7,"verb","Verb, base form",NA,NA
"the","DT","the",3,"determiner","Determiner",NA,NA
"plugin","NN","<unknown>",6,"noun","Noun, singular or mass",NA,NA
",",",",",",1,"comma","Comma",NA,NA
"that","DT","that",4,"determiner","Determiner",NA,NA
"feedback","NN","feedback",8,"noun","Noun, singular or mass",NA,NA
"is","VBZ","be",2,"verb","Verb, 3rd person singular present of ""to be""",NA,NA
"welcome","JJ","welcome",7,"adjective","Adjective",NA,NA
"as","RB","as",2,"adverb","Adverb",NA,NA
"well","RB","well",4,"adverb","Adverb",NA,NA
".","SENT",".",1,"fullstop","Sentence ending punctuation",NA,NA
"You","PP","you",3,"pronoun","Personal pronoun",NA,NA
"can","MD","can",3,"modal","Modal",NA,NA
"email","VV","<unknown>",5,"verb","Verb, base form",NA,NA
"me","PP","me",2,"pronoun","Personal pronoun",NA,NA
"at","IN","at",2,"preposition","Preposition or subordinating conjunction",NA,NA
"davidblundelldev","NP","<unknown>",16,"name","Proper noun, singular",NA,NA
"at","IN","at",2,"preposition","Preposition or subordinating conjunction",NA,NA
"Gmail","NP","<unknown>",5,"name","Proper noun, singular",NA,NA
".","SENT",".",1,"fullstop","Sentence ending punctuation",NA,NA
"Thanks","NNS","Thank",6,"noun","Noun, plural",NA,NA
"I","NN","I",1,"noun","Noun, singular or mass",NA,NA
"d","SYM","d",1,"symbol","Symbol",NA,NA
"like","IN","like",4,"preposition","Preposition or subordinating conjunction",NA,NA
"to","TO","to",2,"to","to",NA,NA
"give","VV","give",4,"verb","Verb, base form",NA,NA
"a","DT","a",1,"determiner","Determiner",NA,NA
"HUGE","NP","Huge",4,"name","Proper noun, singular",NA,NA
"thanks","NNS","thank",6,"noun","Noun, plural",NA,NA
"to","TO","to",2,"to","to",NA,NA
"the","DT","the",3,"determiner","Determiner",NA,NA
"folks","NNS","folk",5,"noun","Noun, plural",NA,NA
"behind","IN","behind",6,"preposition","Preposition or subordinating conjunction",NA,NA
"a","DT","a",1,"determiner","Determiner",NA,NA
"href","NN","<unknown>",4,"noun","Noun, singular or mass",NA,NA
"More","RBR","more",4,"adverb","Adverb, comparative",NA,NA
"specifically","RB","specifically",12,"adverb","Adverb",NA,NA
"however","RB","however",7,"adverb","Adverb",NA,NA
",",",",",",1,"comma","Comma",NA,NA
"I","PP","I",1,"pronoun","Personal pronoun",NA,NA
"d","SYM","d",1,"symbol","Symbol",NA,NA
"like","JJ","like",4,"adjective","Adjective",NA,NA
"to","TO","to",2,"to","to",NA,NA
"thank","VV","thank",5,"verb","Verb, base form",NA,NA
"a","DT","a",1,"determiner","Determiner",NA,NA
"href","NN","<unknown>",4,"noun","Noun, singular or mass",NA,NA
"If","IN","if",2,"preposition","Preposition or subordinating conjunction",NA,NA
"you","PP","you",3,"pronoun","Personal pronoun",NA,NA
"re","IN","re",2,"preposition","Preposition or subordinating conjunction",NA,NA
"interested","JJ","interested",10,"adjective","Adjective",NA,NA
"in","IN","in",2,"preposition","Preposition or subordinating conjunction",NA,NA
"writing","VVG","write",7,"verb","Verb, gerund or present participle",NA,NA
"your","PP$","your",4,"pronoun","Possessive pronoun",NA,NA
"own","JJ","own",3,"adjective","Adjective",NA,NA
"plugins","NNS","<unknown>",7,"noun","Noun, plural",NA,NA
",",",",",",1,"comma","Comma",NA,NA
"see","VVP","see",3,"verb","Verb, non-3rd person singular present",NA,NA
"this","DT","this",4,"determiner","Determiner",NA,NA
"a","DT","a",1,"determiner","Determiner",NA,NA
"href","NN","<unknown>",4,"noun","Noun, singular or mass",NA,NA
"Happy","JJ","happy",5,"adjective","Adjective",NA,NA
"coding","VVG","code",6,"verb","Verb, gerund or present participle",NA,NA
