"token","tag","lemma","lttr","wclass","desc","stop","stem"
"RealEstateAppIOS","NP","<unknown>",16,"name","Proper noun, singular",NA,NA
"Real","NP","Real",4,"name","Proper noun, singular",NA,NA
"Estate","NP","Estate",6,"name","Proper noun, singular",NA,NA
"App","NP","App",3,"name","Proper noun, singular",NA,NA
"IOS","NP","IOS",3,"name","Proper noun, singular",NA,NA
",",",",",",1,"comma","Comma",NA,NA
"backend","NN","<unknown>",7,"noun","Noun, singular or mass",NA,NA
"in","IN","in",2,"preposition","Preposition or subordinating conjunction",NA,NA
"PHP","NP","PHP",3,"name","Proper noun, singular",NA,NA
"and","CC","and",3,"conjunction","Coordinating conjunction",NA,NA
"iOS","NP","<unknown>",3,"name","Proper noun, singular",NA,NA
"App","NP","App",3,"name","Proper noun, singular",NA,NA
"in","IN","in",2,"preposition","Preposition or subordinating conjunction",NA,NA
"objective","JJ","objective",9,"adjective","Adjective",NA,NA
"C","NP","C",1,"name","Proper noun, singular",NA,NA
"both","CC","both",4,"conjunction","Coordinating conjunction",NA,NA
"included","VVD","include",8,"verb","Verb, past tense",NA,NA
"in","IN","in",2,"preposition","Preposition or subordinating conjunction",NA,NA
"this","DT","this",4,"determiner","Determiner",NA,NA
"repo","NN","repo",4,"noun","Noun, singular or mass",NA,NA
