"token","tag","lemma","lttr","wclass","desc","stop","stem"
"RealEstate","VV","realestate",10,"verb","Verb, base form",NA,NA
"This","DT","this",4,"determiner","Determiner",NA,NA
"API","NP","API",3,"name","Proper noun, singular",NA,NA
"is","VBZ","be",2,"verb","Verb, 3rd person singular present of ""to be""",NA,NA
"designed","VVN","design",8,"verb","Verb, past participle",NA,NA
"to","TO","to",2,"to","to",NA,NA
"provide","VV","provide",7,"verb","Verb, base form",NA,NA
"a","DT","a",1,"determiner","Determiner",NA,NA
"back","JJ","back",4,"adjective","Adjective",NA,NA
"end","NN","end",3,"noun","Noun, singular or mass",NA,NA
"robust","JJ","robust",6,"adjective","Adjective",NA,NA
",",",",",",1,"comma","Comma",NA,NA
"secure","JJ","secure",6,"adjective","Adjective",NA,NA
"and","CC","and",3,"conjunction","Coordinating conjunction",NA,NA
"flexible","JJ","flexible",8,"adjective","Adjective",NA,NA
"of","IN","of",2,"preposition","Preposition or subordinating conjunction",NA,NA
"an","DT","an",2,"determiner","Determiner",NA,NA
"Real","JJ","real",4,"adjective","Adjective",NA,NA
"Estate","NP","Estate",6,"name","Proper noun, singular",NA,NA
"business","NN","business",8,"noun","Noun, singular or mass",NA,NA
