"token","tag","lemma","lttr","wclass","desc","stop","stem"
"Parcel","NP","Parcel",6,"name","Proper noun, singular",NA,NA
"Assessment","NP","Assessment",10,"name","Proper noun, singular",NA,NA
"Tool","NP","Tool",4,"name","Proper noun, singular",NA,NA
"Working","NP","Working",7,"name","Proper noun, singular",NA,NA
"directory","NN","directory",9,"noun","Noun, singular or mass",NA,NA
"for","IN","for",3,"preposition","Preposition or subordinating conjunction",NA,NA
"the","DT","the",3,"determiner","Determiner",NA,NA
"Parcel","NP","Parcel",6,"name","Proper noun, singular",NA,NA
"Assessment","NP","Assessment",10,"name","Proper noun, singular",NA,NA
"Tool","NP","Tool",4,"name","Proper noun, singular",NA,NA
"project","NN","project",7,"noun","Noun, singular or mass",NA,NA
"PAT","NN","pat",3,"noun","Noun, singular or mass",NA,NA
"for","IN","for",3,"preposition","Preposition or subordinating conjunction",NA,NA
"the","DT","the",3,"determiner","Determiner",NA,NA
"UMKC","NP","<unknown>",4,"name","Proper noun, singular",NA,NA
"School","NP","School",6,"name","Proper noun, singular",NA,NA
"of","IN","of",2,"preposition","Preposition or subordinating conjunction",NA,NA
"Law","NP","Law",3,"name","Proper noun, singular",NA,NA
".","SENT",".",1,"fullstop","Sentence ending punctuation",NA,NA
"PAT","NN","pat",3,"noun","Noun, singular or mass",NA,NA
"is","VBZ","be",2,"verb","Verb, 3rd person singular present of ""to be""",NA,NA
"a","DT","a",1,"determiner","Determiner",NA,NA
"web","NN","web",3,"noun","Noun, singular or mass",NA,NA
"application","NN","application",11,"noun","Noun, singular or mass",NA,NA
"designed","VVN","design",8,"verb","Verb, past participle",NA,NA
"with","IN","with",4,"preposition","Preposition or subordinating conjunction",NA,NA
"a","DT","a",1,"determiner","Determiner",NA,NA
"mobile","JJ","mobile",6,"adjective","Adjective",NA,NA
"first","JJ","first",5,"adjective","Adjective",NA,NA
"philosophy","NN","philosophy",10,"noun","Noun, singular or mass",NA,NA
",",",",",",1,"comma","Comma",NA,NA
"making","VVG","make",6,"verb","Verb, gerund or present participle",NA,NA
"it","PP","it",2,"pronoun","Personal pronoun",NA,NA
"easily","RB","easily",6,"adverb","Adverb",NA,NA
"accessable","JJ","<unknown>",10,"adjective","Adjective",NA,NA
"from","IN","from",4,"preposition","Preposition or subordinating conjunction",NA,NA
"any","DT","any",3,"determiner","Determiner",NA,NA
"device","NN","device",6,"noun","Noun, singular or mass",NA,NA
".","SENT",".",1,"fullstop","Sentence ending punctuation",NA,NA
"The","DT","the",3,"determiner","Determiner",NA,NA
"target","NN","target",6,"noun","Noun, singular or mass",NA,NA
"user","NN","user",4,"noun","Noun, singular or mass",NA,NA
"is","VBZ","be",2,"verb","Verb, 3rd person singular present of ""to be""",NA,NA
"a","DT","a",1,"determiner","Determiner",NA,NA
"real","JJ","real",4,"adjective","Adjective",NA,NA
"estate","NN","estate",6,"noun","Noun, singular or mass",NA,NA
"developer","NN","developer",9,"noun","Noun, singular or mass",NA,NA
"or","CC","or",2,"conjunction","Coordinating conjunction",NA,NA
"any","DT","any",3,"determiner","Determiner",NA,NA
"other","JJ","other",5,"adjective","Adjective",NA,NA
"person","NN","person",6,"noun","Noun, singular or mass",NA,NA
"or","CC","or",2,"conjunction","Coordinating conjunction",NA,NA
"party","NN","party",5,"noun","Noun, singular or mass",NA,NA
"interested","JJ","interested",10,"adjective","Adjective",NA,NA
"in","IN","in",2,"preposition","Preposition or subordinating conjunction",NA,NA
"researching","VVG","research",11,"verb","Verb, gerund or present participle",NA,NA
"information","NN","information",11,"noun","Noun, singular or mass",NA,NA
"about","IN","about",5,"preposition","Preposition or subordinating conjunction",NA,NA
"parcels","NNS","parcel",7,"noun","Noun, plural",NA,NA
"in","IN","in",2,"preposition","Preposition or subordinating conjunction",NA,NA
"the","DT","the",3,"determiner","Determiner",NA,NA
"Kansas","NP","Kansas",6,"name","Proper noun, singular",NA,NA
"City","NP","City",4,"name","Proper noun, singular",NA,NA
"area","NN","area",4,"noun","Noun, singular or mass",NA,NA
".","SENT",".",1,"fullstop","Sentence ending punctuation",NA,NA
"The","DT","the",3,"determiner","Determiner",NA,NA
"application","NN","application",11,"noun","Noun, singular or mass",NA,NA
"will","MD","will",4,"modal","Modal",NA,NA
"display","VV","display",7,"verb","Verb, base form",NA,NA
"useful","JJ","useful",6,"adjective","Adjective",NA,NA
"information","NN","information",11,"noun","Noun, singular or mass",NA,NA
"including","VVG","include",9,"verb","Verb, gerund or present participle",NA,NA
"zoning","NN","zoning",6,"noun","Noun, singular or mass",NA,NA
",",",",",",1,"comma","Comma",NA,NA
"liens","NNS","lien",5,"noun","Noun, plural",NA,NA
",",",",",",1,"comma","Comma",NA,NA
"lot","NN","lot",3,"noun","Noun, singular or mass",NA,NA
"dimensions","NNS","dimension",10,"noun","Noun, plural",NA,NA
",",",",",",1,"comma","Comma",NA,NA
"a","DT","a",1,"determiner","Determiner",NA,NA
"geo","NN","<unknown>",3,"noun","Noun, singular or mass",NA,NA
"locator","NN","locator",7,"noun","Noun, singular or mass",NA,NA
",",",",",",1,"comma","Comma",NA,NA
"building","VVG","build",8,"verb","Verb, gerund or present participle",NA,NA
"envelopes","NNS","envelope",9,"noun","Noun, plural",NA,NA
",",",",",",1,"comma","Comma",NA,NA
"legal","JJ","legal",5,"adjective","Adjective",NA,NA
"descriptions","NNS","description",12,"noun","Noun, plural",NA,NA
",",",",",",1,"comma","Comma",NA,NA
"PINs","NP","<unknown>",4,"name","Proper noun, singular",NA,NA
",",",",",",1,"comma","Comma",NA,NA
"owner","NN","owner",5,"noun","Noun, singular or mass",NA,NA
"information","NN","information",11,"noun","Noun, singular or mass",NA,NA
",",",",",",1,"comma","Comma",NA,NA
"school","NN","school",6,"noun","Noun, singular or mass",NA,NA
"district","NN","district",8,"noun","Noun, singular or mass",NA,NA
",",",",",",1,"comma","Comma",NA,NA
"etc","FW","etc",3,"foreign","Foreign word",NA,NA
".","SENT",".",1,"fullstop","Sentence ending punctuation",NA,NA
"The","DT","the",3,"determiner","Determiner",NA,NA
"goal","NN","goal",4,"noun","Noun, singular or mass",NA,NA
"is","VBZ","be",2,"verb","Verb, 3rd person singular present of ""to be""",NA,NA
"to","TO","to",2,"to","to",NA,NA
"combine","VV","combine",7,"verb","Verb, base form",NA,NA
"as","IN","as",2,"preposition","Preposition or subordinating conjunction",NA,NA
"much","JJ","much",4,"adjective","Adjective",NA,NA
"relevant","JJ","relevant",8,"adjective","Adjective",NA,NA
"information","NN","information",11,"noun","Noun, singular or mass",NA,NA
"to","TO","to",2,"to","to",NA,NA
"real","JJ","real",4,"adjective","Adjective",NA,NA
"estate","NN","estate",6,"noun","Noun, singular or mass",NA,NA
"developers","NNS","developer",10,"noun","Noun, plural",NA,NA
"and","CC","and",3,"conjunction","Coordinating conjunction",NA,NA
"other","JJ","other",5,"adjective","Adjective",NA,NA
"users","NNS","user",5,"noun","Noun, plural",NA,NA
"as","IN","as",2,"preposition","Preposition or subordinating conjunction",NA,NA
"possible","JJ","possible",8,"adjective","Adjective",NA,NA
"in","IN","in",2,"preposition","Preposition or subordinating conjunction",NA,NA
"one","CD","one",3,"number","Cardinal number",NA,NA
"easily","RB","easily",6,"adverb","Adverb",NA,NA
"accessable","JJ","<unknown>",10,"adjective","Adjective",NA,NA
"location","NN","location",8,"noun","Noun, singular or mass",NA,NA
".","SENT",".",1,"fullstop","Sentence ending punctuation",NA,NA
"Hopefully","RB","hopefully",9,"adverb","Adverb",NA,NA
"this","DT","this",4,"determiner","Determiner",NA,NA
"will","MD","will",4,"modal","Modal",NA,NA
"streamline","VV","streamline",10,"verb","Verb, base form",NA,NA
"the","DT","the",3,"determiner","Determiner",NA,NA
"assessment","NN","assessment",10,"noun","Noun, singular or mass",NA,NA
"process","NN","process",7,"noun","Noun, singular or mass",NA,NA
"and","CC","and",3,"conjunction","Coordinating conjunction",NA,NA
"save","VV","save",4,"verb","Verb, base form",NA,NA
"valuable","JJ","valuable",8,"adjective","Adjective",NA,NA
"time","NN","time",4,"noun","Noun, singular or mass",NA,NA
".","SENT",".",1,"fullstop","Sentence ending punctuation",NA,NA
"For","IN","for",3,"preposition","Preposition or subordinating conjunction",NA,NA
"potential","JJ","potential",9,"adjective","Adjective",NA,NA
"contributers","NNS","contributer",12,"noun","Noun, plural",NA,NA
",",",",",",1,"comma","Comma",NA,NA
"this","DT","this",4,"determiner","Determiner",NA,NA
"would","MD","would",5,"modal","Modal",NA,NA
"entail","VV","entail",6,"verb","Verb, base form",NA,NA
"gathering","VVG","gather",9,"verb","Verb, gerund or present participle",NA,NA
"data","NNS","datum",4,"noun","Noun, plural",NA,NA
"from","IN","from",4,"preposition","Preposition or subordinating conjunction",NA,NA
"Kansas","NP","Kansas",6,"name","Proper noun, singular",NA,NA
"City","NP","City",4,"name","Proper noun, singular",NA,NA
",",",",",",1,"comma","Comma",NA,NA
"Jackson","NP","Jackson",7,"name","Proper noun, singular",NA,NA
"County","NP","County",6,"name","Proper noun, singular",NA,NA
",",",",",",1,"comma","Comma",NA,NA
"and","CC","and",3,"conjunction","Coordinating conjunction",NA,NA
"other","JJ","other",5,"adjective","Adjective",NA,NA
"sources","NNS","source",7,"noun","Noun, plural",NA,NA
".","SENT",".",1,"fullstop","Sentence ending punctuation",NA,NA
"We","PP","we",2,"pronoun","Personal pronoun",NA,NA
"are","VBP","be",3,"verb","Verb, non-3rd person singular present of ""to be""",NA,NA
"working","VVG","work",7,"verb","Verb, gerund or present participle",NA,NA
"on","IN","on",2,"preposition","Preposition or subordinating conjunction",NA,NA
"establishing","VVG","establish",12,"verb","Verb, gerund or present participle",NA,NA
"an","DT","an",2,"determiner","Determiner",NA,NA
"updated","VVN","update",7,"verb","Verb, past participle",NA,NA
"problem","NN","problem",7,"noun","Noun, singular or mass",NA,NA
"statement","NN","statement",9,"noun","Noun, singular or mass",NA,NA
"that","WDT","that",4,"determiner","Wh-determiner",NA,NA
"reflects","VVZ","reflect",8,"verb","Verb, 3rd person singular present",NA,NA
"the","DT","the",3,"determiner","Determiner",NA,NA
"cumulative","JJ","cumulative",10,"adjective","Adjective",NA,NA
"lessons","NNS","lesson",7,"noun","Noun, plural",NA,NA
"learned","VVD","learn",7,"verb","Verb, past tense",NA,NA
",",",",",",1,"comma","Comma",NA,NA
"realities","NNS","reality",9,"noun","Noun, plural",NA,NA
"of","IN","of",2,"preposition","Preposition or subordinating conjunction",NA,NA
"data","NN","data",4,"noun","Noun, singular or mass",NA,NA
"collection","NN","collection",10,"noun","Noun, singular or mass",NA,NA
",",",",",",1,"comma","Comma",NA,NA
"and","CC","and",3,"conjunction","Coordinating conjunction",NA,NA
"steps","NNS","step",5,"noun","Noun, plural",NA,NA
"forward","RB","forward",7,"adverb","Adverb",NA,NA
".","SENT",".",1,"fullstop","Sentence ending punctuation",NA,NA
"Interested","JJ","interested",10,"adjective","Adjective",NA,NA
"in","IN","in",2,"preposition","Preposition or subordinating conjunction",NA,NA
"contributing","VVG","contribute",12,"verb","Verb, gerund or present participle",NA,NA
"Please","RB","please",6,"adverb","Adverb",NA,NA
"see","VV","see",3,"verb","Verb, base form",NA,NA
"our","PP$","our",3,"pronoun","Possessive pronoun",NA,NA
"Road","NP","Road",4,"name","Proper noun, singular",NA,NA
"Map","NP","<unknown>",3,"name","Proper noun, singular",NA,NA
"Visit","NP","<unknown>",5,"name","Proper noun, singular",NA,NA
"our","PP$","our",3,"pronoun","Possessive pronoun",NA,NA
"issue","NN","issue",5,"noun","Noun, singular or mass",NA,NA
"board","NN","board",5,"noun","Noun, singular or mass",NA,NA
"Stories","NP","Stories",7,"name","Proper noun, singular",NA,NA
"in","IN","in",2,"preposition","Preposition or subordinating conjunction",NA,NA
"Ready","NP","Ready",5,"name","Proper noun, singular",NA,NA
