"token","tag","lemma","lttr","wclass","desc","stop","stem"
"Dayton","NP","Dayton",6,"name","Proper noun, singular",NA,NA
"REAP","NP","Reap",4,"name","Proper noun, singular",NA,NA
"Web","NP","Web",3,"name","Proper noun, singular",NA,NA
"application","NN","application",11,"noun","Noun, singular or mass",NA,NA
"to","TO","to",2,"to","to",NA,NA
"streamline","VV","streamline",10,"verb","Verb, base form",NA,NA
"Dayton","NP","Dayton",6,"name","Proper noun, singular",NA,NA
"s","NN","S",1,"noun","Noun, singular or mass",NA,NA
"REAP","NP","Reap",4,"name","Proper noun, singular",NA,NA
"Real","NP","Real",4,"name","Proper noun, singular",NA,NA
"Estate","NP","Estate",6,"name","Proper noun, singular",NA,NA
"Acquisition","NP","Acquisition",11,"name","Proper noun, singular",NA,NA
"Process","NP","Process",7,"name","Proper noun, singular",NA,NA
"Program","NP","Program",7,"name","Proper noun, singular",NA,NA
".","SENT",".",1,"fullstop","Sentence ending punctuation",NA,NA
"The","DT","the",3,"determiner","Determiner",NA,NA
"process","NN","process",7,"noun","Noun, singular or mass",NA,NA
"is","VBZ","be",2,"verb","Verb, 3rd person singular present of ""to be""",NA,NA
"described","VVN","describe",9,"verb","Verb, past participle",NA,NA
"here","RB","here",4,"adverb","Adverb",NA,NA
":","SENT",":",1,"fullstop","Sentence ending punctuation",NA,NA
"And","CC","and",3,"conjunction","Coordinating conjunction",NA,NA
"a","DT","a",1,"determiner","Determiner",NA,NA
"video","JJ","video",5,"adjective","Adjective",NA,NA
"walkthrough","NN","<unknown>",11,"noun","Noun, singular or mass",NA,NA
"is","VBZ","be",2,"verb","Verb, 3rd person singular present of ""to be""",NA,NA
"here","RB","here",4,"adverb","Adverb",NA,NA
":","SENT",":",1,"fullstop","Sentence ending punctuation",NA,NA
"Installation","NN","installation",12,"noun","Noun, singular or mass",NA,NA
"Dayton","NP","Dayton",6,"name","Proper noun, singular",NA,NA
"REAP","NP","Reap",4,"name","Proper noun, singular",NA,NA
"uses","VVZ","use",4,"verb","Verb, 3rd person singular present",NA,NA
"npm","NN","<unknown>",3,"noun","Noun, singular or mass",NA,NA
"Once","IN","once",4,"preposition","Preposition or subordinating conjunction",NA,NA
"the","DT","the",3,"determiner","Determiner",NA,NA
"toolchain","NN","<unknown>",9,"noun","Noun, singular or mass",NA,NA
"is","VBZ","be",2,"verb","Verb, 3rd person singular present of ""to be""",NA,NA
"installed","VVN","install",9,"verb","Verb, past participle",NA,NA
",",",",",",1,"comma","Comma",NA,NA
"simply","RB","simply",6,"adverb","Adverb",NA,NA
"run","VVN","run",3,"verb","Verb, past participle",NA,NA
":","SENT",":",1,"fullstop","Sentence ending punctuation",NA,NA
"git","NN","git",3,"noun","Noun, singular or mass",NA,NA
"clone","NN","clone",5,"noun","Noun, singular or mass",NA,NA
"cd","NN","<unknown>",2,"noun","Noun, singular or mass",NA,NA
"daytonreap","NN","<unknown>",10,"noun","Noun, singular or mass",NA,NA
"npm","NN","<unknown>",3,"noun","Noun, singular or mass",NA,NA
"install","VV","install",7,"verb","Verb, base form",NA,NA
"bower","NN","bower",5,"noun","Noun, singular or mass",NA,NA
"install","VV","install",7,"verb","Verb, base form",NA,NA
"npm","NN","<unknown>",3,"noun","Noun, singular or mass",NA,NA
"run","NN","run",3,"noun","Noun, singular or mass",NA,NA
"start","NN","start",5,"noun","Noun, singular or mass",NA,NA
"Running","VVG","run",7,"verb","Verb, gerund or present participle",NA,NA
"npm","NN","<unknown>",3,"noun","Noun, singular or mass",NA,NA
"start","NN","start",5,"noun","Noun, singular or mass",NA,NA
"will","MD","will",4,"modal","Modal",NA,NA
"start","VV","start",5,"verb","Verb, base form",NA,NA
"a","DT","a",1,"determiner","Determiner",NA,NA
"server","NN","server",6,"noun","Noun, singular or mass",NA,NA
",",",",",",1,"comma","Comma",NA,NA
"and","CC","and",3,"conjunction","Coordinating conjunction",NA,NA
"should","MD","should",6,"modal","Modal",NA,NA
"open","VV","open",4,"verb","Verb, base form",NA,NA
"a","DT","a",1,"determiner","Determiner",NA,NA
"chrome","NN","chrome",6,"noun","Noun, singular or mass",NA,NA
"window","NN","window",6,"noun","Noun, singular or mass",NA,NA
"at","IN","at",2,"preposition","Preposition or subordinating conjunction",NA,NA
"If","IN","if",2,"preposition","Preposition or subordinating conjunction",NA,NA
"you","PP","you",3,"pronoun","Personal pronoun",NA,NA
"run","VVP","run",3,"verb","Verb, non-3rd person singular present",NA,NA
"into","IN","into",4,"preposition","Preposition or subordinating conjunction",NA,NA
"any","DT","any",3,"determiner","Determiner",NA,NA
"issues","NNS","issue",6,"noun","Noun, plural",NA,NA
",",",",",",1,"comma","Comma",NA,NA
"don","NN","don",3,"noun","Noun, singular or mass",NA,NA
"t","NN","t",1,"noun","Noun, singular or mass",NA,NA
"hesitate","VVP","hesitate",8,"verb","Verb, non-3rd person singular present",NA,NA
"to","TO","to",2,"to","to",NA,NA
"create","VV","create",6,"verb","Verb, base form",NA,NA
"an","DT","an",2,"determiner","Determiner",NA,NA
"issue","NN","issue",5,"noun","Noun, singular or mass",NA,NA
"in","IN","in",2,"preposition","Preposition or subordinating conjunction",NA,NA
"this","DT","this",4,"determiner","Determiner",NA,NA
"repo","NN","repo",4,"noun","Noun, singular or mass",NA,NA
",",",",",",1,"comma","Comma",NA,NA
"or","CC","or",2,"conjunction","Coordinating conjunction",NA,NA
"contact","VV","contact",7,"verb","Verb, base form",NA,NA
"us","PP","us",2,"pronoun","Personal pronoun",NA,NA
"via","IN","via",3,"preposition","Preposition or subordinating conjunction",NA,NA
"one","CD","one",3,"number","Cardinal number",NA,NA
"of","IN","of",2,"preposition","Preposition or subordinating conjunction",NA,NA
"the","DT","the",3,"determiner","Determiner",NA,NA
"methods","NNS","method",7,"noun","Noun, plural",NA,NA
"described","VVN","describe",9,"verb","Verb, past participle",NA,NA
"at","IN","at",2,"preposition","Preposition or subordinating conjunction",NA,NA
