"token","tag","lemma","lttr","wclass","desc","stop","stem"
"REAL","JJ","real",4,"adjective","Adjective",NA,NA
"ESATE","NP","<unknown>",5,"name","Proper noun, singular",NA,NA
"FORECASTER","NP","<unknown>",10,"name","Proper noun, singular",NA,NA
"An","DT","an",2,"determiner","Determiner",NA,NA
"attempt","NN","attempt",7,"noun","Noun, singular or mass",NA,NA
"to","TO","to",2,"to","to",NA,NA
"build","VV","build",5,"verb","Verb, base form",NA,NA
"a","DT","a",1,"determiner","Determiner",NA,NA
"real","JJ","real",4,"adjective","Adjective",NA,NA
"estate","NN","estate",6,"noun","Noun, singular or mass",NA,NA
"forecasting","VVG","forecast",11,"verb","Verb, gerund or present participle",NA,NA
"application","NN","application",11,"noun","Noun, singular or mass",NA,NA
"using","VVG","use",5,"verb","Verb, gerund or present participle",NA,NA
"historical","JJ","historical",10,"adjective","Adjective",NA,NA
"real","JJ","real",4,"adjective","Adjective",NA,NA
"estate","NN","estate",6,"noun","Noun, singular or mass",NA,NA
"prices","NNS","price",6,"noun","Noun, plural",NA,NA
"and","CC","and",3,"conjunction","Coordinating conjunction",NA,NA
"relevant","JJ","relevant",8,"adjective","Adjective",NA,NA
"economic","JJ","economic",8,"adjective","Adjective",NA,NA
"data","NNS","datum",4,"noun","Noun, plural",NA,NA
".","SENT",".",1,"fullstop","Sentence ending punctuation",NA,NA
"More","RBR","more",4,"adverb","Adverb, comparative",NA,NA
"to","TO","to",2,"to","to",NA,NA
"come","VV","come",4,"verb","Verb, base form",NA,NA
"...",":","...",3,"punctuation","Punctuation",NA,NA
