"token","tag","lemma","lttr","wclass","desc","stop","stem"
"ResponCSS","NP","<unknown>",9,"name","Proper noun, singular",NA,NA
"A","NP","A",1,"name","Proper noun, singular",NA,NA
"fluid","NN","fluid",5,"noun","Noun, singular or mass",NA,NA
",",",",",",1,"comma","Comma",NA,NA
"responsive","JJ","responsive",10,"adjective","Adjective",NA,NA
"CSS","NP","CSS",3,"name","Proper noun, singular",NA,NA
"layout","NN","layout",6,"noun","Noun, singular or mass",NA,NA
"framework","NN","framework",9,"noun","Noun, singular or mass",NA,NA
"to","TO","to",2,"to","to",NA,NA
"help","VV","help",4,"verb","Verb, base form",NA,NA
"free","JJ","free",4,"adjective","Adjective",NA,NA
"your","PP$","your",4,"pronoun","Possessive pronoun",NA,NA
"web","NN","web",3,"noun","Noun, singular or mass",NA,NA
"apps","NNS","<unknown>",4,"noun","Noun, plural",NA,NA
"from","IN","from",4,"preposition","Preposition or subordinating conjunction",NA,NA
"the","DT","the",3,"determiner","Determiner",NA,NA
"inflexibility","NN","inflexibility",13,"noun","Noun, singular or mass",NA,NA
"not","RB","not",3,"adverb","Adverb",NA,NA
"to","TO","to",2,"to","to",NA,NA
"mention","VV","mention",7,"verb","Verb, base form",NA,NA
"cross","NN","cross",5,"noun","Noun, singular or mass",NA,NA
"browser","NN","browser",7,"noun","Noun, singular or mass",NA,NA
"headaches","NNS","headache",9,"noun","Noun, plural",NA,NA
"of","IN","of",2,"preposition","Preposition or subordinating conjunction",NA,NA
"pixel","NN","<unknown>",5,"noun","Noun, singular or mass",NA,NA
"driven","VVN","drive",6,"verb","Verb, past participle",NA,NA
"layouts","NNS","layout",7,"noun","Noun, plural",NA,NA
".","SENT",".",1,"fullstop","Sentence ending punctuation",NA,NA
"Features","VVZ","feature",8,"verb","Verb, 3rd person singular present",NA,NA
"A","DT","a",1,"determiner","Determiner",NA,NA
"dynamic","JJ","dynamic",7,"adjective","Adjective",NA,NA
"grid","NN","grid",4,"noun","Noun, singular or mass",NA,NA
"that","WDT","that",4,"determiner","Wh-determiner",NA,NA
"adds","VVZ","add",4,"verb","Verb, 3rd person singular present",NA,NA
"or","CC","or",2,"conjunction","Coordinating conjunction",NA,NA
"subtracts","VVZ","subtract",9,"verb","Verb, 3rd person singular present",NA,NA
"columns","NNS","column",7,"noun","Noun, plural",NA,NA
"based","VVN","base",5,"verb","Verb, past participle",NA,NA
"on","IN","on",2,"preposition","Preposition or subordinating conjunction",NA,NA
"screen","NN","screen",6,"noun","Noun, singular or mass",NA,NA
"size","NN","size",4,"noun","Noun, singular or mass",NA,NA
"No","DT","no",2,"determiner","Determiner",NA,NA
"grid","NN","grid",4,"noun","Noun, singular or mass",NA,NA
"rows","NNS","row",4,"noun","Noun, plural",NA,NA
",",",",",",1,"comma","Comma",NA,NA
"so","RB","so",2,"adverb","Adverb",NA,NA
"the","DT","the",3,"determiner","Determiner",NA,NA
"entire","JJ","entire",6,"adjective","Adjective",NA,NA
"flow","NN","flow",4,"noun","Noun, singular or mass",NA,NA
"of","IN","of",2,"preposition","Preposition or subordinating conjunction",NA,NA
"a","DT","a",1,"determiner","Determiner",NA,NA
"page","NN","page",4,"noun","Noun, singular or mass",NA,NA
"can","MD","can",3,"modal","Modal",NA,NA
"adapt","VV","adapt",5,"verb","Verb, base form",NA,NA
"to","TO","to",2,"to","to",NA,NA
"take","VV","take",4,"verb","Verb, base form",NA,NA
"full","JJ","full",4,"adjective","Adjective",NA,NA
"advantage","NN","advantage",9,"noun","Noun, singular or mass",NA,NA
"of","IN","of",2,"preposition","Preposition or subordinating conjunction",NA,NA
"available","JJ","available",9,"adjective","Adjective",NA,NA
"screen","NN","screen",6,"noun","Noun, singular or mass",NA,NA
"real","JJ","real",4,"adjective","Adjective",NA,NA
"estate","NN","estate",6,"noun","Noun, singular or mass",NA,NA
"Classes","NP","Classes",7,"name","Proper noun, singular",NA,NA
"that","WDT","that",4,"determiner","Wh-determiner",NA,NA
"let","VVP","let",3,"verb","Verb, non-3rd person singular present",NA,NA
"elements","NNS","element",8,"noun","Noun, plural",NA,NA
"span","VVP","span",4,"verb","Verb, non-3rd person singular present",NA,NA
"a","DT","a",1,"determiner","Determiner",NA,NA
"different","JJ","different",9,"adjective","Adjective",NA,NA
"number","NN","number",6,"noun","Noun, singular or mass",NA,NA
"of","IN","of",2,"preposition","Preposition or subordinating conjunction",NA,NA
"columns","NNS","column",7,"noun","Noun, plural",NA,NA
"for","IN","for",3,"preposition","Preposition or subordinating conjunction",NA,NA
"each","DT","each",4,"determiner","Determiner",NA,NA
"screen","NN","screen",6,"noun","Noun, singular or mass",NA,NA
"size","NN","size",4,"noun","Noun, singular or mass",NA,NA
"A","DT","a",1,"determiner","Determiner",NA,NA
"grid","NN","grid",4,"noun","Noun, singular or mass",NA,NA
"that","WDT","that",4,"determiner","Wh-determiner",NA,NA
"is","VBZ","be",2,"verb","Verb, 3rd person singular present of ""to be""",NA,NA
"not","RB","not",3,"adverb","Adverb",NA,NA
"defined","VVN","define",7,"verb","Verb, past participle",NA,NA
"in","IN","in",2,"preposition","Preposition or subordinating conjunction",NA,NA
"pixels","NNS","pixel",6,"noun","Noun, plural",NA,NA
",",",",",",1,"comma","Comma",NA,NA
"but","CC","but",3,"conjunction","Coordinating conjunction",NA,NA
"instead","RB","instead",7,"adverb","Adverb",NA,NA
"uses","VVZ","use",4,"verb","Verb, 3rd person singular present",NA,NA
"an","DT","an",2,"determiner","Determiner",NA,NA
"adjustable","JJ","adjustable",10,"adjective","Adjective",NA,NA
"ratio","NN","ratio",5,"noun","Noun, singular or mass",NA,NA
"to","TO","to",2,"to","to",NA,NA
"determine","VV","determine",9,"verb","Verb, base form",NA,NA
"column","NN","column",6,"noun","Noun, singular or mass",NA,NA
"and","CC","and",3,"conjunction","Coordinating conjunction",NA,NA
"gutter","NN","gutter",6,"noun","Noun, singular or mass",NA,NA
"size","NN","size",4,"noun","Noun, singular or mass",NA,NA
"Screens","NP","<unknown>",7,"name","Proper noun, singular",NA,NA
"sizes","VVZ","size",5,"verb","Verb, 3rd person singular present",NA,NA
"that","IN/that","that",4,"preposition","Preposition or subordinating conjunction",NA,NA
"target","NN","target",6,"noun","Noun, singular or mass",NA,NA
"device","NN","device",6,"noun","Noun, singular or mass",NA,NA
"categories","NNS","category",10,"noun","Noun, plural",NA,NA
"SASS","NP","Sass",4,"name","Proper noun, singular",NA,NA
"and","CC","and",3,"conjunction","Coordinating conjunction",NA,NA
"LESS","NP","Less",4,"name","Proper noun, singular",NA,NA
"CSS","NP","CSS",3,"name","Proper noun, singular",NA,NA
"files","VVZ","file",5,"verb","Verb, 3rd person singular present",NA,NA
"for","IN","for",3,"preposition","Preposition or subordinating conjunction",NA,NA
"easy","JJ","easy",4,"adjective","Adjective",NA,NA
"customization","NN","customization",13,"noun","Noun, singular or mass",NA,NA
"Optional","JJ","optional",8,"adjective","Adjective",NA,NA
"Javascript","NN","<unknown>",10,"noun","Noun, singular or mass",NA,NA
"keep","VV","keep",4,"verb","Verb, base form",NA,NA
"your","PP$","your",4,"pronoun","Possessive pronoun",NA,NA
"app","NNS","<unknown>",3,"noun","Noun, plural",NA,NA
"aware","JJ","aware",5,"adjective","Adjective",NA,NA
"of","IN","of",2,"preposition","Preposition or subordinating conjunction",NA,NA
"the","DT","the",3,"determiner","Determiner",NA,NA
"current","JJ","current",7,"adjective","Adjective",NA,NA
"screen","NN","screen",6,"noun","Noun, singular or mass",NA,NA
"size","NN","size",4,"noun","Noun, singular or mass",NA,NA
",",",",",",1,"comma","Comma",NA,NA
"and","CC","and",3,"conjunction","Coordinating conjunction",NA,NA
"alert","VV","alert",5,"verb","Verb, base form",NA,NA
"to","TO","to",2,"to","to",NA,NA
"any","DT","any",3,"determiner","Determiner",NA,NA
"changes","NNS","change",7,"noun","Noun, plural",NA,NA
"Documentation","NN","documentation",13,"noun","Noun, singular or mass",NA,NA
"and","CC","and",3,"conjunction","Coordinating conjunction",NA,NA
"Examples","NNS","example",8,"noun","Noun, plural",NA,NA
"at","IN","at",2,"preposition","Preposition or subordinating conjunction",NA,NA
"a","DT","a",1,"determiner","Determiner",NA,NA
"href","NN","<unknown>",4,"noun","Noun, singular or mass",NA,NA
