"token","tag","lemma","lttr","wclass","desc","stop","stem"
"TREB","NP","<unknown>",4,"name","Proper noun, singular",NA,NA
"Wordpress","NP","<unknown>",9,"name","Proper noun, singular",NA,NA
"Python","NP","<unknown>",6,"name","Proper noun, singular",NA,NA
"Integration","NP","Integration",11,"name","Proper noun, singular",NA,NA
"Managed","NP","<unknown>",7,"name","Proper noun, singular",NA,NA
"Hosting","NP","<unknown>",7,"name","Proper noun, singular",NA,NA
"Services","NPS","Services",8,"name","Proper noun, plural",NA,NA
":","SENT",":",1,"fullstop","Sentence ending punctuation",NA,NA
"www","NNS","<unknown>",3,"noun","Noun, plural",NA,NA
".","SENT",".",1,"fullstop","Sentence ending punctuation",NA,NA
"stardothosting","NN","<unknown>",14,"noun","Noun, singular or mass",NA,NA
".","SENT",".",1,"fullstop","Sentence ending punctuation",NA,NA
"com","NN","com",3,"noun","Noun, singular or mass",NA,NA
"Web","NP","Web",3,"name","Proper noun, singular",NA,NA
"Design","NP","Design",6,"name","Proper noun, singular",NA,NA
"and","CC","and",3,"conjunction","Coordinating conjunction",NA,NA
"Development","NP","Development",11,"name","Proper noun, singular",NA,NA
"Services","NPS","Services",8,"name","Proper noun, plural",NA,NA
":","SENT",":",1,"fullstop","Sentence ending punctuation",NA,NA
"www","NNS","<unknown>",3,"noun","Noun, plural",NA,NA
".","SENT",".",1,"fullstop","Sentence ending punctuation",NA,NA
"shiftweb","NN","<unknown>",8,"noun","Noun, singular or mass",NA,NA
".","SENT",".",1,"fullstop","Sentence ending punctuation",NA,NA
"ca","MD","ca",2,"modal","Modal",NA,NA
"This","DT","this",4,"determiner","Determiner",NA,NA
"python","NN","python",6,"noun","Noun, singular or mass",NA,NA
"code","NN","code",4,"noun","Noun, singular or mass",NA,NA
"fully","RB","fully",5,"adverb","Adverb",NA,NA
"integrates","VVZ","integrate",10,"verb","Verb, 3rd person singular present",NA,NA
"and","CC","and",3,"conjunction","Coordinating conjunction",NA,NA
"automates","VVZ","automate",9,"verb","Verb, 3rd person singular present",NA,NA
"the","DT","the",3,"determiner","Determiner",NA,NA
"integration","NN","integration",11,"noun","Noun, singular or mass",NA,NA
"of","IN","of",2,"preposition","Preposition or subordinating conjunction",NA,NA
"Toronto","NP","Toronto",7,"name","Proper noun, singular",NA,NA
"Real","NP","Real",4,"name","Proper noun, singular",NA,NA
"Estate","NP","Estate",6,"name","Proper noun, singular",NA,NA
"Board","NP","Board",5,"name","Proper noun, singular",NA,NA
"Listing","NP","<unknown>",7,"name","Proper noun, singular",NA,NA
"data","NNS","datum",4,"noun","Noun, plural",NA,NA
"into","IN","into",4,"preposition","Preposition or subordinating conjunction",NA,NA
"your","PP$","your",4,"pronoun","Possessive pronoun",NA,NA
"wordpress","NN","<unknown>",9,"noun","Noun, singular or mass",NA,NA
"blog","NN","<unknown>",4,"noun","Noun, singular or mass",NA,NA
".","SENT",".",1,"fullstop","Sentence ending punctuation",NA,NA
"There","EX","there",5,"existential","Existential there",NA,NA
"are","VBP","be",3,"verb","Verb, non-3rd person singular present of ""to be""",NA,NA
"many","JJ","many",4,"adjective","Adjective",NA,NA
"rd","JJ","<unknown>",2,"adjective","Adjective",NA,NA
"party","NN","party",5,"noun","Noun, singular or mass",NA,NA
"libraries","NNS","library",9,"noun","Noun, plural",NA,NA
"integrated","VVN","integrate",10,"verb","Verb, past participle",NA,NA
"into","IN","into",4,"preposition","Preposition or subordinating conjunction",NA,NA
"this","DT","this",4,"determiner","Determiner",NA,NA
"python","NN","python",6,"noun","Noun, singular or mass",NA,NA
"code","NN","code",4,"noun","Noun, singular or mass",NA,NA
",",",",",",1,"comma","Comma",NA,NA
"most","RBS","most",4,"adverb","Adverb, superlative",NA,NA
"importantly","RB","importantly",11,"adverb","Adverb",NA,NA
"the","DT","the",3,"determiner","Determiner",NA,NA
"wordpress","NN","<unknown>",9,"noun","Noun, singular or mass",NA,NA
"xmlrpc","NN","<unknown>",6,"noun","Noun, singular or mass",NA,NA
"python","NN","python",6,"noun","Noun, singular or mass",NA,NA
"library","NN","library",7,"noun","Noun, singular or mass",NA,NA
",",",",",",1,"comma","Comma",NA,NA
"available","JJ","available",9,"adjective","Adjective",NA,NA
"here","RB","here",4,"adverb","Adverb",NA,NA
":","SENT",":",1,"fullstop","Sentence ending punctuation",NA,NA
"Installation","NN","installation",12,"noun","Noun, singular or mass",NA,NA
"and","CC","and",3,"conjunction","Coordinating conjunction",NA,NA
"Integration","NP","Integration",11,"name","Proper noun, singular",NA,NA
"Instructions","NNS","instruction",12,"noun","Noun, plural",NA,NA
"Integrating","NN","<unknown>",11,"noun","Noun, singular or mass",NA,NA
"and","CC","and",3,"conjunction","Coordinating conjunction",NA,NA
"installation","NN","installation",12,"noun","Noun, singular or mass",NA,NA
"instructions","NNS","instruction",12,"noun","Noun, plural",NA,NA
"for","IN","for",3,"preposition","Preposition or subordinating conjunction",NA,NA
"this","DT","this",4,"determiner","Determiner",NA,NA
"python","NN","python",6,"noun","Noun, singular or mass",NA,NA
"code","NN","code",4,"noun","Noun, singular or mass",NA,NA
"can","MD","can",3,"modal","Modal",NA,NA
"be","VB","be",2,"verb","Verb, base form of ""to be""",NA,NA
"found","VVN","find",5,"verb","Verb, past participle",NA,NA
"here","RB","here",4,"adverb","Adverb",NA,NA
":","SENT",":",1,"fullstop","Sentence ending punctuation",NA,NA
"TO","TO","TO",2,"to","to",NA,NA
"DO","JJ","<unknown>",2,"adjective","Adjective",NA,NA
"Items","NNS","item",5,"noun","Noun, plural",NA,NA
"Still","RB","still",5,"adverb","Adverb",NA,NA
"to","TO","to",2,"to","to",NA,NA
"do","VV","do",2,"verb","Verb, base form",NA,NA
":","SENT",":",1,"fullstop","Sentence ending punctuation",NA,NA
"Better","JJR","good",6,"adjective","Adjective, comparative",NA,NA
"error","NN","error",5,"noun","Noun, singular or mass",NA,NA
"checking","NN","checking",8,"noun","Noun, singular or mass",NA,NA
",",",",",",1,"comma","Comma",NA,NA
"syntax","NN","syntax",6,"noun","Noun, singular or mass",NA,NA
"error","NN","error",5,"noun","Noun, singular or mass",NA,NA
"checking","NN","checking",8,"noun","Noun, singular or mass",NA,NA
"of","IN","of",2,"preposition","Preposition or subordinating conjunction",NA,NA
"option","NN","option",6,"noun","Noun, singular or mass",NA,NA
"variables","NNS","variable",9,"noun","Noun, plural",NA,NA
