"token","tag","lemma","lttr","wclass","desc","stop","stem"
"Angular","JJ","angular",7,"adjective","Adjective",NA,NA
"Sports","NPS","Sports",6,"name","Proper noun, plural",NA,NA
"Ticker","NP","<unknown>",6,"name","Proper noun, singular",NA,NA
"Directive","NP","Directive",9,"name","Proper noun, singular",NA,NA
"What","WP","What",4,"pronoun","Wh-pronoun",NA,NA
"is","VBZ","be",2,"verb","Verb, 3rd person singular present of ""to be""",NA,NA
"this","DT","this",4,"determiner","Determiner",NA,NA
"An","DT","an",2,"determiner","Determiner",NA,NA
"Angular","JJ","angular",7,"adjective","Adjective",NA,NA
"directive","NN","directive",9,"noun","Noun, singular or mass",NA,NA
"that","WDT","that",4,"determiner","Wh-determiner",NA,NA
"approximates","VVZ","approximate",12,"verb","Verb, 3rd person singular present",NA,NA
"a","DT","a",1,"determiner","Determiner",NA,NA
"responsive","JJ","responsive",10,"adjective","Adjective",NA,NA
"for","IN","for",3,"preposition","Preposition or subordinating conjunction",NA,NA
"screen","NN","screen",6,"noun","Noun, singular or mass",NA,NA
"sizes","NNS","size",5,"noun","Noun, plural",NA,NA
"greater","JJR","great",7,"adjective","Adjective, comparative",NA,NA
"than","IN","than",4,"preposition","Preposition or subordinating conjunction",NA,NA
"px","NN","<unknown>",2,"noun","Noun, singular or mass",NA,NA
"sports","NNS","sport",6,"noun","Noun, plural",NA,NA
"news","NN","news",4,"noun","Noun, singular or mass",NA,NA
"ticker","NN","ticker",6,"noun","Noun, singular or mass",NA,NA
"similar","JJ","similar",7,"adjective","Adjective",NA,NA
"to","TO","to",2,"to","to",NA,NA
"a","DT","a",1,"determiner","Determiner",NA,NA
"popular","JJ","popular",7,"adjective","Adjective",NA,NA
"sports","NNS","sport",6,"noun","Noun, plural",NA,NA
"news","NN","news",4,"noun","Noun, singular or mass",NA,NA
"network","NN","network",7,"noun","Noun, singular or mass",NA,NA
"s","NN","S",1,"noun","Noun, singular or mass",NA,NA
"bottomline","NN","bottomline",10,"noun","Noun, singular or mass",NA,NA
".","SENT",".",1,"fullstop","Sentence ending punctuation",NA,NA
"Why","WRB","why",3,"adverb","Wh-adverb",NA,NA
"This","DT","this",4,"determiner","Determiner",NA,NA
"was","VBD","be",3,"verb","Verb, past tense of ""to be""",NA,NA
"a","DT","a",1,"determiner","Determiner",NA,NA
"fun","NN","fun",3,"noun","Noun, singular or mass",NA,NA
"side","NN","side",4,"noun","Noun, singular or mass",NA,NA
"project","NN","project",7,"noun","Noun, singular or mass",NA,NA
"I","PP","I",1,"pronoun","Personal pronoun",NA,NA
"used","VVD","use",4,"verb","Verb, past tense",NA,NA
"to","TO","to",2,"to","to",NA,NA
"teach","VV","teach",5,"verb","Verb, base form",NA,NA
"myself","PP","myself",6,"pronoun","Personal pronoun",NA,NA
"more","JJR","more",4,"adjective","Adjective, comparative",NA,NA
"about","IN","about",5,"preposition","Preposition or subordinating conjunction",NA,NA
"Angular","NP","<unknown>",7,"name","Proper noun, singular",NA,NA
"and","CC","and",3,"conjunction","Coordinating conjunction",NA,NA
"CSS","NP","CSS",3,"name","Proper noun, singular",NA,NA
"animations","NNS","animation",10,"noun","Noun, plural",NA,NA
".","SENT",".",1,"fullstop","Sentence ending punctuation",NA,NA
"There","EX","there",5,"existential","Existential there",NA,NA
"are","VBP","be",3,"verb","Verb, non-3rd person singular present of ""to be""",NA,NA
"definitely","RB","definitely",10,"adverb","Adverb",NA,NA
"some","DT","some",4,"determiner","Determiner",NA,NA
"flaws","NNS","flaw",5,"noun","Noun, plural",NA,NA
"and","CC","and",3,"conjunction","Coordinating conjunction",NA,NA
"it","PP","it",2,"pronoun","Personal pronoun",NA,NA
"s","VVZ","<unknown>",1,"verb","Verb, 3rd person singular present",NA,NA
"certainly","RB","certainly",9,"adverb","Adverb",NA,NA
"not","RB","not",3,"adverb","Adverb",NA,NA
"as","RB","as",2,"adverb","Adverb",NA,NA
"polished","JJ","polished",8,"adjective","Adjective",NA,NA
"as","IN","as",2,"preposition","Preposition or subordinating conjunction",NA,NA
"it","PP","it",2,"pronoun","Personal pronoun",NA,NA
"could","MD","could",5,"modal","Modal",NA,NA
"be","VB","be",2,"verb","Verb, base form of ""to be""",NA,NA
",",",",",",1,"comma","Comma",NA,NA
"but","CC","but",3,"conjunction","Coordinating conjunction",NA,NA
"I","PP","I",1,"pronoun","Personal pronoun",NA,NA
"m","NN","m",1,"noun","Noun, singular or mass",NA,NA
"putting","VVG","put",7,"verb","Verb, gerund or present participle",NA,NA
"it","PP","it",2,"pronoun","Personal pronoun",NA,NA
"out","RP","out",3,"particle"," Particle",NA,NA
"there","RB","there",5,"adverb","Adverb",NA,NA
"anyway","RB","anyway",6,"adverb","Adverb",NA,NA
".","SENT",".",1,"fullstop","Sentence ending punctuation",NA,NA
"How","WRB","How",3,"adverb","Wh-adverb",NA,NA
"do","VVP","do",2,"verb","Verb, non-3rd person singular present",NA,NA
"I","PP","I",1,"pronoun","Personal pronoun",NA,NA
"use","VV","use",3,"verb","Verb, base form",NA,NA
"it","PP","it",2,"pronoun","Personal pronoun",NA,NA
".","SENT",".",1,"fullstop","Sentence ending punctuation",NA,NA
"Include","VV","include",7,"verb","Verb, base form",NA,NA
"the","DT","the",3,"determiner","Determiner",NA,NA
"sportsTicker","NN","<unknown>",12,"noun","Noun, singular or mass",NA,NA
".","SENT",".",1,"fullstop","Sentence ending punctuation",NA,NA
"js","NNS","<unknown>",2,"noun","Noun, plural",NA,NA
"and","CC","and",3,"conjunction","Coordinating conjunction",NA,NA
"sportsTicker","NN","<unknown>",12,"noun","Noun, singular or mass",NA,NA
".","SENT",".",1,"fullstop","Sentence ending punctuation",NA,NA
"css","NNS","<unknown>",3,"noun","Noun, plural",NA,NA
"in","IN","in",2,"preposition","Preposition or subordinating conjunction",NA,NA
"your","PP$","your",4,"pronoun","Possessive pronoun",NA,NA
"document","NN","document",8,"noun","Noun, singular or mass",NA,NA
".","SENT",".",1,"fullstop","Sentence ending punctuation",NA,NA
"Add","VV","add",3,"verb","Verb, base form",NA,NA
"the","DT","the",3,"determiner","Determiner",NA,NA
"sportsTicker","NN","<unknown>",12,"noun","Noun, singular or mass",NA,NA
"module","NN","module",6,"noun","Noun, singular or mass",NA,NA
"as","IN","as",2,"preposition","Preposition or subordinating conjunction",NA,NA
"a","DT","a",1,"determiner","Determiner",NA,NA
"dependency","NN","dependency",10,"noun","Noun, singular or mass",NA,NA
"in","IN","in",2,"preposition","Preposition or subordinating conjunction",NA,NA
"your","PP$","your",4,"pronoun","Possessive pronoun",NA,NA
"Angular","JJ","angular",7,"adjective","Adjective",NA,NA
"app","NNS","<unknown>",3,"noun","Noun, plural",NA,NA
".","SENT",".",1,"fullstop","Sentence ending punctuation",NA,NA
"Add","VV","add",3,"verb","Verb, base form",NA,NA
"the","DT","the",3,"determiner","Determiner",NA,NA
"sportsticker","NN","<unknown>",12,"noun","Noun, singular or mass",NA,NA
"tag","NN","tag",3,"noun","Noun, singular or mass",NA,NA
"to","TO","to",2,"to","to",NA,NA
"your","PP$","your",4,"pronoun","Possessive pronoun",NA,NA
"page","NN","page",4,"noun","Noun, singular or mass",NA,NA
"s","NN","S",1,"noun","Noun, singular or mass",NA,NA
"markup","NN","markup",6,"noun","Noun, singular or mass",NA,NA
":","SENT",":",1,"fullstop","Sentence ending punctuation",NA,NA
"br","NN","<unknown>",2,"noun","Noun, singular or mass",NA,NA
"br","NN","<unknown>",2,"noun","Noun, singular or mass",NA,NA
"sportsticker","NN","<unknown>",12,"noun","Noun, singular or mass",NA,NA
"feed","NN","feed",4,"noun","Noun, singular or mass",NA,NA
"feed","NN","feed",4,"noun","Noun, singular or mass",NA,NA
"message","NN","message",7,"noun","Noun, singular or mass",NA,NA
"delay","NN","delay",5,"noun","Noun, singular or mass",NA,NA
"scroll","NN","scroll",6,"noun","Noun, singular or mass",NA,NA
"speed","NN","speed",5,"noun","Noun, singular or mass",NA,NA
"factor","NN","factor",6,"noun","Noun, singular or mass",NA,NA
".","SENT",".",1,"fullstop","Sentence ending punctuation",NA,NA
"sportsticker","NN","<unknown>",12,"noun","Noun, singular or mass",NA,NA
"br","NN","<unknown>",2,"noun","Noun, singular or mass",NA,NA
"br","NN","<unknown>",2,"noun","Noun, singular or mass",NA,NA
".","SENT",".",1,"fullstop","Sentence ending punctuation",NA,NA
"Have","VHP","have",4,"verb","Verb, non-3rd person singular present of ""to have""",NA,NA
"an","DT","an",2,"determiner","Determiner",NA,NA
"Angular","JJ","angular",7,"adjective","Adjective",NA,NA
"controller","NN","controller",10,"noun","Noun, singular or mass",NA,NA
"provide","VV","provide",7,"verb","Verb, base form",NA,NA
"a","DT","a",1,"determiner","Determiner",NA,NA
"JSON","NP","<unknown>",4,"name","Proper noun, singular",NA,NA
"feed","NN","feed",4,"noun","Noun, singular or mass",NA,NA
"to","TO","to",2,"to","to",NA,NA
"the","DT","the",3,"determiner","Determiner",NA,NA
"directive","NN","directive",9,"noun","Noun, singular or mass",NA,NA
"see","VVP","see",3,"verb","Verb, non-3rd person singular present",NA,NA
"feed","NN","feed",4,"noun","Noun, singular or mass",NA,NA
".","SENT",".",1,"fullstop","Sentence ending punctuation",NA,NA
"json","NN","<unknown>",4,"noun","Noun, singular or mass",NA,NA
"for","IN","for",3,"preposition","Preposition or subordinating conjunction",NA,NA
"examples","NNS","example",8,"noun","Noun, plural",NA,NA
"of","IN","of",2,"preposition","Preposition or subordinating conjunction",NA,NA
"all","DT","all",3,"determiner","Determiner",NA,NA
"item","NN","item",4,"noun","Noun, singular or mass",NA,NA
"types","NNS","type",5,"noun","Noun, plural",NA,NA
"a","DT","a",1,"determiner","Determiner",NA,NA
"href","NN","<unknown>",4,"noun","Noun, singular or mass",NA,NA
"Caveats","NP","<unknown>",7,"name","Proper noun, singular",NA,NA
":","SENT",":",1,"fullstop","Sentence ending punctuation",NA,NA
"The","DT","the",3,"determiner","Determiner",NA,NA
"ticker","NN","ticker",6,"noun","Noun, singular or mass",NA,NA
"is","VBZ","be",2,"verb","Verb, 3rd person singular present of ""to be""",NA,NA
"hidden","VVN","hide",6,"verb","Verb, past participle",NA,NA
"on","IN","on",2,"preposition","Preposition or subordinating conjunction",NA,NA
"mobile","JJ","mobile",6,"adjective","Adjective",NA,NA
"devices","NNS","device",7,"noun","Noun, plural",NA,NA
"i.e.","FW","i.e.",4,"foreign","Foreign word",NA,NA
",",",",",",1,"comma","Comma",NA,NA
"for","IN","for",3,"preposition","Preposition or subordinating conjunction",NA,NA
"devices","NNS","device",7,"noun","Noun, plural",NA,NA
"with","IN","with",4,"preposition","Preposition or subordinating conjunction",NA,NA
"a","DT","a",1,"determiner","Determiner",NA,NA
"max","NN","<unknown>",3,"noun","Noun, singular or mass",NA,NA
"width","NN","width",5,"noun","Noun, singular or mass",NA,NA
"of","IN","of",2,"preposition","Preposition or subordinating conjunction",NA,NA
"px","NN","<unknown>",2,"noun","Noun, singular or mass",NA,NA
",",",",",",1,"comma","Comma",NA,NA
"and","CC","and",3,"conjunction","Coordinating conjunction",NA,NA
"performance","NN","performance",11,"noun","Noun, singular or mass",NA,NA
"on","IN","on",2,"preposition","Preposition or subordinating conjunction",NA,NA
"tablets","NNS","tablet",7,"noun","Noun, plural",NA,NA
"is","VBZ","be",2,"verb","Verb, 3rd person singular present of ""to be""",NA,NA
"likely","RB","likely",6,"adverb","Adverb",NA,NA
"shaky","JJ","shaky",5,"adjective","Adjective",NA,NA
"at","IN","at",2,"preposition","Preposition or subordinating conjunction",NA,NA
"best","JJS","good",4,"adjective","Adjective, superlative",NA,NA
".","SENT",".",1,"fullstop","Sentence ending punctuation",NA,NA
"I","PP","I",1,"pronoun","Personal pronoun",NA,NA
"just","RB","just",4,"adverb","Adverb",NA,NA
"didn","NN","<unknown>",4,"noun","Noun, singular or mass",NA,NA
"t","NN","t",1,"noun","Noun, singular or mass",NA,NA
"think","VVP","think",5,"verb","Verb, non-3rd person singular present",NA,NA
"I","PP","I",1,"pronoun","Personal pronoun",NA,NA
"could","MD","could",5,"modal","Modal",NA,NA
"provide","VV","provide",7,"verb","Verb, base form",NA,NA
"a","DT","a",1,"determiner","Determiner",NA,NA
"nice","JJ","nice",4,"adjective","Adjective",NA,NA
"mobile","JJ","mobile",6,"adjective","Adjective",NA,NA
"experience","NN","experience",10,"noun","Noun, singular or mass",NA,NA
"with","IN","with",4,"preposition","Preposition or subordinating conjunction",NA,NA
"the","DT","the",3,"determiner","Determiner",NA,NA
"limited","JJ","limited",7,"adjective","Adjective",NA,NA
"screen","NN","screen",6,"noun","Noun, singular or mass",NA,NA
"real","JJ","real",4,"adjective","Adjective",NA,NA
"estate","NN","estate",6,"noun","Noun, singular or mass",NA,NA
",",",",",",1,"comma","Comma",NA,NA
"and","CC","and",3,"conjunction","Coordinating conjunction",NA,NA
"this","DT","this",4,"determiner","Determiner",NA,NA
"code","NN","code",4,"noun","Noun, singular or mass",NA,NA
"isn","NN","<unknown>",3,"noun","Noun, singular or mass",NA,NA
"t","NN","t",1,"noun","Noun, singular or mass",NA,NA
"optimized","VVN","optimize",9,"verb","Verb, past participle",NA,NA
"for","IN","for",3,"preposition","Preposition or subordinating conjunction",NA,NA
"the","DT","the",3,"determiner","Determiner",NA,NA
"non","JJ","non",3,"adjective","Adjective",NA,NA
"desktop","NN","desktop",7,"noun","Noun, singular or mass",NA,NA
"experience","VVP","experience",10,"verb","Verb, non-3rd person singular present",NA,NA
"e.g.","FW","e.g.",4,"foreign","Foreign word",NA,NA
",",",",",",1,"comma","Comma",NA,NA
"no","DT","no",2,"determiner","Determiner",NA,NA
"hardware","NN","hardware",8,"noun","Noun, singular or mass",NA,NA
"acceleration","NN","acceleration",12,"noun","Noun, singular or mass",NA,NA
"on","IN","on",2,"preposition","Preposition or subordinating conjunction",NA,NA
"animations","NNS","animation",10,"noun","Noun, plural",NA,NA
".","SENT",".",1,"fullstop","Sentence ending punctuation",NA,NA
"In","IN","in",2,"preposition","Preposition or subordinating conjunction",NA,NA
"fact","NN","fact",4,"noun","Noun, singular or mass",NA,NA
",",",",",",1,"comma","Comma",NA,NA
"the","DT","the",3,"determiner","Determiner",NA,NA
"code","NN","code",4,"noun","Noun, singular or mass",NA,NA
"isn","NN","<unknown>",3,"noun","Noun, singular or mass",NA,NA
"t","NN","t",1,"noun","Noun, singular or mass",NA,NA
"really","RB","really",6,"adverb","Adverb",NA,NA
"optimized","VVN","optimize",9,"verb","Verb, past participle",NA,NA
"at","IN","at",2,"preposition","Preposition or subordinating conjunction",NA,NA
"all","DT","all",3,"determiner","Determiner",NA,NA
".","SENT",".",1,"fullstop","Sentence ending punctuation",NA,NA
"As","IN","as",2,"preposition","Preposition or subordinating conjunction",NA,NA
"I","PP","I",1,"pronoun","Personal pronoun",NA,NA
"stated","VVD","state",6,"verb","Verb, past tense",NA,NA
",",",",",",1,"comma","Comma",NA,NA
"this","DT","this",4,"determiner","Determiner",NA,NA
"was","VBD","be",3,"verb","Verb, past tense of ""to be""",NA,NA
"just","RB","just",4,"adverb","Adverb",NA,NA
"a","DT","a",1,"determiner","Determiner",NA,NA
"side","NN","side",4,"noun","Noun, singular or mass",NA,NA
"project","NN","project",7,"noun","Noun, singular or mass",NA,NA
",",",",",",1,"comma","Comma",NA,NA
"and","CC","and",3,"conjunction","Coordinating conjunction",NA,NA
"should","MD","should",6,"modal","Modal",NA,NA
"not","RB","not",3,"adverb","Adverb",NA,NA
"be","VB","be",2,"verb","Verb, base form of ""to be""",NA,NA
"viewed","VVN","view",6,"verb","Verb, past participle",NA,NA
"as","IN","as",2,"preposition","Preposition or subordinating conjunction",NA,NA
"battle","NN","battle",6,"noun","Noun, singular or mass",NA,NA
"tested","VVN","test",6,"verb","Verb, past participle",NA,NA
",",",",",",1,"comma","Comma",NA,NA
"production","NN","production",10,"noun","Noun, singular or mass",NA,NA
"ready","JJ","ready",5,"adjective","Adjective",NA,NA
"code","NN","code",4,"noun","Noun, singular or mass",NA,NA
".","SENT",".",1,"fullstop","Sentence ending punctuation",NA,NA
"I","PP","I",1,"pronoun","Personal pronoun",NA,NA
"don","VVP","don",3,"verb","Verb, non-3rd person singular present",NA,NA
"t","NN","t",1,"noun","Noun, singular or mass",NA,NA
"have","VHP","have",4,"verb","Verb, non-3rd person singular present of ""to have""",NA,NA
"any","DT","any",3,"determiner","Determiner",NA,NA
"immediate","JJ","immediate",9,"adjective","Adjective",NA,NA
"plans","NNS","plan",5,"noun","Noun, plural",NA,NA
"to","TO","to",2,"to","to",NA,NA
"address","VV","address",7,"verb","Verb, base form",NA,NA
"these","DT","these",5,"determiner","Determiner",NA,NA
"limitations","NNS","limitation",11,"noun","Noun, plural",NA,NA
",",",",",",1,"comma","Comma",NA,NA
"so","RB","so",2,"adverb","Adverb",NA,NA
"feel","VVP","feel",4,"verb","Verb, non-3rd person singular present",NA,NA
"free","JJ","free",4,"adjective","Adjective",NA,NA
"to","TO","to",2,"to","to",NA,NA
"clone","NN","clone",5,"noun","Noun, singular or mass",NA,NA
"and","CC","and",3,"conjunction","Coordinating conjunction",NA,NA
"do","VVP","do",2,"verb","Verb, non-3rd person singular present",NA,NA
"with","IN","with",4,"preposition","Preposition or subordinating conjunction",NA,NA
"this","DT","this",4,"determiner","Determiner",NA,NA
"what","WP","what",4,"pronoun","Wh-pronoun",NA,NA
"you","PP","you",3,"pronoun","Personal pronoun",NA,NA
"wish","VVP","wish",4,"verb","Verb, non-3rd person singular present",NA,NA
",",",",",",1,"comma","Comma",NA,NA
"if","IN","if",2,"preposition","Preposition or subordinating conjunction",NA,NA
"anything","NN","anything",8,"noun","Noun, singular or mass",NA,NA
".","SENT",".",1,"fullstop","Sentence ending punctuation",NA,NA
"Code","NP","Code",4,"name","Proper noun, singular",NA,NA
"is","VBZ","be",2,"verb","Verb, 3rd person singular present of ""to be""",NA,NA
"MIT","NP","MIT",3,"name","Proper noun, singular",NA,NA
"licensed","VVD","license",8,"verb","Verb, past tense",NA,NA
",",",",",",1,"comma","Comma",NA,NA
"so","RB","so",2,"adverb","Adverb",NA,NA
"go","VV","go",2,"verb","Verb, base form",NA,NA
"crazy","JJ","crazy",5,"adjective","Adjective",NA,NA
".","SENT",".",1,"fullstop","Sentence ending punctuation",NA,NA
"Acknowledgements","NNS","acknowledgement",16,"noun","Noun, plural",NA,NA
"a","DT","a",1,"determiner","Determiner",NA,NA
"href","NN","<unknown>",4,"noun","Noun, singular or mass",NA,NA
"a","DT","a",1,"determiner","Determiner",NA,NA
"href","NN","<unknown>",4,"noun","Noun, singular or mass",NA,NA
"a","DT","a",1,"determiner","Determiner",NA,NA
"href","NN","<unknown>",4,"noun","Noun, singular or mass",NA,NA
"a","DT","a",1,"determiner","Determiner",NA,NA
"href","NN","<unknown>",4,"noun","Noun, singular or mass",NA,NA
"a","DT","a",1,"determiner","Determiner",NA,NA
"href","NN","<unknown>",4,"noun","Noun, singular or mass",NA,NA
