"token","tag","lemma","lttr","wclass","desc","stop","stem"
"Real","JJ","real",4,"adjective","Adjective",NA,NA
"Real","NP","Real",4,"name","Proper noun, singular",NA,NA
"Estate","NP","Estate",6,"name","Proper noun, singular",NA,NA
"Group","NP","Group",5,"name","Proper noun, singular",NA,NA
"Description","NP","<unknown>",11,"name","Proper noun, singular",NA,NA
"This","DT","this",4,"determiner","Determiner",NA,NA
"is","VBZ","be",2,"verb","Verb, 3rd person singular present of ""to be""",NA,NA
"an","DT","an",2,"determiner","Determiner",NA,NA
"example","NN","example",7,"noun","Noun, singular or mass",NA,NA
"site","NN","site",4,"noun","Noun, singular or mass",NA,NA
"for","IN","for",3,"preposition","Preposition or subordinating conjunction",NA,NA
"Flatiron","NP","<unknown>",8,"name","Proper noun, singular",NA,NA
"coding","VVG","code",6,"verb","Verb, gerund or present participle",NA,NA
"school","NN","school",6,"noun","Noun, singular or mass",NA,NA
".","SENT",".",1,"fullstop","Sentence ending punctuation",NA,NA
