"token","tag","lemma","lttr","wclass","desc","stop","stem"
"RealProp","NP","<unknown>",8,"name","Proper noun, singular",NA,NA
"Real","NP","Real",4,"name","Proper noun, singular",NA,NA
"property","NN","property",8,"noun","Noun, singular or mass",NA,NA
"data","NN","data",4,"noun","Noun, singular or mass",NA,NA
"property","NN","property",8,"noun","Noun, singular or mass",NA,NA
"sales","NNS","sale",5,"noun","Noun, plural",NA,NA
",",",",",",1,"comma","Comma",NA,NA
"real","JJ","real",4,"adjective","Adjective",NA,NA
"estate","NN","estate",6,"noun","Noun, singular or mass",NA,NA
"assessments","NNS","assessment",11,"noun","Noun, plural",NA,NA
"and","CC","and",3,"conjunction","Coordinating conjunction",NA,NA
"taxes","NNS","taxis",5,"noun","Noun, plural",NA,NA
",",",",",",1,"comma","Comma",NA,NA
"land","NN","land",4,"noun","Noun, singular or mass",NA,NA
"use","NN","use",3,"noun","Noun, singular or mass",NA,NA
