"token","tag","lemma","lttr","wclass","desc","stop","stem"
"Zillow","NP","<unknown>",6,"name","Proper noun, singular",NA,NA
"Scraper","NP","<unknown>",7,"name","Proper noun, singular",NA,NA
"crawl","NN","crawl",5,"noun","Noun, singular or mass",NA,NA
"data","NNS","datum",4,"noun","Noun, plural",NA,NA
"and","CC","and",3,"conjunction","Coordinating conjunction",NA,NA
"get","VV","get",3,"verb","Verb, base form",NA,NA
"information","NN","information",11,"noun","Noun, singular or mass",NA,NA
"related","VVN","relate",7,"verb","Verb, past participle",NA,NA
"to","TO","to",2,"to","to",NA,NA
"real","JJ","real",4,"adjective","Adjective",NA,NA
"estate","NN","estate",6,"noun","Noun, singular or mass",NA,NA
",",",",",",1,"comma","Comma",NA,NA
"apartments","NNS","apartment",10,"noun","Noun, plural",NA,NA
",",",",",",1,"comma","Comma",NA,NA
"mortgages","NNS","mortgage",9,"noun","Noun, plural",NA,NA
",",",",",",1,"comma","Comma",NA,NA
"school","NN","school",6,"noun","Noun, singular or mass",NA,NA
"data","NNS","datum",4,"noun","Noun, plural",NA,NA
",",",",",",1,"comma","Comma",NA,NA
"and","CC","and",3,"conjunction","Coordinating conjunction",NA,NA
"home","NN","home",4,"noun","Noun, singular or mass",NA,NA
"improvement","NN","improvement",11,"noun","Noun, singular or mass",NA,NA
"ideas","NNS","idea",5,"noun","Noun, plural",NA,NA
".","SENT",".",1,"fullstop","Sentence ending punctuation",NA,NA
"can","MD","can",3,"modal","Modal",NA,NA
"automatically","RB","automatically",13,"adverb","Adverb",NA,NA
"scrape","VV","scrape",6,"verb","Verb, base form",NA,NA
"data","NNS","datum",4,"noun","Noun, plural",NA,NA
"from","IN","from",4,"preposition","Preposition or subordinating conjunction",NA,NA
"web","NN","web",3,"noun","Noun, singular or mass",NA,NA
"pages","NNS","page",5,"noun","Noun, plural",NA,NA
"and","CC","and",3,"conjunction","Coordinating conjunction",NA,NA
"save","VV","save",4,"verb","Verb, base form",NA,NA
"the","DT","the",3,"determiner","Determiner",NA,NA
"scraped","VVN","scrape",7,"verb","Verb, past participle",NA,NA
"content","NN","content",7,"noun","Noun, singular or mass",NA,NA
"in","IN","in",2,"preposition","Preposition or subordinating conjunction",NA,NA
"different","JJ","different",9,"adjective","Adjective",NA,NA
"formats","NNS","format",7,"noun","Noun, plural",NA,NA
".","SENT",".",1,"fullstop","Sentence ending punctuation",NA,NA
"This","DT","this",4,"determiner","Determiner",NA,NA
"is","VBZ","be",2,"verb","Verb, 3rd person singular present of ""to be""",NA,NA
"a","DT","a",1,"determiner","Determiner",NA,NA
"free","JJ","free",4,"adjective","Adjective",NA,NA
"version","NN","version",7,"noun","Noun, singular or mass",NA,NA
"of","IN","of",2,"preposition","Preposition or subordinating conjunction",NA,NA
"Zillow","NP","<unknown>",6,"name","Proper noun, singular",NA,NA
"Scraper","NP","<unknown>",7,"name","Proper noun, singular",NA,NA
".","SENT",".",1,"fullstop","Sentence ending punctuation",NA,NA
"To","TO","To",2,"to","to",NA,NA
"get","VV","get",3,"verb","Verb, base form",NA,NA
"the","DT","the",3,"determiner","Determiner",NA,NA
"commercial","JJ","commercial",10,"adjective","Adjective",NA,NA
"version","NN","version",7,"noun","Noun, singular or mass",NA,NA
",",",",",",1,"comma","Comma",NA,NA
"please","VVP","please",6,"verb","Verb, non-3rd person singular present",NA,NA
"visit","NN","visit",5,"noun","Noun, singular or mass",NA,NA
":","SENT",":",1,"fullstop","Sentence ending punctuation",NA,NA
