"token","tag","lemma","lttr","wclass","desc","stop","stem"
"Welcome","JJ","welcome",7,"adjective","Adjective",NA,NA
"to","TO","to",2,"to","to",NA,NA
"openList","NN","<unknown>",8,"noun","Noun, singular or mass",NA,NA
"openList","NN","<unknown>",8,"noun","Noun, singular or mass",NA,NA
"is","VBZ","be",2,"verb","Verb, 3rd person singular present of ""to be""",NA,NA
"free","JJ","free",4,"adjective","Adjective",NA,NA
"PHP","NP","PHP",3,"name","Proper noun, singular",NA,NA
"web","NN","web",3,"noun","Noun, singular or mass",NA,NA
"application","NN","application",11,"noun","Noun, singular or mass",NA,NA
"for","IN","for",3,"preposition","Preposition or subordinating conjunction",NA,NA
"ad","NN","ad",2,"noun","Noun, singular or mass",NA,NA
"classified","JJ","classified",10,"adjective","Adjective",NA,NA
"websites","NNS","<unknown>",8,"noun","Noun, plural",NA,NA
"which","WDT","which",5,"determiner","Wh-determiner",NA,NA
"you","PP","you",3,"pronoun","Personal pronoun",NA,NA
"can","MD","can",3,"modal","Modal",NA,NA
"customize","VV","customize",9,"verb","Verb, base form",NA,NA
"into","IN","into",4,"preposition","Preposition or subordinating conjunction",NA,NA
"any","DT","any",3,"determiner","Determiner",NA,NA
"Craigslist","NN","<unknown>",10,"noun","Noun, singular or mass",NA,NA
"like","IN","like",4,"preposition","Preposition or subordinating conjunction",NA,NA
"website","NN","website",7,"noun","Noun, singular or mass",NA,NA
".","SENT",".",1,"fullstop","Sentence ending punctuation",NA,NA
"Project","NN","project",7,"noun","Noun, singular or mass",NA,NA
"website","NN","website",7,"noun","Noun, singular or mass",NA,NA
"is","VBZ","be",2,"verb","Verb, 3rd person singular present of ""to be""",NA,NA
"at","IN","at",2,"preposition","Preposition or subordinating conjunction",NA,NA
"openList","NN","<unknown>",8,"noun","Noun, singular or mass",NA,NA
".","SENT",".",1,"fullstop","Sentence ending punctuation",NA,NA
"co","NP","Co",2,"name","Proper noun, singular",NA,NA
"Features","NP","<unknown>",8,"name","Proper noun, singular",NA,NA
"Custom","NP","Custom",6,"name","Proper noun, singular",NA,NA
"fields","NNS","field",6,"noun","Noun, plural",NA,NA
"for","IN","for",3,"preposition","Preposition or subordinating conjunction",NA,NA
"ad","NN","ad",2,"noun","Noun, singular or mass",NA,NA
"categories","NNS","category",10,"noun","Noun, plural",NA,NA
"like","IN","like",4,"preposition","Preposition or subordinating conjunction",NA,NA
"real","JJ","real",4,"adjective","Adjective",NA,NA
"estate","NN","estate",6,"noun","Noun, singular or mass",NA,NA
",",",",",",1,"comma","Comma",NA,NA
"for","IN","for",3,"preposition","Preposition or subordinating conjunction",NA,NA
"sale","NN","sale",4,"noun","Noun, singular or mass",NA,NA
"etc","NN","etc",3,"noun","Noun, singular or mass",NA,NA
".","SENT",".",1,"fullstop","Sentence ending punctuation",NA,NA
"Email","NP","Email",5,"name","Proper noun, singular",NA,NA
"verification","NN","verification",12,"noun","Noun, singular or mass",NA,NA
"and","CC","and",3,"conjunction","Coordinating conjunction",NA,NA
"ad","NN","ad",2,"noun","Noun, singular or mass",NA,NA
"manager","NN","manager",7,"noun","Noun, singular or mass",NA,NA
"for","IN","for",3,"preposition","Preposition or subordinating conjunction",NA,NA
"deletion","NN","deletion",8,"noun","Noun, singular or mass",NA,NA
"editing","VVG","edit",7,"verb","Verb, gerund or present participle",NA,NA
"Ad","NN","ad",2,"noun","Noun, singular or mass",NA,NA
"flagging","JJ","flagging",8,"adjective","Adjective",NA,NA
"ie","NN","<unknown>",2,"noun","Noun, singular or mass",NA,NA
"spam","NN","spam",4,"noun","Noun, singular or mass",NA,NA
",",",",",",1,"comma","Comma",NA,NA
"like","VV","like",4,"verb","Verb, base form",NA,NA
",",",",",",1,"comma","Comma",NA,NA
"violation","NN","violation",9,"noun","Noun, singular or mass",NA,NA
",",",",",",1,"comma","Comma",NA,NA
"etc","FW","etc",3,"foreign","Foreign word",NA,NA
"Minimalistic","JJ","<unknown>",12,"adjective","Adjective",NA,NA
"design","NN","design",6,"noun","Noun, singular or mass",NA,NA
"and","CC","and",3,"conjunction","Coordinating conjunction",NA,NA
"use","NN","use",3,"noun","Noun, singular or mass",NA,NA
"of","IN","of",2,"preposition","Preposition or subordinating conjunction",NA,NA
"templates","NNS","template",9,"noun","Noun, plural",NA,NA
"ease","VVP","ease",4,"verb","Verb, non-3rd person singular present",NA,NA
"customization","NN","customization",13,"noun","Noun, singular or mass",NA,NA
"HTML","NN","<unknown>",4,"noun","Noun, singular or mass",NA,NA
"filter","NN","filter",6,"noun","Noun, singular or mass",NA,NA
",",",",",",1,"comma","Comma",NA,NA
"Captcha","NP","<unknown>",7,"name","Proper noun, singular",NA,NA
"and","CC","and",3,"conjunction","Coordinating conjunction",NA,NA
"WYSIWYG","NP","<unknown>",7,"name","Proper noun, singular",NA,NA
"editor","NN","editor",6,"noun","Noun, singular or mass",NA,NA
"clean","JJ","clean",5,"adjective","Adjective",NA,NA
"URLs","NP","<unknown>",4,"name","Proper noun, singular",NA,NA
"photo","NN","photo",5,"noun","Noun, singular or mass",NA,NA
"upload","NN","upload",6,"noun","Noun, singular or mass",NA,NA
"nested","VVD","nest",6,"verb","Verb, past tense",NA,NA
"categories","NNS","category",10,"noun","Noun, plural",NA,NA
"Installation","NN","installation",12,"noun","Noun, singular or mass",NA,NA
".","SENT",".",1,"fullstop","Sentence ending punctuation",NA,NA
"Download","NP","<unknown>",8,"name","Proper noun, singular",NA,NA
"application","NN","application",11,"noun","Noun, singular or mass",NA,NA
"package","NN","package",7,"noun","Noun, singular or mass",NA,NA
".","SENT",".",1,"fullstop","Sentence ending punctuation",NA,NA
"Modify","VV","modify",6,"verb","Verb, base form",NA,NA
"class","NN","class",5,"noun","Noun, singular or mass",NA,NA
"systemconsts","NNS","<unknown>",12,"noun","Noun, plural",NA,NA
".","SENT",".",1,"fullstop","Sentence ending punctuation",NA,NA
"class","NN","class",5,"noun","Noun, singular or mass",NA,NA
".","SENT",".",1,"fullstop","Sentence ending punctuation",NA,NA
"php","NN","<unknown>",3,"noun","Noun, singular or mass",NA,NA
"with","IN","with",4,"preposition","Preposition or subordinating conjunction",NA,NA
"your","PP$","your",4,"pronoun","Possessive pronoun",NA,NA
"database","NN","database",8,"noun","Noun, singular or mass",NA,NA
"parameters","NNS","parameter",10,"noun","Noun, plural",NA,NA
".","SENT",".",1,"fullstop","Sentence ending punctuation",NA,NA
"Run","VV","run",3,"verb","Verb, base form",NA,NA
"install","VV","install",7,"verb","Verb, base form",NA,NA
".","SENT",".",1,"fullstop","Sentence ending punctuation",NA,NA
"php","NN","<unknown>",3,"noun","Noun, singular or mass",NA,NA
".","SENT",".",1,"fullstop","Sentence ending punctuation",NA,NA
"Point","NN","point",5,"noun","Noun, singular or mass",NA,NA
"localhost","NN","<unknown>",9,"noun","Noun, singular or mass",NA,NA
"to","TO","to",2,"to","to",NA,NA
"your","PP$","your",4,"pronoun","Possessive pronoun",NA,NA
"folder","NN","folder",6,"noun","Noun, singular or mass",NA,NA
"or","CC","or",2,"conjunction","Coordinating conjunction",NA,NA
"change","NN","change",6,"noun","Noun, singular or mass",NA,NA
"class","NN","class",5,"noun","Noun, singular or mass",NA,NA
"config","NN","<unknown>",6,"noun","Noun, singular or mass",NA,NA
".","SENT",".",1,"fullstop","Sentence ending punctuation",NA,NA
"php","NN","<unknown>",3,"noun","Noun, singular or mass",NA,NA
"with","IN","with",4,"preposition","Preposition or subordinating conjunction",NA,NA
"a","DT","a",1,"determiner","Determiner",NA,NA
"new","JJ","new",3,"adjective","Adjective",NA,NA
"host","NN","host",4,"noun","Noun, singular or mass",NA,NA
"name","NN","name",4,"noun","Noun, singular or mass",NA,NA
".","SENT",".",1,"fullstop","Sentence ending punctuation",NA,NA
"View","NN","view",4,"noun","Noun, singular or mass",NA,NA
"application","NN","application",11,"noun","Noun, singular or mass",NA,NA
"at","IN","at",2,"preposition","Preposition or subordinating conjunction",NA,NA
"localhost","NN","<unknown>",9,"noun","Noun, singular or mass",NA,NA
"or","CC","or",2,"conjunction","Coordinating conjunction",NA,NA
"your","PP$","your",4,"pronoun","Possessive pronoun",NA,NA
"custom","JJ","custom",6,"adjective","Adjective",NA,NA
"host","NN","host",4,"noun","Noun, singular or mass",NA,NA
"name","NN","name",4,"noun","Noun, singular or mass",NA,NA
"it","PP","it",2,"pronoun","Personal pronoun",NA,NA
"will","MD","will",4,"modal","Modal",NA,NA
"be","VB","be",2,"verb","Verb, base form of ""to be""",NA,NA
"pre","RB","<unknown>",3,"adverb","Adverb",NA,NA
"populated","VVN","populate",9,"verb","Verb, past participle",NA,NA
"with","IN","with",4,"preposition","Preposition or subordinating conjunction",NA,NA
"data","NN","data",4,"noun","Noun, singular or mass",NA,NA
"Customization","NN","customization",13,"noun","Noun, singular or mass",NA,NA
"class","NN","class",5,"noun","Noun, singular or mass",NA,NA
"config","NN","<unknown>",6,"noun","Noun, singular or mass",NA,NA
".","SENT",".",1,"fullstop","Sentence ending punctuation",NA,NA
"php","JJ","<unknown>",3,"adjective","Adjective",NA,NA
"global","JJ","global",6,"adjective","Adjective",NA,NA
"constants","NNS","constant",9,"noun","Noun, plural",NA,NA
"class","NN","class",5,"noun","Noun, singular or mass",NA,NA
"systemconsts","NNS","<unknown>",12,"noun","Noun, plural",NA,NA
".","SENT",".",1,"fullstop","Sentence ending punctuation",NA,NA
"class","NN","class",5,"noun","Noun, singular or mass",NA,NA
".","SENT",".",1,"fullstop","Sentence ending punctuation",NA,NA
"php","JJ","<unknown>",3,"adjective","Adjective",NA,NA
"database","NN","database",8,"noun","Noun, singular or mass",NA,NA
"parameters","NNS","parameter",10,"noun","Noun, plural",NA,NA
"install","VVP","install",7,"verb","Verb, non-3rd person singular present",NA,NA
".","SENT",".",1,"fullstop","Sentence ending punctuation",NA,NA
"php","JJ","<unknown>",3,"adjective","Adjective",NA,NA
"initial","JJ","initial",7,"adjective","Adjective",NA,NA
"data","NN","data",4,"noun","Noun, singular or mass",NA,NA
"eg","NN","<unknown>",2,"noun","Noun, singular or mass",NA,NA
"cities","NNS","city",6,"noun","Noun, plural",NA,NA
",",",",",",1,"comma","Comma",NA,NA
"categories","NNS","category",10,"noun","Noun, plural",NA,NA
",",",",",",1,"comma","Comma",NA,NA
"custom","NN","custom",6,"noun","Noun, singular or mass",NA,NA
"fields","NNS","field",6,"noun","Noun, plural",NA,NA
",",",",",",1,"comma","Comma",NA,NA
"etc","FW","etc",3,"foreign","Foreign word",NA,NA
".","SENT",".",1,"fullstop","Sentence ending punctuation",NA,NA
"To","TO","To",2,"to","to",NA,NA
"change","VV","change",6,"verb","Verb, base form",NA,NA
"cities","NNS","city",6,"noun","Noun, plural",NA,NA
",",",",",",1,"comma","Comma",NA,NA
"categories","NNS","category",10,"noun","Noun, plural",NA,NA
"and","CC","and",3,"conjunction","Coordinating conjunction",NA,NA
"other","JJ","other",5,"adjective","Adjective",NA,NA
"data","NNS","datum",4,"noun","Noun, plural",NA,NA
"just","RB","just",4,"adverb","Adverb",NA,NA
"modify","VV","modify",6,"verb","Verb, base form",NA,NA
"SQL","NP","SQL",3,"name","Proper noun, singular",NA,NA
"statements","NNS","statement",10,"noun","Noun, plural",NA,NA
"in","IN","in",2,"preposition","Preposition or subordinating conjunction",NA,NA
"install","VV","install",7,"verb","Verb, base form",NA,NA
".","SENT",".",1,"fullstop","Sentence ending punctuation",NA,NA
"php","NN","<unknown>",3,"noun","Noun, singular or mass",NA,NA
"or","CC","or",2,"conjunction","Coordinating conjunction",NA,NA
"edit","VV","edit",4,"verb","Verb, base form",NA,NA
"your","PP$","your",4,"pronoun","Possessive pronoun",NA,NA
"database","NN","database",8,"noun","Noun, singular or mass",NA,NA
"with","IN","with",4,"preposition","Preposition or subordinating conjunction",NA,NA
"phpMyAdmin","NN","<unknown>",10,"noun","Noun, singular or mass",NA,NA
".","SENT",".",1,"fullstop","Sentence ending punctuation",NA,NA
"Libraries","NNS","library",9,"noun","Noun, plural",NA,NA
"Slightly","RB","slightly",8,"adverb","Adverb",NA,NA
"modified","VVN","modify",8,"verb","Verb, past participle",NA,NA
"PHP","NP","PHP",3,"name","Proper noun, singular",NA,NA
"template","NN","template",8,"noun","Noun, singular or mass",NA,NA
"engine","NN","engine",6,"noun","Noun, singular or mass",NA,NA
"Savant","NP","Savant",6,"name","Proper noun, singular",NA,NA
"JavaScript","NP","<unknown>",10,"name","Proper noun, singular",NA,NA
"and","CC","and",3,"conjunction","Coordinating conjunction",NA,NA
"HTML","NP","<unknown>",4,"name","Proper noun, singular",NA,NA
"WYSIWYG","NP","<unknown>",7,"name","Proper noun, singular",NA,NA
"client","NN","client",6,"noun","Noun, singular or mass",NA,NA
"side","NN","side",4,"noun","Noun, singular or mass",NA,NA
"editor","NN","editor",6,"noun","Noun, singular or mass",NA,NA
"TinyMCE","NP","<unknown>",7,"name","Proper noun, singular",NA,NA
"PHP","NP","PHP",3,"name","Proper noun, singular",NA,NA
"HTML","NP","<unknown>",4,"name","Proper noun, singular",NA,NA
"filter","NN","filter",6,"noun","Noun, singular or mass",NA,NA
"HTML","NP","<unknown>",4,"name","Proper noun, singular",NA,NA
"Purifier","NP","<unknown>",8,"name","Proper noun, singular",NA,NA
"PHP","NP","PHP",3,"name","Proper noun, singular",NA,NA
"Captcha","NP","<unknown>",7,"name","Proper noun, singular",NA,NA
"script","NN","script",6,"noun","Noun, singular or mass",NA,NA
"Securimage","NP","<unknown>",10,"name","Proper noun, singular",NA,NA
"Future","NP","Future",6,"name","Proper noun, singular",NA,NA
"Possible","JJ","possible",8,"adjective","Adjective",NA,NA
"Development","NP","Development",11,"name","Proper noun, singular",NA,NA
"Admin","NP","Admin",5,"name","Proper noun, singular",NA,NA
"panel","NN","panel",5,"noun","Noun, singular or mass",NA,NA
"More","JJR","more",4,"adjective","Adjective, comparative",NA,NA
"user","NN","user",4,"noun","Noun, singular or mass",NA,NA
"friendly","JJ","friendly",8,"adjective","Adjective",NA,NA
"customization","NN","customization",13,"noun","Noun, singular or mass",NA,NA
"of","IN","of",2,"preposition","Preposition or subordinating conjunction",NA,NA
"initial","JJ","initial",7,"adjective","Adjective",NA,NA
"data","NNS","datum",4,"noun","Noun, plural",NA,NA
"ie","NN","<unknown>",2,"noun","Noun, singular or mass",NA,NA
"install","VVP","install",7,"verb","Verb, non-3rd person singular present",NA,NA
".","SENT",".",1,"fullstop","Sentence ending punctuation",NA,NA
"php","NN","<unknown>",3,"noun","Noun, singular or mass",NA,NA
