"token","tag","lemma","lttr","wclass","desc","stop","stem"
"Fluid","JJ","fluid",5,"adjective","Adjective",NA,NA
"Grid","NP","<unknown>",4,"name","Proper noun, singular",NA,NA
"System","NP","System",6,"name","Proper noun, singular",NA,NA
"A","DT","a",1,"determiner","Determiner",NA,NA
"web","NN","web",3,"noun","Noun, singular or mass",NA,NA
"grid","NN","grid",4,"noun","Noun, singular or mass",NA,NA
"system","NN","system",6,"noun","Noun, singular or mass",NA,NA
"designed","VVN","design",8,"verb","Verb, past participle",NA,NA
"by","IN","by",2,"preposition","Preposition or subordinating conjunction",NA,NA
"Joseph","NP","Joseph",6,"name","Proper noun, singular",NA,NA
"Silvashy","NP","<unknown>",8,"name","Proper noun, singular",NA,NA
"How","WRB","How",3,"adverb","Wh-adverb",NA,NA
"to","TO","to",2,"to","to",NA,NA
"use","VV","use",3,"verb","Verb, base form",NA,NA
"the","DT","the",3,"determiner","Determiner",NA,NA
"Fluid","NP","<unknown>",5,"name","Proper noun, singular",NA,NA
"Grid","NP","<unknown>",4,"name","Proper noun, singular",NA,NA
"System","NP","System",6,"name","Proper noun, singular",NA,NA
"To","TO","To",2,"to","to",NA,NA
"the","DT","the",3,"determiner","Determiner",NA,NA
"following","VVG","follow",9,"verb","Verb, gerund or present participle",NA,NA
"code","NN","code",4,"noun","Noun, singular or mass",NA,NA
"is","VBZ","be",2,"verb","Verb, 3rd person singular present of ""to be""",NA,NA
"an","DT","an",2,"determiner","Determiner",NA,NA
"example","NN","example",7,"noun","Noun, singular or mass",NA,NA
"of","IN","of",2,"preposition","Preposition or subordinating conjunction",NA,NA
"how","WRB","how",3,"adverb","Wh-adverb",NA,NA
"the","DT","the",3,"determiner","Determiner",NA,NA
"code","NN","code",4,"noun","Noun, singular or mass",NA,NA
"works","VVZ","work",5,"verb","Verb, 3rd person singular present",NA,NA
".","SENT",".",1,"fullstop","Sentence ending punctuation",NA,NA
"Because","IN","because",7,"preposition","Preposition or subordinating conjunction",NA,NA
"The","DT","the",3,"determiner","Determiner",NA,NA
"Fluid","NP","<unknown>",5,"name","Proper noun, singular",NA,NA
"Grid","NP","<unknown>",4,"name","Proper noun, singular",NA,NA
"System","NP","System",6,"name","Proper noun, singular",NA,NA
"is","VBZ","be",2,"verb","Verb, 3rd person singular present of ""to be""",NA,NA
"based","VVN","base",5,"verb","Verb, past participle",NA,NA
"on","IN","on",2,"preposition","Preposition or subordinating conjunction",NA,NA
"a","DT","a",1,"determiner","Determiner",NA,NA
"six","CD","six",3,"number","Cardinal number",NA,NA
"column","NN","column",6,"noun","Noun, singular or mass",NA,NA
"grid","NN","grid",4,"noun","Noun, singular or mass",NA,NA
"the","DT","the",3,"determiner","Determiner",NA,NA
"only","JJ","only",4,"adjective","Adjective",NA,NA
"necessary","JJ","necessary",9,"adjective","Adjective",NA,NA
"provision","NN","provision",9,"noun","Noun, singular or mass",NA,NA
"is","VBZ","be",2,"verb","Verb, 3rd person singular present of ""to be""",NA,NA
"that","IN/that","that",4,"preposition","Preposition or subordinating conjunction",NA,NA
"all","DT","all",3,"determiner","Determiner",NA,NA
"of","IN","of",2,"preposition","Preposition or subordinating conjunction",NA,NA
"the","DT","the",3,"determiner","Determiner",NA,NA
"div","NN","div",3,"noun","Noun, singular or mass",NA,NA
"class","NN","class",5,"noun","Noun, singular or mass",NA,NA
"three","CD","three",5,"number","Cardinal number",NA,NA
"column","NN","column",6,"noun","Noun, singular or mass",NA,NA
"within","IN","within",6,"preposition","Preposition or subordinating conjunction",NA,NA
"it�","JJ","<unknown>",3,"adjective","Adjective",NA,NA
"s","NN","S",1,"noun","Noun, singular or mass",NA,NA
"parent","NN","parent",6,"noun","Noun, singular or mass",NA,NA
"div","NN","div",3,"noun","Noun, singular or mass",NA,NA
"class","NN","class",5,"noun","Noun, singular or mass",NA,NA
"section","NN","section",7,"noun","Noun, singular or mass",NA,NA
"element","NN","element",7,"noun","Noun, singular or mass",NA,NA
"add","VVP","add",3,"verb","Verb, non-3rd person singular present",NA,NA
"up","RP","up",2,"particle"," Particle",NA,NA
"to","TO","to",2,"to","to",NA,NA
".","SENT",".",1,"fullstop","Sentence ending punctuation",NA,NA
"A","DT","a",1,"determiner","Determiner",NA,NA
"total","NN","total",5,"noun","Noun, singular or mass",NA,NA
"of","IN","of",2,"preposition","Preposition or subordinating conjunction",NA,NA
"different","JJ","different",9,"adjective","Adjective",NA,NA
"combinations","NNS","combination",12,"noun","Noun, plural",NA,NA
"can","MD","can",3,"modal","Modal",NA,NA
"be","VB","be",2,"verb","Verb, base form of ""to be""",NA,NA
"achieved","VVN","achieve",8,"verb","Verb, past participle",NA,NA
"in","IN","in",2,"preposition","Preposition or subordinating conjunction",NA,NA
"this","DT","this",4,"determiner","Determiner",NA,NA
"fashion","NN","fashion",7,"noun","Noun, singular or mass",NA,NA
".","SENT",".",1,"fullstop","Sentence ending punctuation",NA,NA
"html","NN","<unknown>",4,"noun","Noun, singular or mass",NA,NA
"div","NN","div",3,"noun","Noun, singular or mass",NA,NA
"class","NN","class",5,"noun","Noun, singular or mass",NA,NA
"six","CD","six",3,"number","Cardinal number",NA,NA
"column","NN","column",6,"noun","Noun, singular or mass",NA,NA
"section","NN","section",7,"noun","Noun, singular or mass",NA,NA
"div","NN","div",3,"noun","Noun, singular or mass",NA,NA
"class","NN","class",5,"noun","Noun, singular or mass",NA,NA
"two","CD","two",3,"number","Cardinal number",NA,NA
"column","NN","column",6,"noun","Noun, singular or mass",NA,NA
"div","NN","div",3,"noun","Noun, singular or mass",NA,NA
"class","NN","class",5,"noun","Noun, singular or mass",NA,NA
"column","NN","column",6,"noun","Noun, singular or mass",NA,NA
"content","NN","content",7,"noun","Noun, singular or mass",NA,NA
"...",":","...",3,"punctuation","Punctuation",NA,NA
"div","NN","div",3,"noun","Noun, singular or mass",NA,NA
"div","NN","div",3,"noun","Noun, singular or mass",NA,NA
"div","NN","div",3,"noun","Noun, singular or mass",NA,NA
"class","NN","class",5,"noun","Noun, singular or mass",NA,NA
"three","CD","three",5,"number","Cardinal number",NA,NA
"column","NN","column",6,"noun","Noun, singular or mass",NA,NA
"div","NN","div",3,"noun","Noun, singular or mass",NA,NA
"class","NN","class",5,"noun","Noun, singular or mass",NA,NA
"column","NN","column",6,"noun","Noun, singular or mass",NA,NA
"content","NN","content",7,"noun","Noun, singular or mass",NA,NA
"...",":","...",3,"punctuation","Punctuation",NA,NA
"div","NN","div",3,"noun","Noun, singular or mass",NA,NA
"div","NN","div",3,"noun","Noun, singular or mass",NA,NA
"div","NN","div",3,"noun","Noun, singular or mass",NA,NA
"class","NN","class",5,"noun","Noun, singular or mass",NA,NA
"one","CD","one",3,"number","Cardinal number",NA,NA
"column","NN","column",6,"noun","Noun, singular or mass",NA,NA
"div","NN","div",3,"noun","Noun, singular or mass",NA,NA
"class","NN","class",5,"noun","Noun, singular or mass",NA,NA
"column","NN","column",6,"noun","Noun, singular or mass",NA,NA
"content","NN","content",7,"noun","Noun, singular or mass",NA,NA
"...",":","...",3,"punctuation","Punctuation",NA,NA
"div","NN","div",3,"noun","Noun, singular or mass",NA,NA
"div","NN","div",3,"noun","Noun, singular or mass",NA,NA
"div","NN","div",3,"noun","Noun, singular or mass",NA,NA
"The","DT","the",3,"determiner","Determiner",NA,NA
"code","NN","code",4,"noun","Noun, singular or mass",NA,NA
"for","IN","for",3,"preposition","Preposition or subordinating conjunction",NA,NA
"the","DT","the",3,"determiner","Determiner",NA,NA
"Fluid","NP","<unknown>",5,"name","Proper noun, singular",NA,NA
"Grid","NP","<unknown>",4,"name","Proper noun, singular",NA,NA
"System","NP","System",6,"name","Proper noun, singular",NA,NA
"is","VBZ","be",2,"verb","Verb, 3rd person singular present of ""to be""",NA,NA
"simple","JJ","simple",6,"adjective","Adjective",NA,NA
",",",",",",1,"comma","Comma",NA,NA
"lightweight","JJ","lightweight",11,"adjective","Adjective",NA,NA
",",",",",",1,"comma","Comma",NA,NA
"and","CC","and",3,"conjunction","Coordinating conjunction",NA,NA
"non","JJ","non",3,"adjective","Adjective",NA,NA
"obtrusive","JJ","obtrusive",9,"adjective","Adjective",NA,NA
".","SENT",".",1,"fullstop","Sentence ending punctuation",NA,NA
"The","DT","the",3,"determiner","Determiner",NA,NA
"following","NN","following",9,"noun","Noun, singular or mass",NA,NA
"is","VBZ","be",2,"verb","Verb, 3rd person singular present of ""to be""",NA,NA
"a","DT","a",1,"determiner","Determiner",NA,NA
"sample","NN","sample",6,"noun","Noun, singular or mass",NA,NA
"of","IN","of",2,"preposition","Preposition or subordinating conjunction",NA,NA
"an","DT","an",2,"determiner","Determiner",NA,NA
"empty","JJ","empty",5,"adjective","Adjective",NA,NA
"three","CD","three",5,"number","Cardinal number",NA,NA
"column","NN","column",6,"noun","Noun, singular or mass",NA,NA
"layout","NN","layout",6,"noun","Noun, singular or mass",NA,NA
"with","IN","with",4,"preposition","Preposition or subordinating conjunction",NA,NA
"columns","NNS","column",7,"noun","Noun, plural",NA,NA
"of","IN","of",2,"preposition","Preposition or subordinating conjunction",NA,NA
"varying","VVG","vary",7,"verb","Verb, gerund or present participle",NA,NA
"width","NN","width",5,"noun","Noun, singular or mass",NA,NA
".","SENT",".",1,"fullstop","Sentence ending punctuation",NA,NA
"Credit","NN","credit",6,"noun","Noun, singular or mass",NA,NA
"and","CC","and",3,"conjunction","Coordinating conjunction",NA,NA
"Inspiration","NN","inspiration",11,"noun","Noun, singular or mass",NA,NA
"Many","JJ","many",4,"adjective","Adjective",NA,NA
"of","IN","of",2,"preposition","Preposition or subordinating conjunction",NA,NA
"the","DT","the",3,"determiner","Determiner",NA,NA
"ideas","NNS","idea",5,"noun","Noun, plural",NA,NA
"that","WDT","that",4,"determiner","Wh-determiner",NA,NA
"have","VHP","have",4,"verb","Verb, non-3rd person singular present of ""to have""",NA,NA
"inspired","VVN","inspire",8,"verb","Verb, past participle",NA,NA
"me","PP","me",2,"pronoun","Personal pronoun",NA,NA
"to","TO","to",2,"to","to",NA,NA
"build","VV","build",5,"verb","Verb, base form",NA,NA
"the","DT","the",3,"determiner","Determiner",NA,NA
"Fluid","NP","<unknown>",5,"name","Proper noun, singular",NA,NA
"Grid","NP","<unknown>",4,"name","Proper noun, singular",NA,NA
"System","NP","System",6,"name","Proper noun, singular",NA,NA
"is","VBZ","be",2,"verb","Verb, 3rd person singular present of ""to be""",NA,NA
"from","IN","from",4,"preposition","Preposition or subordinating conjunction",NA,NA
"some","DT","some",4,"determiner","Determiner",NA,NA
"long","JJ","long",4,"adjective","Adjective",NA,NA
"time","NN","time",4,"noun","Noun, singular or mass",NA,NA
"geniuses","NNS","genius",8,"noun","Noun, plural",NA,NA
"of","IN","of",2,"preposition","Preposition or subordinating conjunction",NA,NA
"the","DT","the",3,"determiner","Determiner",NA,NA
"web","NN","web",3,"noun","Noun, singular or mass",NA,NA
"world","NN","world",5,"noun","Noun, singular or mass",NA,NA
"including","VVG","include",9,"verb","Verb, gerund or present participle",NA,NA
"Nathan","NP","Nathan",6,"name","Proper noun, singular",NA,NA
"Smith","NP","Smith",5,"name","Proper noun, singular",NA,NA
"for","IN","for",3,"preposition","Preposition or subordinating conjunction",NA,NA
"the","DT","the",3,"determiner","Determiner",NA,NA
"original","JJ","original",8,"adjective","Adjective",NA,NA
"web","NN","web",3,"noun","Noun, singular or mass",NA,NA
"grid","NN","grid",4,"noun","Noun, singular or mass",NA,NA
"system","NN","system",6,"noun","Noun, singular or mass",NA,NA
"the","DT","the",3,"determiner","Determiner",NA,NA
"grid","NN","grid",4,"noun","Noun, singular or mass",NA,NA
"system","NN","system",6,"noun","Noun, singular or mass",NA,NA
",",",",",",1,"comma","Comma",NA,NA
"also","RB","also",4,"adverb","Adverb",NA,NA
"Andy","NP","Andy",4,"name","Proper noun, singular",NA,NA
"Clarke","NP","Clarke",6,"name","Proper noun, singular",NA,NA
",",",",",",1,"comma","Comma",NA,NA
"Jon","NP","Jon",3,"name","Proper noun, singular",NA,NA
"Hicks","NP","Hicks",5,"name","Proper noun, singular",NA,NA
",",",",",",1,"comma","Comma",NA,NA
"Shaun","NP","Shaun",5,"name","Proper noun, singular",NA,NA
"Inman","NP","Inman",5,"name","Proper noun, singular",NA,NA
",",",",",",1,"comma","Comma",NA,NA
"Cameron","NP","Cameron",7,"name","Proper noun, singular",NA,NA
"Moll","NP","Moll",4,"name","Proper noun, singular",NA,NA
",",",",",",1,"comma","Comma",NA,NA
"Jason","NP","Jason",5,"name","Proper noun, singular",NA,NA
"Santa","NP","Santa",5,"name","Proper noun, singular",NA,NA
"Maria","NP","Maria",5,"name","Proper noun, singular",NA,NA
",",",",",",1,"comma","Comma",NA,NA
"David","NP","David",5,"name","Proper noun, singular",NA,NA
"Heinemeier","NP","<unknown>",10,"name","Proper noun, singular",NA,NA
"Hansson","NP","Hansson",7,"name","Proper noun, singular",NA,NA
",",",",",",1,"comma","Comma",NA,NA
"Sam","NP","Sam",3,"name","Proper noun, singular",NA,NA
"Ruby","NP","Ruby",4,"name","Proper noun, singular",NA,NA
",",",",",",1,"comma","Comma",NA,NA
"John","NP","John",4,"name","Proper noun, singular",NA,NA
"Resig","NP","<unknown>",5,"name","Proper noun, singular",NA,NA
",",",",",",1,"comma","Comma",NA,NA
"Mark","NP","Mark",4,"name","Proper noun, singular",NA,NA
"Bolton","NP","Bolton",6,"name","Proper noun, singular",NA,NA
",",",",",",1,"comma","Comma",NA,NA
"Khoi","NP","<unknown>",4,"name","Proper noun, singular",NA,NA
"Vinh","NP","Vinh",4,"name","Proper noun, singular",NA,NA
",",",",",",1,"comma","Comma",NA,NA
"John","NP","John",4,"name","Proper noun, singular",NA,NA
"Maeda","NP","Maeda",5,"name","Proper noun, singular",NA,NA
",",",",",",1,"comma","Comma",NA,NA
"and","CC","and",3,"conjunction","Coordinating conjunction",NA,NA
"Ryan","NP","Ryan",4,"name","Proper noun, singular",NA,NA
"Sims","NP","Sims",4,"name","Proper noun, singular",NA,NA
"to","TO","to",2,"to","to",NA,NA
"name","VV","name",4,"verb","Verb, base form",NA,NA
"only","RB","only",4,"adverb","Adverb",NA,NA
"a","DT","a",1,"determiner","Determiner",NA,NA
"few","JJ","few",3,"adjective","Adjective",NA,NA
".","SENT",".",1,"fullstop","Sentence ending punctuation",NA,NA
"Attributions","NNS","attribution",12,"noun","Noun, plural",NA,NA
"Modifications","NNS","modification",13,"noun","Noun, plural",NA,NA
"and","CC","and",3,"conjunction","Coordinating conjunction",NA,NA
"fixes","NNS","fix",5,"noun","Noun, plural",NA,NA
"made","VVN","make",4,"verb","Verb, past participle",NA,NA
"from","IN","from",4,"preposition","Preposition or subordinating conjunction",NA,NA
":","SENT",":",1,"fullstop","Sentence ending punctuation",NA,NA
"Eric","NP","Eric",4,"name","Proper noun, singular",NA,NA
"Meyer","NP","Meyer",5,"name","Proper noun, singular",NA,NA
"s","NNS","<unknown>",1,"noun","Noun, plural",NA,NA
"original","JJ","original",8,"adjective","Adjective",NA,NA
"Reset","NP","<unknown>",5,"name","Proper noun, singular",NA,NA
"CSS","NP","CSS",3,"name","Proper noun, singular",NA,NA
"Blue","NP","Blue",4,"name","Proper noun, singular",NA,NA
"Print","NP","Print",5,"name","Proper noun, singular",NA,NA
"CSS","NP","CSS",3,"name","Proper noun, singular",NA,NA
"License","NP","License",7,"name","Proper noun, singular",NA,NA
"Copyright","NP","Copyright",9,"name","Proper noun, singular",NA,NA
"c","SYM","c",1,"symbol","Symbol",NA,NA
"Joseph","NP","Joseph",6,"name","Proper noun, singular",NA,NA
"Silvashy","NP","<unknown>",8,"name","Proper noun, singular",NA,NA
"and","CC","and",3,"conjunction","Coordinating conjunction",NA,NA
"New","NP","New",3,"name","Proper noun, singular",NA,NA
"Gold","NP","Gold",4,"name","Proper noun, singular",NA,NA
"Leaf","NP","Leaf",4,"name","Proper noun, singular",NA,NA
"LP","NP","LP",2,"name","Proper noun, singular",NA,NA
"Licensed","NP","<unknown>",8,"name","Proper noun, singular",NA,NA
"under","IN","under",5,"preposition","Preposition or subordinating conjunction",NA,NA
"the","DT","the",3,"determiner","Determiner",NA,NA
"MIT","NP","MIT",3,"name","Proper noun, singular",NA,NA
"and","CC","and",3,"conjunction","Coordinating conjunction",NA,NA
"GPL","NP","<unknown>",3,"name","Proper noun, singular",NA,NA
"licenses","NNS","license",8,"noun","Noun, plural",NA,NA
".","SENT",".",1,"fullstop","Sentence ending punctuation",NA,NA
"Date","NN","date",4,"noun","Noun, singular or mass",NA,NA
":","SENT",":",1,"fullstop","Sentence ending punctuation",NA,NA
"Fri","NP","Fri",3,"name","Proper noun, singular",NA,NA
",",",",",",1,"comma","Comma",NA,NA
"Feb","NN","Feb",3,"noun","Noun, singular or mass",NA,NA
"Version","NP","Version",7,"name","Proper noun, singular",NA,NA
":","SENT",":",1,"fullstop","Sentence ending punctuation",NA,NA
"..",":","...",2,"punctuation","Punctuation",NA,NA
