"token","tag","lemma","lttr","wclass","desc","stop","stem"
"mapit","NN","<unknown>",5,"noun","Noun, singular or mass",NA,NA
"A","DT","a",1,"determiner","Determiner",NA,NA
"real","JJ","real",4,"adjective","Adjective",NA,NA
"estate","NN","estate",6,"noun","Noun, singular or mass",NA,NA
"web","NN","web",3,"noun","Noun, singular or mass",NA,NA
"map","NN","map",3,"noun","Noun, singular or mass",NA,NA
".","SENT",".",1,"fullstop","Sentence ending punctuation",NA,NA
"Permits","NNS","permit",7,"noun","Noun, plural",NA,NA
"browse","VVP","browse",6,"verb","Verb, non-3rd person singular present",NA,NA
"real","JJ","real",4,"adjective","Adjective",NA,NA
"estate","NN","estate",6,"noun","Noun, singular or mass",NA,NA
"active","JJ","active",6,"adjective","Adjective",NA,NA
"listings","NNS","listing",8,"noun","Noun, plural",NA,NA
"by","IN","by",2,"preposition","Preposition or subordinating conjunction",NA,NA
"browsing","VVG","browse",8,"verb","Verb, gerund or present participle",NA,NA
"a","DT","a",1,"determiner","Determiner",NA,NA
"google","NN","<unknown>",6,"noun","Noun, singular or mass",NA,NA
"map","NN","map",3,"noun","Noun, singular or mass",NA,NA
"and","CC","and",3,"conjunction","Coordinating conjunction",NA,NA
"at","IN","at",2,"preposition","Preposition or subordinating conjunction",NA,NA
"the","DT","the",3,"determiner","Determiner",NA,NA
"same","JJ","same",4,"adjective","Adjective",NA,NA
"time","NN","time",4,"noun","Noun, singular or mass",NA,NA
"allows","VVZ","allow",6,"verb","Verb, 3rd person singular present",NA,NA
"registered","JJ","registered",10,"adjective","Adjective",NA,NA
"users","NNS","user",5,"noun","Noun, plural",NA,NA
"to","TO","to",2,"to","to",NA,NA
"enlist","VV","enlist",6,"verb","Verb, base form",NA,NA
"new","JJ","new",3,"adjective","Adjective",NA,NA
"real","JJ","real",4,"adjective","Adjective",NA,NA
"estate","NN","estate",6,"noun","Noun, singular or mass",NA,NA
"properties","NNS","property",10,"noun","Noun, plural",NA,NA
"on","IN","on",2,"preposition","Preposition or subordinating conjunction",NA,NA
"the","DT","the",3,"determiner","Determiner",NA,NA
"map","NN","map",3,"noun","Noun, singular or mass",NA,NA
".","SENT",".",1,"fullstop","Sentence ending punctuation",NA,NA
