"token","tag","lemma","lttr","wclass","desc","stop","stem"
"California","NP","California",10,"name","Proper noun, singular",NA,NA
"Real","NP","Real",4,"name","Proper noun, singular",NA,NA
"Estate","NP","Estate",6,"name","Proper noun, singular",NA,NA
"Purchase","NP","Purchase",8,"name","Proper noun, singular",NA,NA
"Agreement","NP","Agreement",9,"name","Proper noun, singular",NA,NA
"Generator","NP","Generator",9,"name","Proper noun, singular",NA,NA
"A","DT","a",1,"determiner","Determiner",NA,NA
"very","RB","very",4,"adverb","Adverb",NA,NA
"basic","JJ","basic",5,"adjective","Adjective",NA,NA
"Sinatra","NP","Sinatra",7,"name","Proper noun, singular",NA,NA
