"token","tag","lemma","lttr","wclass","desc","stop","stem"
"king","NN","king",4,"noun","Noun, singular or mass",NA,NA
"real","JJ","real",4,"adjective","Adjective",NA,NA
"estate","NN","estate",6,"noun","Noun, singular or mass",NA,NA
"Real","JJ","real",4,"adjective","Adjective",NA,NA
"estate","NN","estate",6,"noun","Noun, singular or mass",NA,NA
"company","NN","company",7,"noun","Noun, singular or mass",NA,NA
"contact","NN","contact",7,"noun","Noun, singular or mass",NA,NA
"form","NN","form",4,"noun","Noun, singular or mass",NA,NA
"hr","NP","Hr",2,"name","Proper noun, singular",NA,NA
"Project","NP","Project",7,"name","Proper noun, singular",NA,NA
"Description","NP","<unknown>",11,"name","Proper noun, singular",NA,NA
"User","NP","User",4,"name","Proper noun, singular",NA,NA
"can","MD","can",3,"modal","Modal",NA,NA
"submit","VV","submit",6,"verb","Verb, base form",NA,NA
"contact","NN","contact",7,"noun","Noun, singular or mass",NA,NA
"information","NN","information",11,"noun","Noun, singular or mass",NA,NA
"for","IN","for",3,"preposition","Preposition or subordinating conjunction",NA,NA
"representative","NN","representative",14,"noun","Noun, singular or mass",NA,NA
".","SENT",".",1,"fullstop","Sentence ending punctuation",NA,NA
"Technologies","NP","Technologies",12,"name","Proper noun, singular",NA,NA
"Used","NP","<unknown>",4,"name","Proper noun, singular",NA,NA
"HTML","NP","<unknown>",4,"name","Proper noun, singular",NA,NA
",",",",",",1,"comma","Comma",NA,NA
"CSS","NP","CSS",3,"name","Proper noun, singular",NA,NA
",",",",",",1,"comma","Comma",NA,NA
"Bootstrap","NP","<unknown>",9,"name","Proper noun, singular",NA,NA
",",",",",",1,"comma","Comma",NA,NA
"Google","NP","<unknown>",6,"name","Proper noun, singular",NA,NA
"fonts","NNS","font",5,"noun","Noun, plural",NA,NA
",",",",",",1,"comma","Comma",NA,NA
"PHP","NP","PHP",3,"name","Proper noun, singular",NA,NA
