"token","tag","lemma","lttr","wclass","desc","stop","stem"
"Jiarun","NP","<unknown>",6,"name","Proper noun, singular",NA,NA
"Real","NP","Real",4,"name","Proper noun, singular",NA,NA
"Estate","NP","Estate",6,"name","Proper noun, singular",NA,NA
"Android","NP","<unknown>",7,"name","Proper noun, singular",NA,NA
"This","DT","this",4,"determiner","Determiner",NA,NA
"is","VBZ","be",2,"verb","Verb, 3rd person singular present of ""to be""",NA,NA
"an","DT","an",2,"determiner","Determiner",NA,NA
"Android","JJ","android",7,"adjective","Adjective",NA,NA
"app","NN","<unknown>",3,"noun","Noun, singular or mass",NA,NA
"for","IN","for",3,"preposition","Preposition or subordinating conjunction",NA,NA
"a","DT","a",1,"determiner","Determiner",NA,NA
"small","JJ","small",5,"adjective","Adjective",NA,NA
"real","JJ","real",4,"adjective","Adjective",NA,NA
"estate","NN","estate",6,"noun","Noun, singular or mass",NA,NA
"company","NN","company",7,"noun","Noun, singular or mass",NA,NA
"No","DT","no",2,"determiner","Determiner",NA,NA
"license","NN","license",7,"noun","Noun, singular or mass",NA,NA
"for","IN","for",3,"preposition","Preposition or subordinating conjunction",NA,NA
"this","DT","this",4,"determiner","Determiner",NA,NA
"code","NN","code",4,"noun","Noun, singular or mass",NA,NA
",",",",",",1,"comma","Comma",NA,NA
"so","RB","so",2,"adverb","Adverb",NA,NA
"feel","VVP","feel",4,"verb","Verb, non-3rd person singular present",NA,NA
"free","JJ","free",4,"adjective","Adjective",NA,NA
"to","TO","to",2,"to","to",NA,NA
"copy","VV","copy",4,"verb","Verb, base form",NA,NA
"them","PP","them",4,"pronoun","Personal pronoun",NA,NA
".","SENT",".",1,"fullstop","Sentence ending punctuation",NA,NA
