"token","tag","lemma","lttr","wclass","desc","stop","stem"
"RealEstateInfoListing","VVG","<unknown>",21,"verb","Verb, gerund or present participle",NA,NA
"The","DT","the",3,"determiner","Determiner",NA,NA
"Real","NP","Real",4,"name","Proper noun, singular",NA,NA
"Estate","NP","Estate",6,"name","Proper noun, singular",NA,NA
"Listing","NP","<unknown>",7,"name","Proper noun, singular",NA,NA
"Interface","NP","Interface",9,"name","Proper noun, singular",NA,NA
"is","VBZ","be",2,"verb","Verb, 3rd person singular present of ""to be""",NA,NA
"a","DT","a",1,"determiner","Determiner",NA,NA
"web","NN","web",3,"noun","Noun, singular or mass",NA,NA
"application","NN","application",11,"noun","Noun, singular or mass",NA,NA
"developed","VVN","develop",9,"verb","Verb, past participle",NA,NA
"to","TO","to",2,"to","to",NA,NA
"present","VV","present",7,"verb","Verb, base form",NA,NA
"massive","JJ","massive",7,"adjective","Adjective",NA,NA
"XML","NP","<unknown>",3,"name","Proper noun, singular",NA,NA
"data","NNS","datum",4,"noun","Noun, plural",NA,NA
"information","NN","information",11,"noun","Noun, singular or mass",NA,NA
"of","IN","of",2,"preposition","Preposition or subordinating conjunction",NA,NA
"houses","NNS","house",6,"noun","Noun, plural",NA,NA
"other","JJ","other",5,"adjective","Adjective",NA,NA
"real","JJ","real",4,"adjective","Adjective",NA,NA
"estates","NNS","estate",7,"noun","Noun, plural",NA,NA
"properties","NNS","property",10,"noun","Noun, plural",NA,NA
"on","IN","on",2,"preposition","Preposition or subordinating conjunction",NA,NA
"a","DT","a",1,"determiner","Determiner",NA,NA
"front","JJ","front",5,"adjective","Adjective",NA,NA
"end","NN","end",3,"noun","Noun, singular or mass",NA,NA
"page","NN","page",4,"noun","Noun, singular or mass",NA,NA
