"token","tag","lemma","lttr","wclass","desc","stop","stem"
"NJ","NP","NJ",2,"name","Proper noun, singular",NA,NA
"Real","NP","Real",4,"name","Proper noun, singular",NA,NA
"Estate","NP","Estate",6,"name","Proper noun, singular",NA,NA
"in","IN","in",2,"preposition","Preposition or subordinating conjunction",NA,NA
"the","DT","the",3,"determiner","Determiner",NA,NA
"Princeton","NP","Princeton",9,"name","Proper noun, singular",NA,NA
"Area","NP","Area",4,"name","Proper noun, singular",NA,NA
"We","PP","we",2,"pronoun","Personal pronoun",NA,NA
"re","IN","re",2,"preposition","Preposition or subordinating conjunction",NA,NA
"looking","VVG","look",7,"verb","Verb, gerund or present participle",NA,NA
"to","TO","to",2,"to","to",NA,NA
"buy","VV","buy",3,"verb","Verb, base form",NA,NA
"a","DT","a",1,"determiner","Determiner",NA,NA
"house","NN","house",5,"noun","Noun, singular or mass",NA,NA
",",",",",",1,"comma","Comma",NA,NA
"so","RB","so",2,"adverb","Adverb",NA,NA
"I","PP","I",1,"pronoun","Personal pronoun",NA,NA
"figured","VVD","figure",7,"verb","Verb, past tense",NA,NA
"I","PP","I",1,"pronoun","Personal pronoun",NA,NA
"d","NN","d",1,"noun","Noun, singular or mass",NA,NA
"play","NN","play",4,"noun","Noun, singular or mass",NA,NA
"with","IN","with",4,"preposition","Preposition or subordinating conjunction",NA,NA
"some","DT","some",4,"determiner","Determiner",NA,NA
"real","JJ","real",4,"adjective","Adjective",NA,NA
"estate","NN","estate",6,"noun","Noun, singular or mass",NA,NA
"data","NNS","datum",4,"noun","Noun, plural",NA,NA
".","SENT",".",1,"fullstop","Sentence ending punctuation",NA,NA
