"token","tag","lemma","lttr","wclass","desc","stop","stem"
"rem","NP","Rem",3,"name","Proper noun, singular",NA,NA
"Real","NP","Real",4,"name","Proper noun, singular",NA,NA
"Estate","NP","Estate",6,"name","Proper noun, singular",NA,NA
"Management","NP","Management",10,"name","Proper noun, singular",NA,NA
"This","DT","this",4,"determiner","Determiner",NA,NA
"is","VBZ","be",2,"verb","Verb, 3rd person singular present of ""to be""",NA,NA
"an","DT","an",2,"determiner","Determiner",NA,NA
"attempt","NN","attempt",7,"noun","Noun, singular or mass",NA,NA
"to","TO","to",2,"to","to",NA,NA
"create","VV","create",6,"verb","Verb, base form",NA,NA
"a","DT","a",1,"determiner","Determiner",NA,NA
"generic","JJ","generic",7,"adjective","Adjective",NA,NA
"project","NN","project",7,"noun","Noun, singular or mass",NA,NA
"management","NN","management",10,"noun","Noun, singular or mass",NA,NA
"real","JJ","real",4,"adjective","Adjective",NA,NA
"estate","NN","estate",6,"noun","Noun, singular or mass",NA,NA
"for","IN","for",3,"preposition","Preposition or subordinating conjunction",NA,NA
"any","DT","any",3,"determiner","Determiner",NA,NA
"administration","NN","administration",14,"noun","Noun, singular or mass",NA,NA
"or","CC","or",2,"conjunction","Coordinating conjunction",NA,NA
"private","JJ","private",7,"adjective","Adjective",NA,NA
".","SENT",".",1,"fullstop","Sentence ending punctuation",NA,NA
"Technologies","NNS","technology",12,"noun","Noun, plural",NA,NA
"used","VVD","use",4,"verb","Verb, past tense",NA,NA
":","SENT",":",1,"fullstop","Sentence ending punctuation",NA,NA
"Spring","NN","spring",6,"noun","Noun, singular or mass",NA,NA
"hibernate","VV","hibernate",9,"verb","Verb, base form",NA,NA
"GWT","NP","<unknown>",3,"name","Proper noun, singular",NA,NA
"maven","NN","maven",5,"noun","Noun, singular or mass",NA,NA
