"token","tag","lemma","lttr","wclass","desc","stop","stem"
"Real","JJ","real",4,"adjective","Adjective",NA,NA
"estate","NN","estate",6,"noun","Noun, singular or mass",NA,NA
"RealtyMinister","NN","<unknown>",14,"noun","Noun, singular or mass",NA,NA
"is","VBZ","be",2,"verb","Verb, 3rd person singular present of ""to be""",NA,NA
"one","CD","one",3,"number","Cardinal number",NA,NA
"of","IN","of",2,"preposition","Preposition or subordinating conjunction",NA,NA
"the","DT","the",3,"determiner","Determiner",NA,NA
"best","JJS","good",4,"adjective","Adjective, superlative",NA,NA
"property","NN","property",8,"noun","Noun, singular or mass",NA,NA
"real","JJ","real",4,"adjective","Adjective",NA,NA
"estate","NN","estate",6,"noun","Noun, singular or mass",NA,NA
"portal","NN","portal",6,"noun","Noun, singular or mass",NA,NA
"in","IN","in",2,"preposition","Preposition or subordinating conjunction",NA,NA
"India","NP","India",5,"name","Proper noun, singular",NA,NA
"delivers","VVZ","deliver",8,"verb","Verb, 3rd person singular present",NA,NA
"affordable","JJ","affordable",10,"adjective","Adjective",NA,NA
"features","NNS","feature",8,"noun","Noun, plural",NA,NA
"like","IN","like",4,"preposition","Preposition or subordinating conjunction",NA,NA
"Buy","JJ","Buy",3,"adjective","Adjective",NA,NA
",",",",",",1,"comma","Comma",NA,NA
"sell","JJ","sell",4,"adjective","Adjective",NA,NA
"property","NN","property",8,"noun","Noun, singular or mass",NA,NA
",",",",",",1,"comma","Comma",NA,NA
"Residential","NP","<unknown>",11,"name","Proper noun, singular",NA,NA
",",",",",",1,"comma","Comma",NA,NA
"Commercial","NP","Commercial",10,"name","Proper noun, singular",NA,NA
"Projects","NPS","Projects",8,"name","Proper noun, plural",NA,NA
