"token","tag","lemma","lttr","wclass","desc","stop","stem"
"Simple","JJ","simple",6,"adjective","Adjective",NA,NA
"Single","NP","Single",6,"name","Proper noun, singular",NA,NA
"Page","NP","Page",4,"name","Proper noun, singular",NA,NA
"Real","NP","Real",4,"name","Proper noun, singular",NA,NA
"Estate","NP","Estate",6,"name","Proper noun, singular",NA,NA
"Check","VV","check",5,"verb","Verb, base form",NA,NA
"it","PP","it",2,"pronoun","Personal pronoun",NA,NA
"out","RP","out",3,"particle"," Particle",NA,NA
"here","RB","here",4,"adverb","Adverb",NA,NA
":","SENT",":",1,"fullstop","Sentence ending punctuation",NA,NA
"Website","NN","website",7,"noun","Noun, singular or mass",NA,NA
"Version","NP","Version",7,"name","Proper noun, singular",NA,NA
":","SENT",":",1,"fullstop","Sentence ending punctuation",NA,NA
".","SENT",".",1,"fullstop","Sentence ending punctuation",NA,NA
"Description","NN","description",11,"noun","Noun, singular or mass",NA,NA
"A","DT","a",1,"determiner","Determiner",NA,NA
"lightweight","JJ","lightweight",11,"adjective","Adjective",NA,NA
"responsive","JJ","responsive",10,"adjective","Adjective",NA,NA
"single","JJ","single",6,"adjective","Adjective",NA,NA
"page","NN","page",4,"noun","Noun, singular or mass",NA,NA
"real","JJ","real",4,"adjective","Adjective",NA,NA
"estate","NN","estate",6,"noun","Noun, singular or mass",NA,NA
"site","NN","site",4,"noun","Noun, singular or mass",NA,NA
"using","VVG","use",5,"verb","Verb, gerund or present participle",NA,NA
"Bootstrap","NP","<unknown>",9,"name","Proper noun, singular",NA,NA
".","SENT",".",1,"fullstop","Sentence ending punctuation",NA,NA
"Last","JJ","last",4,"adjective","Adjective",NA,NA
"update","NN","update",6,"noun","Noun, singular or mass",NA,NA
":","SENT",":",1,"fullstop","Sentence ending punctuation",NA,NA
"Standards","NNS","standard",9,"noun","Noun, plural",NA,NA
":","SENT",":",1,"fullstop","Sentence ending punctuation",NA,NA
"HTML","NP","<unknown>",4,"name","Proper noun, singular",NA,NA
",",",",",",1,"comma","Comma",NA,NA
"CSS","NP","CSS",3,"name","Proper noun, singular",NA,NA
"Components","NPS","Components",10,"name","Proper noun, plural",NA,NA
":","SENT",":",1,"fullstop","Sentence ending punctuation",NA,NA
"Modernizr","NP","<unknown>",9,"name","Proper noun, singular",NA,NA
",",",",",",1,"comma","Comma",NA,NA
"jQuery","NN","<unknown>",6,"noun","Noun, singular or mass",NA,NA
",",",",",",1,"comma","Comma",NA,NA
"Bootstrap","NP","<unknown>",9,"name","Proper noun, singular",NA,NA
"Software","NP","Software",8,"name","Proper noun, singular",NA,NA
":","SENT",":",1,"fullstop","Sentence ending punctuation",NA,NA
"PHP","NP","PHP",3,"name","Proper noun, singular",NA,NA
