"token","tag","lemma","lttr","wclass","desc","stop","stem"
"Portfolio","NN","portfolio",9,"noun","Noun, singular or mass",NA,NA
"This","DT","this",4,"determiner","Determiner",NA,NA
"portfolio","NN","portfolio",9,"noun","Noun, singular or mass",NA,NA
"contains","VVZ","contain",8,"verb","Verb, 3rd person singular present",NA,NA
"screenshots","NNS","<unknown>",11,"noun","Noun, plural",NA,NA
"and","CC","and",3,"conjunction","Coordinating conjunction",NA,NA
"executables","NNS","<unknown>",11,"noun","Noun, plural",NA,NA
"from","IN","from",4,"preposition","Preposition or subordinating conjunction",NA,NA
"various","JJ","various",7,"adjective","Adjective",NA,NA
"projects","NNS","project",8,"noun","Noun, plural",NA,NA
".","SENT",".",1,"fullstop","Sentence ending punctuation",NA,NA
"Real","JJ","real",4,"adjective","Adjective",NA,NA
"Estate","NP","Estate",6,"name","Proper noun, singular",NA,NA
"Manager","NP","Manager",7,"name","Proper noun, singular",NA,NA
",",",",",",1,"comma","Comma",NA,NA
"see","VVP","see",3,"verb","Verb, non-3rd person singular present",NA,NA
"real","JJ","real",4,"adjective","Adjective",NA,NA
"estate","NN","estate",6,"noun","Noun, singular or mass",NA,NA
"manager","NN","manager",7,"noun","Noun, singular or mass",NA,NA
"repo","NN","repo",4,"noun","Noun, singular or mass",NA,NA
"Apollo","NP","Apollo",6,"name","Proper noun, singular",NA,NA
",",",",",",1,"comma","Comma",NA,NA
"see","VVP","see",3,"verb","Verb, non-3rd person singular present",NA,NA
"apollo","NN","apollo",6,"noun","Noun, singular or mass",NA,NA
"repo","NN","repo",4,"noun","Noun, singular or mass",NA,NA
"Popstar","NP","<unknown>",7,"name","Proper noun, singular",NA,NA
",",",",",",1,"comma","Comma",NA,NA
"an","DT","an",2,"determiner","Determiner",NA,NA
"iOS","NNS","<unknown>",3,"noun","Noun, plural",NA,NA
"application","NN","application",11,"noun","Noun, singular or mass",NA,NA
