"token","tag","lemma","lttr","wclass","desc","stop","stem"
"Real","JJ","real",4,"adjective","Adjective",NA,NA
"Estate","NP","Estate",6,"name","Proper noun, singular",NA,NA
"Developers","NP","Developers",10,"name","Proper noun, singular",NA,NA
"Adityaram","NP","<unknown>",9,"name","Proper noun, singular",NA,NA
"is","VBZ","be",2,"verb","Verb, 3rd person singular present of ""to be""",NA,NA
"also","RB","also",4,"adverb","Adverb",NA,NA
"one","CD","one",3,"number","Cardinal number",NA,NA
"of","IN","of",2,"preposition","Preposition or subordinating conjunction",NA,NA
"our","PP$","our",3,"pronoun","Possessive pronoun",NA,NA
"film","NN","film",4,"noun","Noun, singular or mass",NA,NA
"producer","NN","producer",8,"noun","Noun, singular or mass",NA,NA
",",",",",",1,"comma","Comma",NA,NA
"real","JJ","real",4,"adjective","Adjective",NA,NA
"estate","NN","estate",6,"noun","Noun, singular or mass",NA,NA
"and","CC","and",3,"conjunction","Coordinating conjunction",NA,NA
"industrialist","NN","industrialist",13,"noun","Noun, singular or mass",NA,NA
"growing","VVG","grow",7,"verb","Verb, gerund or present participle",NA,NA
"person","NN","person",6,"noun","Noun, singular or mass",NA,NA
"in","IN","in",2,"preposition","Preposition or subordinating conjunction",NA,NA
"a","DT","a",1,"determiner","Determiner",NA,NA
"short","JJ","short",5,"adjective","Adjective",NA,NA
"span","NN","span",4,"noun","Noun, singular or mass",NA,NA
"of","IN","of",2,"preposition","Preposition or subordinating conjunction",NA,NA
"time","NN","time",4,"noun","Noun, singular or mass",NA,NA
"after","IN","after",5,"preposition","Preposition or subordinating conjunction",NA,NA
"finishing","VVG","finish",9,"verb","Verb, gerund or present participle",NA,NA
"his","PP$","his",3,"pronoun","Possessive pronoun",NA,NA
"college","NN","college",7,"noun","Noun, singular or mass",NA,NA
"days","NNS","day",4,"noun","Noun, plural",NA,NA
".","SENT",".",1,"fullstop","Sentence ending punctuation",NA,NA
