"token","tag","lemma","lttr","wclass","desc","stop","stem"
"A","DT","a",1,"determiner","Determiner",NA,NA
"new","JJ","new",3,"adjective","Adjective",NA,NA
"theme","NN","theme",5,"noun","Noun, singular or mass",NA,NA
"for","IN","for",3,"preposition","Preposition or subordinating conjunction",NA,NA
"fever","NN","fever",5,"noun","Noun, singular or mass",NA,NA
"fever","NN","fever",5,"noun","Noun, singular or mass",NA,NA
".","SENT",".",1,"fullstop","Sentence ending punctuation",NA,NA
"jpg","NP","<unknown>",3,"name","Proper noun, singular",NA,NA
"Fever","NP","<unknown>",5,"name","Proper noun, singular",NA,NA
"Theme","NP","<unknown>",5,"name","Proper noun, singular",NA,NA
"for","IN","for",3,"preposition","Preposition or subordinating conjunction",NA,NA
"fever","NN","fever",5,"noun","Noun, singular or mass",NA,NA
"beta","NN","beta",4,"noun","Noun, singular or mass",NA,NA
"This","DT","this",4,"determiner","Determiner",NA,NA
"is","VBZ","be",2,"verb","Verb, 3rd person singular present of ""to be""",NA,NA
"a","DT","a",1,"determiner","Determiner",NA,NA
"theme","NN","theme",5,"noun","Noun, singular or mass",NA,NA
"I","PP","I",1,"pronoun","Personal pronoun",NA,NA
"ve","VVZ","<unknown>",2,"verb","Verb, 3rd person singular present",NA,NA
"made","VVN","make",4,"verb","Verb, past participle",NA,NA
"for","IN","for",3,"preposition","Preposition or subordinating conjunction",NA,NA
"the","DT","the",3,"determiner","Determiner",NA,NA
"excellent","JJ","excellent",9,"adjective","Adjective",NA,NA
"RSS","NP","<unknown>",3,"name","Proper noun, singular",NA,NA
"reader","NN","reader",6,"noun","Noun, singular or mass",NA,NA
"Fever�","NP","<unknown>",6,"name","Proper noun, singular",NA,NA
"Want","NP","Want",4,"name","Proper noun, singular",NA,NA
"to","TO","to",2,"to","to",NA,NA
"try","VV","try",3,"verb","Verb, base form",NA,NA
"it","PP","it",2,"pronoun","Personal pronoun",NA,NA
"This","DT","this",4,"determiner","Determiner",NA,NA
"theme","NN","theme",5,"noun","Noun, singular or mass",NA,NA
"is","VBZ","be",2,"verb","Verb, 3rd person singular present of ""to be""",NA,NA
"currently","RB","currently",9,"adverb","Adverb",NA,NA
"in","IN","in",2,"preposition","Preposition or subordinating conjunction",NA,NA
"Beta","NN","beta",4,"noun","Noun, singular or mass",NA,NA
"and","CC","and",3,"conjunction","Coordinating conjunction",NA,NA
"needs","VVZ","need",5,"verb","Verb, 3rd person singular present",NA,NA
"more","JJR","more",4,"adjective","Adjective, comparative",NA,NA
"testing","NN","testing",7,"noun","Noun, singular or mass",NA,NA
".","SENT",".",1,"fullstop","Sentence ending punctuation",NA,NA
"If","IN","if",2,"preposition","Preposition or subordinating conjunction",NA,NA
"you","PP","you",3,"pronoun","Personal pronoun",NA,NA
"want","VVP","want",4,"verb","Verb, non-3rd person singular present",NA,NA
"to","TO","to",2,"to","to",NA,NA
"use","VV","use",3,"verb","Verb, base form",NA,NA
"it","PP","it",2,"pronoun","Personal pronoun",NA,NA
"all","RB","all",3,"adverb","Adverb",NA,NA
"you","PP","you",3,"pronoun","Personal pronoun",NA,NA
"have","VHP","have",4,"verb","Verb, non-3rd person singular present of ""to have""",NA,NA
"to","TO","to",2,"to","to",NA,NA
"do","VV","do",2,"verb","Verb, base form",NA,NA
"to","TO","to",2,"to","to",NA,NA
"use","VV","use",3,"verb","Verb, base form",NA,NA
"it","PP","it",2,"pronoun","Personal pronoun",NA,NA
"is","VBZ","be",2,"verb","Verb, 3rd person singular present of ""to be""",NA,NA
"to","TO","to",2,"to","to",NA,NA
"add","VV","add",3,"verb","Verb, base form",NA,NA
"the","DT","the",3,"determiner","Determiner",NA,NA
"files","NNS","file",5,"noun","Noun, plural",NA,NA
"reader","NN","reader",6,"noun","Noun, singular or mass",NA,NA
".","SENT",".",1,"fullstop","Sentence ending punctuation",NA,NA
"css","NNS","<unknown>",3,"noun","Noun, plural",NA,NA
"and","CC","and",3,"conjunction","Coordinating conjunction",NA,NA
"icons","NNS","icon",5,"noun","Noun, plural",NA,NA
".","SENT",".",1,"fullstop","Sentence ending punctuation",NA,NA
"svg","NN","<unknown>",3,"noun","Noun, singular or mass",NA,NA
"to","TO","to",2,"to","to",NA,NA
"fever","NN","fever",5,"noun","Noun, singular or mass",NA,NA
"firewall","NN","firewall",8,"noun","Noun, singular or mass",NA,NA
"app","NP","App",3,"name","Proper noun, singular",NA,NA
"views","VVZ","view",5,"verb","Verb, 3rd person singular present",NA,NA
"default","NN","default",7,"noun","Noun, singular or mass",NA,NA
"styles","NNS","style",6,"noun","Noun, plural",NA,NA
".","SENT",".",1,"fullstop","Sentence ending punctuation",NA,NA
"If","IN","if",2,"preposition","Preposition or subordinating conjunction",NA,NA
"you","PP","you",3,"pronoun","Personal pronoun",NA,NA
"are","VBP","be",3,"verb","Verb, non-3rd person singular present of ""to be""",NA,NA
"not","RB","not",3,"adverb","Adverb",NA,NA
"that","RB","that",4,"adverb","Adverb",NA,NA
"adventurous","JJ","adventurous",11,"adjective","Adjective",NA,NA
"you","PP","you",3,"pronoun","Personal pronoun",NA,NA
"can","MD","can",3,"modal","Modal",NA,NA
"add","VV","add",3,"verb","Verb, base form",NA,NA
"the","DT","the",3,"determiner","Determiner",NA,NA
"CSS","NP","CSS",3,"name","Proper noun, singular",NA,NA
"via","IN","via",3,"preposition","Preposition or subordinating conjunction",NA,NA
"Chill","NP","Chill",5,"name","Proper noun, singular",NA,NA
"Pill","NP","Pill",4,"name","Proper noun, singular",NA,NA
"Remember","VV","remember",8,"verb","Verb, base form",NA,NA
"to","TO","to",2,"to","to",NA,NA
"back","VV","back",4,"verb","Verb, base form",NA,NA
"up","RP","up",2,"particle"," Particle",NA,NA
"your","PP$","your",4,"pronoun","Possessive pronoun",NA,NA
"files","NNS","file",5,"noun","Noun, plural",NA,NA
"before","IN","before",6,"preposition","Preposition or subordinating conjunction",NA,NA
"adding","VVG","add",6,"verb","Verb, gerund or present participle",NA,NA
"this","DT","this",4,"determiner","Determiner",NA,NA
"theme","NN","theme",5,"noun","Noun, singular or mass",NA,NA
"and","CC","and",3,"conjunction","Coordinating conjunction",NA,NA
"overwriting","VVG","overwrite",11,"verb","Verb, gerund or present participle",NA,NA
"files","NNS","file",5,"noun","Noun, plural",NA,NA
".","SENT",".",1,"fullstop","Sentence ending punctuation",NA,NA
"It","PP","it",2,"pronoun","Personal pronoun",NA,NA
"works","VVZ","work",5,"verb","Verb, 3rd person singular present",NA,NA
"great","JJ","great",5,"adjective","Adjective",NA,NA
"in","IN","in",2,"preposition","Preposition or subordinating conjunction",NA,NA
"Chrome","NP","<unknown>",6,"name","Proper noun, singular",NA,NA
",",",",",",1,"comma","Comma",NA,NA
"and","CC","and",3,"conjunction","Coordinating conjunction",NA,NA
"have","VH","have",4,"verb","Verb, base form of ""to have""",NA,NA
"a","DT","a",1,"determiner","Determiner",NA,NA
"few","JJ","few",3,"adjective","Adjective",NA,NA
"issues","NNS","issue",6,"noun","Noun, plural",NA,NA
"in","IN","in",2,"preposition","Preposition or subordinating conjunction",NA,NA
"Safari","NP","<unknown>",6,"name","Proper noun, singular",NA,NA
"and","CC","and",3,"conjunction","Coordinating conjunction",NA,NA
"Firefox","NP","<unknown>",7,"name","Proper noun, singular",NA,NA
"that","IN/that","that",4,"preposition","Preposition or subordinating conjunction",NA,NA
"I","PP","I",1,"pronoun","Personal pronoun",NA,NA
"m","NN","m",1,"noun","Noun, singular or mass",NA,NA
"working","VVG","work",7,"verb","Verb, gerund or present participle",NA,NA
"on","IN","on",2,"preposition","Preposition or subordinating conjunction",NA,NA
".","SENT",".",1,"fullstop","Sentence ending punctuation",NA,NA
"Pull","NN","pull",4,"noun","Noun, singular or mass",NA,NA
"requests","NNS","request",8,"noun","Noun, plural",NA,NA
"and","CC","and",3,"conjunction","Coordinating conjunction",NA,NA
"suggestions","NNS","suggestion",11,"noun","Noun, plural",NA,NA
"are","VBP","be",3,"verb","Verb, non-3rd person singular present of ""to be""",NA,NA
"welcomed","VVN","welcome",8,"verb","Verb, past participle",NA,NA
".","SENT",".",1,"fullstop","Sentence ending punctuation",NA,NA
"If","IN","if",2,"preposition","Preposition or subordinating conjunction",NA,NA
"you","PP","you",3,"pronoun","Personal pronoun",NA,NA
"want","VVP","want",4,"verb","Verb, non-3rd person singular present",NA,NA
"to","TO","to",2,"to","to",NA,NA
"tweak","VV","tweak",5,"verb","Verb, base form",NA,NA
"the","DT","the",3,"determiner","Determiner",NA,NA
"design","NN","design",6,"noun","Noun, singular or mass",NA,NA
"even","RB","even",4,"adverb","Adverb",NA,NA
"more","RBR","more",4,"adverb","Adverb, comparative",NA,NA
"to","TO","to",2,"to","to",NA,NA
"your","PP$","your",4,"pronoun","Possessive pronoun",NA,NA
"preferences","NNS","preference",11,"noun","Noun, plural",NA,NA
"I","PP","I",1,"pronoun","Personal pronoun",NA,NA
"recommend","VVP","recommend",9,"verb","Verb, non-3rd person singular present",NA,NA
"you","PP","you",3,"pronoun","Personal pronoun",NA,NA
"start","VVP","start",5,"verb","Verb, non-3rd person singular present",NA,NA
"with","IN","with",4,"preposition","Preposition or subordinating conjunction",NA,NA
"the","DT","the",3,"determiner","Determiner",NA,NA
"reader","NN","reader",6,"noun","Noun, singular or mass",NA,NA
".","SENT",".",1,"fullstop","Sentence ending punctuation",NA,NA
"scss","NP","Scss",4,"name","Proper noun, singular",NA,NA
"file","NN","file",4,"noun","Noun, singular or mass",NA,NA
".","SENT",".",1,"fullstop","Sentence ending punctuation",NA,NA
"To","TO","To",2,"to","to",NA,NA
"do","VV","do",2,"verb","Verb, base form",NA,NA
"list","NN","list",4,"noun","Noun, singular or mass",NA,NA
":","SENT",":",1,"fullstop","Sentence ending punctuation",NA,NA
"Fix","VV","fix",3,"verb","Verb, base form",NA,NA
"scrolling","VVG","scroll",9,"verb","Verb, gerund or present participle",NA,NA
"in","IN","in",2,"preposition","Preposition or subordinating conjunction",NA,NA
"Safari","NP","<unknown>",6,"name","Proper noun, singular",NA,NA
"Firefox","NP","<unknown>",7,"name","Proper noun, singular",NA,NA
"Fix","NP","Fix",3,"name","Proper noun, singular",NA,NA
"icons","NNS","icon",5,"noun","Noun, plural",NA,NA
"for","IN","for",3,"preposition","Preposition or subordinating conjunction",NA,NA
"retina","NN","retina",6,"noun","Noun, singular or mass",NA,NA
"currently","RB","currently",9,"adverb","Adverb",NA,NA
"the","DT","the",3,"determiner","Determiner",NA,NA
"icons","NNS","icon",5,"noun","Noun, plural",NA,NA
"are","VBP","be",3,"verb","Verb, non-3rd person singular present of ""to be""",NA,NA
"tweaked","VVN","tweak",7,"verb","Verb, past participle",NA,NA
"for","IN","for",3,"preposition","Preposition or subordinating conjunction",NA,NA
"non","JJ","non",3,"adjective","Adjective",NA,NA
"retina","NN","retina",6,"noun","Noun, singular or mass",NA,NA
"and","CC","and",3,"conjunction","Coordinating conjunction",NA,NA
"therefore","RB","therefore",9,"adverb","Adverb",NA,NA
"looks","VVZ","look",5,"verb","Verb, 3rd person singular present",NA,NA
"weird","JJ","weird",5,"adjective","Adjective",NA,NA
"on","IN","on",2,"preposition","Preposition or subordinating conjunction",NA,NA
"retina","NN","retina",6,"noun","Noun, singular or mass",NA,NA
"displays","NNS","display",8,"noun","Noun, plural",NA,NA
"Clean","JJ","clean",5,"adjective","Adjective",NA,NA
"up","IN","up",2,"preposition","Preposition or subordinating conjunction",NA,NA
"the","DT","the",3,"determiner","Determiner",NA,NA
"look","NN","look",4,"noun","Noun, singular or mass",NA,NA
"of","IN","of",2,"preposition","Preposition or subordinating conjunction",NA,NA
"the","DT","the",3,"determiner","Determiner",NA,NA
"Hot","NP","Hot",3,"name","Proper noun, singular",NA,NA
"list","NN","list",4,"noun","Noun, singular or mass",NA,NA
"Fix","NP","Fix",3,"name","Proper noun, singular",NA,NA
"Hot","NP","Hot",3,"name","Proper noun, singular",NA,NA
"list","NN","list",4,"noun","Noun, singular or mass",NA,NA
"menu","NN","menu",4,"noun","Noun, singular or mass",NA,NA
"item","NN","item",4,"noun","Noun, singular or mass",NA,NA
"Clean","NP","Clean",5,"name","Proper noun, singular",NA,NA
"up","RB","up",2,"adverb","Adverb",NA,NA
"and","CC","and",3,"conjunction","Coordinating conjunction",NA,NA
"sort","VV","sort",4,"verb","Verb, base form",NA,NA
"the","DT","the",3,"determiner","Determiner",NA,NA
"scss","NN","<unknown>",4,"noun","Noun, singular or mass",NA,NA
"more","RBR","more",4,"adverb","Adverb, comparative",NA,NA
".","SENT",".",1,"fullstop","Sentence ending punctuation",NA,NA
"Made","VVN","make",4,"verb","Verb, past participle",NA,NA
"by","IN","by",2,"preposition","Preposition or subordinating conjunction",NA,NA
"Marius","NP","Marius",6,"name","Proper noun, singular",NA,NA
"Hauken","NP","<unknown>",6,"name","Proper noun, singular",NA,NA
