"token","tag","lemma","lttr","wclass","desc","stop","stem"
"Usage","RB","Usage",5,"adverb","Adverb",NA,NA
"You","PP","you",3,"pronoun","Personal pronoun",NA,NA
"should","MD","should",6,"modal","Modal",NA,NA
"not","RB","not",3,"adverb","Adverb",NA,NA
"need","VV","need",4,"verb","Verb, base form",NA,NA
"to","TO","to",2,"to","to",NA,NA
"edit","VV","edit",4,"verb","Verb, base form",NA,NA
"PHRets","NP","<unknown>",6,"name","Proper noun, singular",NA,NA
"CREA","NP","Crea",4,"name","Proper noun, singular",NA,NA
".","SENT",".",1,"fullstop","Sentence ending punctuation",NA,NA
"php","NN","<unknown>",3,"noun","Noun, singular or mass",NA,NA
".","SENT",".",1,"fullstop","Sentence ending punctuation",NA,NA
"Open","JJ","open",4,"adjective","Adjective",NA,NA
"download","NN","<unknown>",8,"noun","Noun, singular or mass",NA,NA
".","SENT",".",1,"fullstop","Sentence ending punctuation",NA,NA
"php","NN","<unknown>",3,"noun","Noun, singular or mass",NA,NA
"Edit","NN","<unknown>",4,"noun","Noun, singular or mass",NA,NA
"in","IN","in",2,"preposition","Preposition or subordinating conjunction",NA,NA
"your","PP$","your",4,"pronoun","Possessive pronoun",NA,NA
"RETS","NP","<unknown>",4,"name","Proper noun, singular",NA,NA
"Username","NP","<unknown>",8,"name","Proper noun, singular",NA,NA
"and","CC","and",3,"conjunction","Coordinating conjunction",NA,NA
"RETS","NP","<unknown>",4,"name","Proper noun, singular",NA,NA
"Password","NP","<unknown>",8,"name","Proper noun, singular",NA,NA
".","SENT",".",1,"fullstop","Sentence ending punctuation",NA,NA
"Change","VV","change",6,"verb","Verb, base form",NA,NA
"TimeBackPull","NP","<unknown>",12,"name","Proper noun, singular",NA,NA
"to","TO","to",2,"to","to",NA,NA
"days","NNS","day",4,"noun","Noun, plural",NA,NA
"to","TO","to",2,"to","to",NA,NA
"only","RB","only",4,"adverb","Adverb",NA,NA
"receive","VV","receive",7,"verb","Verb, base form",NA,NA
"the","DT","the",3,"determiner","Determiner",NA,NA
"last","JJ","last",4,"adjective","Adjective",NA,NA
"hours","NNS","hour",5,"noun","Noun, plural",NA,NA
"worth","JJ","worth",5,"adjective","Adjective",NA,NA
"of","IN","of",2,"preposition","Preposition or subordinating conjunction",NA,NA
"data","NNS","datum",4,"noun","Noun, plural",NA,NA
"Run","VVG","<unknown>",3,"verb","Verb, gerund or present participle",NA,NA
"the","DT","the",3,"determiner","Determiner",NA,NA
"script","NN","script",6,"noun","Noun, singular or mass",NA,NA
"on","IN","on",2,"preposition","Preposition or subordinating conjunction",NA,NA
"your","PP$","your",4,"pronoun","Possessive pronoun",NA,NA
"server","NN","server",6,"noun","Noun, singular or mass",NA,NA
"command","NN","command",7,"noun","Noun, singular or mass",NA,NA
"line","NN","line",4,"noun","Noun, singular or mass",NA,NA
":","SENT",":",1,"fullstop","Sentence ending punctuation",NA,NA
"php","NN","<unknown>",3,"noun","Noun, singular or mass",NA,NA
"f","NN","f",1,"noun","Noun, singular or mass",NA,NA
"download","NN","<unknown>",8,"noun","Noun, singular or mass",NA,NA
".","SENT",".",1,"fullstop","Sentence ending punctuation",NA,NA
"php","NN","<unknown>",3,"noun","Noun, singular or mass",NA,NA
".","SENT",".",1,"fullstop","Sentence ending punctuation",NA,NA
"You","PP","you",3,"pronoun","Personal pronoun",NA,NA
"will","MD","will",4,"modal","Modal",NA,NA
"see","VV","see",3,"verb","Verb, base form",NA,NA
"the","DT","the",3,"determiner","Determiner",NA,NA
"script","NN","script",6,"noun","Noun, singular or mass",NA,NA
"find","VV","find",4,"verb","Verb, base form",NA,NA
"the","DT","the",3,"determiner","Determiner",NA,NA
"total","JJ","total",5,"adjective","Adjective",NA,NA
"listings","NNS","listing",8,"noun","Noun, plural",NA,NA
"and","CC","and",3,"conjunction","Coordinating conjunction",NA,NA
"begin","VV","begin",5,"verb","Verb, base form",NA,NA
"paging","VVG","page",6,"verb","Verb, gerund or present participle",NA,NA
"through","IN","through",7,"preposition","Preposition or subordinating conjunction",NA,NA
"results","NNS","result",7,"noun","Noun, plural",NA,NA
".","SENT",".",1,"fullstop","Sentence ending punctuation",NA,NA
"You","PP","you",3,"pronoun","Personal pronoun",NA,NA
"will","MD","will",4,"modal","Modal",NA,NA
"find","VV","find",4,"verb","Verb, base form",NA,NA
"TODO","NP","<unknown>",4,"name","Proper noun, singular",NA,NA
"markers","NNS","marker",7,"noun","Noun, plural",NA,NA
"where","WRB","where",5,"adverb","Wh-adverb",NA,NA
"you","PP","you",3,"pronoun","Personal pronoun",NA,NA
"need","VVP","need",4,"verb","Verb, non-3rd person singular present",NA,NA
"to","TO","to",2,"to","to",NA,NA
"add","VV","add",3,"verb","Verb, base form",NA,NA
"your","PP$","your",4,"pronoun","Possessive pronoun",NA,NA
"own","JJ","own",3,"adjective","Adjective",NA,NA
"code","NN","code",4,"noun","Noun, singular or mass",NA,NA
",",",",",",1,"comma","Comma",NA,NA
"handle","VV","handle",6,"verb","Verb, base form",NA,NA
"the","DT","the",3,"determiner","Determiner",NA,NA
"listing","NN","listing",7,"noun","Noun, singular or mass",NA,NA
"data","NNS","datum",4,"noun","Noun, plural",NA,NA
",",",",",",1,"comma","Comma",NA,NA
"etc","FW","etc",3,"foreign","Foreign word",NA,NA
".","SENT",".",1,"fullstop","Sentence ending punctuation",NA,NA
"Credits","VVZ","credit",7,"verb","Verb, 3rd person singular present",NA,NA
"The","DT","the",3,"determiner","Determiner",NA,NA
"Real","NP","Real",4,"name","Proper noun, singular",NA,NA
"Estate","NP","Estate",6,"name","Proper noun, singular",NA,NA
"Transaction","NP","<unknown>",11,"name","Proper noun, singular",NA,NA
"Standard","NP","Standard",8,"name","Proper noun, singular",NA,NA
"PHRets","NP","<unknown>",6,"name","Proper noun, singular",NA,NA
"developed","VVD","develop",9,"verb","Verb, past tense",NA,NA
"by","IN","by",2,"preposition","Preposition or subordinating conjunction",NA,NA
"Troy","NP","Troy",4,"name","Proper noun, singular",NA,NA
"Davisson","NP","Davisson",8,"name","Proper noun, singular",NA,NA
".","SENT",".",1,"fullstop","Sentence ending punctuation",NA,NA
"Thanks","NNS","Thank",6,"noun","Noun, plural",NA,NA
"Thanks","NNS","Thank",6,"noun","Noun, plural",NA,NA
"to","TO","to",2,"to","to",NA,NA
"Jason","NP","Jason",5,"name","Proper noun, singular",NA,NA
"Graham","NP","Graham",6,"name","Proper noun, singular",NA,NA
"for","IN","for",3,"preposition","Preposition or subordinating conjunction",NA,NA
"providing","VVG","provide",9,"verb","Verb, gerund or present participle",NA,NA
"support","NN","support",7,"noun","Noun, singular or mass",NA,NA
"on","IN","on",2,"preposition","Preposition or subordinating conjunction",NA,NA
"behalf","NN","behalf",6,"noun","Noun, singular or mass",NA,NA
"of","IN","of",2,"preposition","Preposition or subordinating conjunction",NA,NA
"CREA","NP","Crea",4,"name","Proper noun, singular",NA,NA
".","SENT",".",1,"fullstop","Sentence ending punctuation",NA,NA
