"token","tag","lemma","lttr","wclass","desc","stop","stem"
"Vivienda","NP","<unknown>",8,"name","Proper noun, singular",NA,NA
"iOS","NP","<unknown>",3,"name","Proper noun, singular",NA,NA
"App","NP","App",3,"name","Proper noun, singular",NA,NA
"for","IN","for",3,"preposition","Preposition or subordinating conjunction",NA,NA
"viewing","VVG","view",7,"verb","Verb, gerund or present participle",NA,NA
"real","JJ","real",4,"adjective","Adjective",NA,NA
"estate","NN","estate",6,"noun","Noun, singular or mass",NA,NA
"project","NN","project",7,"noun","Noun, singular or mass",NA,NA
"only","RB","only",4,"adverb","Adverb",NA,NA
"in","IN","in",2,"preposition","Preposition or subordinating conjunction",NA,NA
"Colombia","NP","Colombia",8,"name","Proper noun, singular",NA,NA
".","SENT",".",1,"fullstop","Sentence ending punctuation",NA,NA
