"token","tag","lemma","lttr","wclass","desc","stop","stem"
"Real","JJ","real",4,"adjective","Adjective",NA,NA
"Estate","NP","Estate",6,"name","Proper noun, singular",NA,NA
"Ecommerce","NP","<unknown>",9,"name","Proper noun, singular",NA,NA
"Store","NP","Store",5,"name","Proper noun, singular",NA,NA
"A","NP","A",1,"name","Proper noun, singular",NA,NA
"Full","NP","Full",4,"name","Proper noun, singular",NA,NA
"Stack","NP","Stack",5,"name","Proper noun, singular",NA,NA
"Ecommerce","NP","<unknown>",9,"name","Proper noun, singular",NA,NA
"Platform","NN","platform",8,"noun","Noun, singular or mass",NA,NA
"built","VVN","build",5,"verb","Verb, past participle",NA,NA
"for","IN","for",3,"preposition","Preposition or subordinating conjunction",NA,NA
"the","DT","the",3,"determiner","Determiner",NA,NA
"exchange","NN","exchange",8,"noun","Noun, singular or mass",NA,NA
"of","IN","of",2,"preposition","Preposition or subordinating conjunction",NA,NA
"Commercial","NP","Commercial",10,"name","Proper noun, singular",NA,NA
"Real","NP","Real",4,"name","Proper noun, singular",NA,NA
"Estate","NP","Estate",6,"name","Proper noun, singular",NA,NA
".","SENT",".",1,"fullstop","Sentence ending punctuation",NA,NA
"Deployed","VVN","deploy",8,"verb","Verb, past participle",NA,NA
"at","IN","at",2,"preposition","Preposition or subordinating conjunction",NA,NA
"Features","NP","<unknown>",8,"name","Proper noun, singular",NA,NA
"Properties","NPS","Properties",10,"name","Proper noun, plural",NA,NA
"search","NN","search",6,"noun","Noun, singular or mass",NA,NA
"and","CC","and",3,"conjunction","Coordinating conjunction",NA,NA
"filtering","VVG","filter",9,"verb","Verb, gerund or present participle",NA,NA
"by","IN","by",2,"preposition","Preposition or subordinating conjunction",NA,NA
"categories","NNS","category",10,"noun","Noun, plural",NA,NA
"and","CC","and",3,"conjunction","Coordinating conjunction",NA,NA
"location","NN","location",8,"noun","Noun, singular or mass",NA,NA
"Google","NP","<unknown>",6,"name","Proper noun, singular",NA,NA
"Maps","NP","<unknown>",4,"name","Proper noun, singular",NA,NA
"API","NP","API",3,"name","Proper noun, singular",NA,NA
"Integration","NP","Integration",11,"name","Proper noun, singular",NA,NA
"Individual","NP","Individual",10,"name","Proper noun, singular",NA,NA
"property","NN","property",8,"noun","Noun, singular or mass",NA,NA
"listings","NNS","listing",8,"noun","Noun, plural",NA,NA
"with","IN","with",4,"preposition","Preposition or subordinating conjunction",NA,NA
"building","NN","building",8,"noun","Noun, singular or mass",NA,NA
"details","NNS","detail",7,"noun","Noun, plural",NA,NA
"and","CC","and",3,"conjunction","Coordinating conjunction",NA,NA
"customer","NN","customer",8,"noun","Noun, singular or mass",NA,NA
"reviews","NNS","review",7,"noun","Noun, plural",NA,NA
"User","NP","User",4,"name","Proper noun, singular",NA,NA
"and","CC","and",3,"conjunction","Coordinating conjunction",NA,NA
"Account","NP","Account",7,"name","Proper noun, singular",NA,NA
"management","NN","management",10,"noun","Noun, singular or mass",NA,NA
"login","NN","<unknown>",5,"noun","Noun, singular or mass",NA,NA
"sign","NN","sign",4,"noun","Noun, singular or mass",NA,NA
"up","RB","up",2,"adverb","Adverb",NA,NA
"and","CC","and",3,"conjunction","Coordinating conjunction",NA,NA
"persistent","JJ","persistent",10,"adjective","Adjective",NA,NA
"session","NN","session",7,"noun","Noun, singular or mass",NA,NA
"storage","NN","storage",7,"noun","Noun, singular or mass",NA,NA
"OAuth","NP","<unknown>",5,"name","Proper noun, singular",NA,NA
"login","NP","<unknown>",5,"name","Proper noun, singular",NA,NA
"Facebook","NP","<unknown>",8,"name","Proper noun, singular",NA,NA
",",",",",",1,"comma","Comma",NA,NA
"Google","NP","<unknown>",6,"name","Proper noun, singular",NA,NA
"and","CC","and",3,"conjunction","Coordinating conjunction",NA,NA
"Twitter","NP","<unknown>",7,"name","Proper noun, singular",NA,NA
"Admin","NP","Admin",5,"name","Proper noun, singular",NA,NA
"panel","NN","panel",5,"noun","Noun, singular or mass",NA,NA
"for","IN","for",3,"preposition","Preposition or subordinating conjunction",NA,NA
"managing","VVG","manage",8,"verb","Verb, gerund or present participle",NA,NA
"properties","NNS","property",10,"noun","Noun, plural",NA,NA
",",",",",",1,"comma","Comma",NA,NA
"orders","NNS","order",6,"noun","Noun, plural",NA,NA
",",",",",",1,"comma","Comma",NA,NA
"reviews","NNS","review",7,"noun","Noun, plural",NA,NA
"and","CC","and",3,"conjunction","Coordinating conjunction",NA,NA
"user","NN","user",4,"noun","Noun, singular or mass",NA,NA
"privileges","NNS","privilege",10,"noun","Noun, plural",NA,NA
"Cart","NP","Cart",4,"name","Proper noun, singular",NA,NA
"checkout","NN","checkout",8,"noun","Noun, singular or mass",NA,NA
"with","IN","with",4,"preposition","Preposition or subordinating conjunction",NA,NA
"integrated","JJ","integrated",10,"adjective","Adjective",NA,NA
"Stripe","NN","stripe",6,"noun","Noun, singular or mass",NA,NA
"payment","NN","payment",7,"noun","Noun, singular or mass",NA,NA
"Technologies","NP","Technologies",12,"name","Proper noun, singular",NA,NA
"Used","NP","<unknown>",4,"name","Proper noun, singular",NA,NA
"Node","NP","Node",4,"name","Proper noun, singular",NA,NA
".","SENT",".",1,"fullstop","Sentence ending punctuation",NA,NA
"js","NP","<unknown>",2,"name","Proper noun, singular",NA,NA
"AngularJS","NP","<unknown>",9,"name","Proper noun, singular",NA,NA
"Express","NP","Express",7,"name","Proper noun, singular",NA,NA
"Sequelize","NP","<unknown>",9,"name","Proper noun, singular",NA,NA
"PostgreSQL","NP","<unknown>",10,"name","Proper noun, singular",NA,NA
"Passport","NP","<unknown>",8,"name","Proper noun, singular",NA,NA
".","SENT",".",1,"fullstop","Sentence ending punctuation",NA,NA
"js","NP","<unknown>",2,"name","Proper noun, singular",NA,NA
"Express","NP","Express",7,"name","Proper noun, singular",NA,NA
"Sessions","NP","Sessions",8,"name","Proper noun, singular",NA,NA
"Bootstrap","NP","<unknown>",9,"name","Proper noun, singular",NA,NA
"Gulp","NP","<unknown>",4,"name","Proper noun, singular",NA,NA
"Nodemailer","NP","<unknown>",10,"name","Proper noun, singular",NA,NA
