"token","tag","lemma","lttr","wclass","desc","stop","stem"
"listing","VVG","list",7,"verb","Verb, gerund or present participle",NA,NA
"panda","NN","panda",5,"noun","Noun, singular or mass",NA,NA
"helping","VVG","help",7,"verb","Verb, gerund or present participle",NA,NA
"real","JJ","real",4,"adjective","Adjective",NA,NA
"estate","NN","estate",6,"noun","Noun, singular or mass",NA,NA
"agents","NNS","agent",6,"noun","Noun, plural",NA,NA
"fix","VV","fix",3,"verb","Verb, base form",NA,NA
"the","DT","the",3,"determiner","Determiner",NA,NA
"home","NN","home",4,"noun","Noun, singular or mass",NA,NA
"buying","VVG","buy",6,"verb","Verb, gerund or present participle",NA,NA
"experience","NN","experience",10,"noun","Noun, singular or mass",NA,NA
