"token","tag","lemma","lttr","wclass","desc","stop","stem"
"beaver","NN","beaver",6,"noun","Noun, singular or mass",NA,NA
"Attempt","NNS","<unknown>",7,"noun","Noun, plural",NA,NA
"to","TO","to",2,"to","to",NA,NA
"visualize","VV","visualize",9,"verb","Verb, base form",NA,NA
"and","CC","and",3,"conjunction","Coordinating conjunction",NA,NA
"analyze","VV","analyze",7,"verb","Verb, base form",NA,NA
"real","JJ","real",4,"adjective","Adjective",NA,NA
"estate","NN","estate",6,"noun","Noun, singular or mass",NA,NA
"auctions","NNS","auction",8,"noun","Noun, plural",NA,NA
"held","VVN","hold",4,"verb","Verb, past participle",NA,NA
"by","IN","by",2,"preposition","Preposition or subordinating conjunction",NA,NA
"government","NN","government",10,"noun","Noun, singular or mass",NA,NA
"in","IN","in",2,"preposition","Preposition or subordinating conjunction",NA,NA
"Belarus","NP","Belarus",7,"name","Proper noun, singular",NA,NA
