"token","tag","lemma","lttr","wclass","desc","stop","stem"
"Files","NNS","file",5,"noun","Noun, plural",NA,NA
"for","IN","for",3,"preposition","Preposition or subordinating conjunction",NA,NA
"the","DT","the",3,"determiner","Determiner",NA,NA
"Killington","NP","Killington",10,"name","Proper noun, singular",NA,NA
"Valley","NP","Valley",6,"name","Proper noun, singular",NA,NA
"Real","NP","Real",4,"name","Proper noun, singular",NA,NA
"Estate","NP","Estate",6,"name","Proper noun, singular",NA,NA
"site","NN","site",4,"noun","Noun, singular or mass",NA,NA
