"token","tag","lemma","lttr","wclass","desc","stop","stem"
"RealEstate","VV","realestate",10,"verb","Verb, base form",NA,NA
"this","DT","this",4,"determiner","Determiner",NA,NA
"is","VBZ","be",2,"verb","Verb, 3rd person singular present of ""to be""",NA,NA
"just","RB","just",4,"adverb","Adverb",NA,NA
"a","DT","a",1,"determiner","Determiner",NA,NA
"simple","JJ","simple",6,"adjective","Adjective",NA,NA
"real","JJ","real",4,"adjective","Adjective",NA,NA
"estate","NN","estate",6,"noun","Noun, singular or mass",NA,NA
"website","NN","website",7,"noun","Noun, singular or mass",NA,NA
"for","IN","for",3,"preposition","Preposition or subordinating conjunction",NA,NA
"practice","NN","practice",8,"noun","Noun, singular or mass",NA,NA
