"token","tag","lemma","lttr","wclass","desc","stop","stem"
"Real","NP","Real",4,"name","Proper noun, singular",NA,NA
"Estate","NP","Estate",6,"name","Proper noun, singular",NA,NA
"find","VV","find",4,"verb","Verb, base form",NA,NA
",",",",",",1,"comma","Comma",NA,NA
"buy","VV","buy",3,"verb","Verb, base form",NA,NA
",",",",",",1,"comma","Comma",NA,NA
"and","CC","and",3,"conjunction","Coordinating conjunction",NA,NA
"price","NN","price",5,"noun","Noun, singular or mass",NA,NA
"homes","NNS","home",5,"noun","Noun, plural",NA,NA
"and","CC","and",3,"conjunction","Coordinating conjunction",NA,NA
"commercial","JJ","commercial",10,"adjective","Adjective",NA,NA
"properties","NNS","property",10,"noun","Noun, plural",NA,NA
"in","IN","in",2,"preposition","Preposition or subordinating conjunction",NA,NA
"Kenya","NP","Kenya",5,"name","Proper noun, singular",NA,NA
