"token","tag","lemma","lttr","wclass","desc","stop","stem"
"housing","NN","housing",7,"noun","Noun, singular or mass",NA,NA
"prices","NNS","price",6,"noun","Noun, plural",NA,NA
"forecast","VVP","forecast",8,"verb","Verb, non-3rd person singular present",NA,NA
"A","DT","a",1,"determiner","Determiner",NA,NA
"bayesian","JJ","<unknown>",8,"adjective","Adjective",NA,NA
"approach","NN","approach",8,"noun","Noun, singular or mass",NA,NA
"to","TO","to",2,"to","to",NA,NA
"forecasting","VVG","forecast",11,"verb","Verb, gerund or present participle",NA,NA
"residential","JJ","residential",11,"adjective","Adjective",NA,NA
"real","JJ","real",4,"adjective","Adjective",NA,NA
"estate","NN","estate",6,"noun","Noun, singular or mass",NA,NA
"prices","NNS","price",6,"noun","Noun, plural",NA,NA
".","SENT",".",1,"fullstop","Sentence ending punctuation",NA,NA
