"token","tag","lemma","lttr","wclass","desc","stop","stem"
"bowenPropOpps","NP","<unknown>",13,"name","Proper noun, singular",NA,NA
"Simple","NP","<unknown>",6,"name","Proper noun, singular",NA,NA
"website","NN","website",7,"noun","Noun, singular or mass",NA,NA
"for","IN","for",3,"preposition","Preposition or subordinating conjunction",NA,NA
"real","JJ","real",4,"adjective","Adjective",NA,NA
"estate","NN","estate",6,"noun","Noun, singular or mass",NA,NA
"investor","NN","investor",8,"noun","Noun, singular or mass",NA,NA
"I","PP","I",1,"pronoun","Personal pronoun",NA,NA
"removed","VVD","remove",7,"verb","Verb, past tense",NA,NA
"all","PDT","all",3,"predeterminer","Predeterminer",NA,NA
"the","DT","the",3,"determiner","Determiner",NA,NA
"oAuth","NP","<unknown>",5,"name","Proper noun, singular",NA,NA
"Generator","NP","Generator",9,"name","Proper noun, singular",NA,NA
"info","NN","info",4,"noun","Noun, singular or mass",NA,NA
