"token","tag","lemma","lttr","wclass","desc","stop","stem"
"Elixir","NN","elixir",6,"noun","Noun, singular or mass",NA,NA
"Companies","NNS","company",9,"noun","Noun, plural",NA,NA
"Build","NP","<unknown>",5,"name","Proper noun, singular",NA,NA
"Status","NP","<unknown>",6,"name","Proper noun, singular",NA,NA
"A","NP","A",1,"name","Proper noun, singular",NA,NA
"curated","VVD","curate",7,"verb","Verb, past tense",NA,NA
"list","NN","list",4,"noun","Noun, singular or mass",NA,NA
"of","IN","of",2,"preposition","Preposition or subordinating conjunction",NA,NA
"companies","NNS","company",9,"noun","Noun, plural",NA,NA
"using","VVG","use",5,"verb","Verb, gerund or present participle",NA,NA
"Elixir","NP","<unknown>",6,"name","Proper noun, singular",NA,NA
"in","IN","in",2,"preposition","Preposition or subordinating conjunction",NA,NA
"production","NN","production",10,"noun","Noun, singular or mass",NA,NA
",",",",",",1,"comma","Comma",NA,NA
"organized","VVN","organize",9,"verb","Verb, past participle",NA,NA
"by","IN","by",2,"preposition","Preposition or subordinating conjunction",NA,NA
"industry","NN","industry",8,"noun","Noun, singular or mass",NA,NA
".","SENT",".",1,"fullstop","Sentence ending punctuation",NA,NA
"Business","NP","Business",8,"name","Proper noun, singular",NA,NA
"Intelligence","NP","Intelligence",12,"name","Proper noun, singular",NA,NA
"Aircloak","NP","<unknown>",8,"name","Proper noun, singular",NA,NA
"Collaboration","NP","<unknown>",13,"name","Proper noun, singular",NA,NA
"Canvas","NP","<unknown>",6,"name","Proper noun, singular",NA,NA
"Consulting","NP","Consulting",10,"name","Proper noun, singular",NA,NA
"Agilion","NP","<unknown>",7,"name","Proper noun, singular",NA,NA
"AmberBit","NP","<unknown>",8,"name","Proper noun, singular",NA,NA
"AppUnite","NP","<unknown>",8,"name","Proper noun, singular",NA,NA
"Big","NP","Big",3,"name","Proper noun, singular",NA,NA
"Nerd","NN","Nerd",4,"noun","Noun, singular or mass",NA,NA
"Ranch","NP","Ranch",5,"name","Proper noun, singular",NA,NA
"bitcrowd","NN","<unknown>",8,"noun","Noun, singular or mass",NA,NA
"Bitgamma","NP","<unknown>",8,"name","Proper noun, singular",NA,NA
"Carbon","NP","Carbon",6,"name","Proper noun, singular",NA,NA
"Five","CD","Five",4,"number","Cardinal number",NA,NA
"CivilCode","NP","<unknown>",9,"name","Proper noun, singular",NA,NA
"Cobenian","NP","<unknown>",8,"name","Proper noun, singular",NA,NA
"Coders","NP","<unknown>",6,"name","Proper noun, singular",NA,NA
"code","NN","code",4,"noun","Noun, singular or mass",NA,NA
"lever","NN","lever",5,"noun","Noun, singular or mass",NA,NA
"Cultivate","NP","<unknown>",9,"name","Proper noun, singular",NA,NA
"Diacode","NP","<unknown>",7,"name","Proper noun, singular",NA,NA
"Diatom","NP","<unknown>",6,"name","Proper noun, singular",NA,NA
"Enterprises","NPS","Enterprises",11,"name","Proper noun, plural",NA,NA
"Digital","NP","Digital",7,"name","Proper noun, singular",NA,NA
"Natives","NP","<unknown>",7,"name","Proper noun, singular",NA,NA
"Budapest","NP","Budapest",8,"name","Proper noun, singular",NA,NA
"DockYard","NP","<unknown>",8,"name","Proper noun, singular",NA,NA
"Dynamo","NP","<unknown>",6,"name","Proper noun, singular",NA,NA
"EL","NP","El",2,"name","Proper noun, singular",NA,NA
"Passion","NP","Passion",7,"name","Proper noun, singular",NA,NA
"Erlang","NP","<unknown>",6,"name","Proper noun, singular",NA,NA
"Solutions","NNS","solution",9,"noun","Noun, plural",NA,NA
"Fully","RB","fully",5,"adverb","Adverb",NA,NA
"Forged","VVD","forge",6,"verb","Verb, past tense",NA,NA
"Gaslight","NP","<unknown>",8,"name","Proper noun, singular",NA,NA
"Govannon","NP","<unknown>",8,"name","Proper noun, singular",NA,NA
"Hashrocket","NP","<unknown>",10,"name","Proper noun, singular",NA,NA
"We","PP","we",2,"pronoun","Personal pronoun",NA,NA
"specialize","VVP","specialize",10,"verb","Verb, non-3rd person singular present",NA,NA
"in","IN","in",2,"preposition","Preposition or subordinating conjunction",NA,NA
"Ruby","NP","Ruby",4,"name","Proper noun, singular",NA,NA
"on","IN","on",2,"preposition","Preposition or subordinating conjunction",NA,NA
"Rails","NP","<unknown>",5,"name","Proper noun, singular",NA,NA
",",",",",",1,"comma","Comma",NA,NA
"Ember","NP","<unknown>",5,"name","Proper noun, singular",NA,NA
",",",",",",1,"comma","Comma",NA,NA
"Elixir","NP","<unknown>",6,"name","Proper noun, singular",NA,NA
",",",",",",1,"comma","Comma",NA,NA
"Phoenix","NP","Phoenix",7,"name","Proper noun, singular",NA,NA
"and","CC","and",3,"conjunction","Coordinating conjunction",NA,NA
"mobile","JJ","mobile",6,"adjective","Adjective",NA,NA
".","SENT",".",1,"fullstop","Sentence ending punctuation",NA,NA
"We","PP","we",2,"pronoun","Personal pronoun",NA,NA
"offer","VVP","offer",5,"verb","Verb, non-3rd person singular present",NA,NA
"consulting","NN","consulting",10,"noun","Noun, singular or mass",NA,NA
",",",",",",1,"comma","Comma",NA,NA
"design","NN","design",6,"noun","Noun, singular or mass",NA,NA
",",",",",",1,"comma","Comma",NA,NA
"development","NN","development",11,"noun","Noun, singular or mass",NA,NA
",",",",",",1,"comma","Comma",NA,NA
"identity","NN","identity",8,"noun","Noun, singular or mass",NA,NA
"and","CC","and",3,"conjunction","Coordinating conjunction",NA,NA
"training","NN","training",8,"noun","Noun, singular or mass",NA,NA
"services","NNS","service",8,"noun","Noun, plural",NA,NA
".","SENT",".",1,"fullstop","Sentence ending punctuation",NA,NA
"Icicle","NN","icicle",6,"noun","Noun, singular or mass",NA,NA
"Technologies","NP","Technologies",12,"name","Proper noun, singular",NA,NA
"Infinte","NP","<unknown>",7,"name","Proper noun, singular",NA,NA
"Red","NP","Red",3,"name","Proper noun, singular",NA,NA
"Isotope","NP","<unknown>",7,"name","Proper noun, singular",NA,NA
"Isnor","NP","<unknown>",5,"name","Proper noun, singular",NA,NA
"Creative","NP","Creative",8,"name","Proper noun, singular",NA,NA
"Kabisa","NP","<unknown>",6,"name","Proper noun, singular",NA,NA
"Lab","NP","Lab",3,"name","Proper noun, singular",NA,NA
"Zero","NP","Zero",4,"name","Proper noun, singular",NA,NA
"Made","NP","Made",4,"name","Proper noun, singular",NA,NA
"by","IN","by",2,"preposition","Preposition or subordinating conjunction",NA,NA
"Many","JJ","many",4,"adjective","Adjective",NA,NA
"Mirego","NP","<unknown>",6,"name","Proper noun, singular",NA,NA
"Neon","NP","Neon",4,"name","Proper noun, singular",NA,NA
"Tree","NP","<unknown>",4,"name","Proper noun, singular",NA,NA
"Solutions","NP","<unknown>",9,"name","Proper noun, singular",NA,NA
"Plataformatec","NP","<unknown>",13,"name","Proper noun, singular",NA,NA
"Prograils","NP","<unknown>",9,"name","Proper noun, singular",NA,NA
"Progress","NP","Progress",8,"name","Proper noun, singular",NA,NA
"Engine","NP","Engine",6,"name","Proper noun, singular",NA,NA
"PromptWorks","NP","<unknown>",11,"name","Proper noun, singular",NA,NA
"Red","NP","Red",3,"name","Proper noun, singular",NA,NA
"Panthers","NP","<unknown>",8,"name","Proper noun, singular",NA,NA
"RokkinCat","NP","<unknown>",9,"name","Proper noun, singular",NA,NA
"Substantial","NP","<unknown>",11,"name","Proper noun, singular",NA,NA
"GitHub","NP","<unknown>",6,"name","Proper noun, singular",NA,NA
"thoughtbot","NN","<unknown>",10,"noun","Noun, singular or mass",NA,NA
"toy","NN","toy",3,"noun","Noun, singular or mass",NA,NA
"rocket","NN","rocket",6,"noun","Noun, singular or mass",NA,NA
"science","NN","science",7,"noun","Noun, singular or mass",NA,NA
"Vinsol","NP","<unknown>",6,"name","Proper noun, singular",NA,NA
"wemake","NN","<unknown>",6,"noun","Noun, singular or mass",NA,NA
".","SENT",".",1,"fullstop","Sentence ending punctuation",NA,NA
"services","NNS","service",8,"noun","Noun, plural",NA,NA
"woumedia","NN","<unknown>",8,"noun","Noun, singular or mass",NA,NA
"Communication","NP","Communication",13,"name","Proper noun, singular",NA,NA
"Badger","NP","Badger",6,"name","Proper noun, singular",NA,NA
"CrankWheel","NP","<unknown>",10,"name","Proper noun, singular",NA,NA
"Discord","NP","<unknown>",7,"name","Proper noun, singular",NA,NA
"E","NP","E",1,"name","Proper noun, singular",NA,NA
"MetroTel","NP","<unknown>",8,"name","Proper noun, singular",NA,NA
"Flow","NP","Flow",4,"name","Proper noun, singular",NA,NA
"Fred","NP","Fred",4,"name","Proper noun, singular",NA,NA
"Mainframe","NP","<unknown>",9,"name","Proper noun, singular",NA,NA
"ProcessOne","NP","<unknown>",10,"name","Proper noun, singular",NA,NA
"Pypestream","NP","<unknown>",10,"name","Proper noun, singular",NA,NA
"Talkdesk","NP","<unknown>",8,"name","Proper noun, singular",NA,NA
"VoiceLayer","NP","<unknown>",10,"name","Proper noun, singular",NA,NA
"Customer","NP","<unknown>",8,"name","Proper noun, singular",NA,NA
"Service","NP","Service",7,"name","Proper noun, singular",NA,NA
"HiOperator","NP","<unknown>",10,"name","Proper noun, singular",NA,NA
"Developers","NP","Developers",10,"name","Proper noun, singular",NA,NA
"GitMonitor","NP","<unknown>",10,"name","Proper noun, singular",NA,NA
"Timber","NP","Timber",6,"name","Proper noun, singular",NA,NA
"Enterprise","NP","Enterprise",10,"name","Proper noun, singular",NA,NA
"Lexmark","NP","<unknown>",7,"name","Proper noun, singular",NA,NA
"Puppet","NP","<unknown>",6,"name","Proper noun, singular",NA,NA
"Labs","NP","Labs",4,"name","Proper noun, singular",NA,NA
"Stampery","NP","<unknown>",8,"name","Proper noun, singular",NA,NA
"E","NP","E",1,"name","Proper noun, singular",NA,NA
"Commerce","NP","Commerce",8,"name","Proper noun, singular",NA,NA
"Packlane","NP","<unknown>",8,"name","Proper noun, singular",NA,NA
"The","DT","the",3,"determiner","Determiner",NA,NA
"RealReal","NP","<unknown>",8,"name","Proper noun, singular",NA,NA
"RevZilla","NP","<unknown>",8,"name","Proper noun, singular",NA,NA
"Motorsports","NP","<unknown>",11,"name","Proper noun, singular",NA,NA
"Education","NP","Education",9,"name","Proper noun, singular",NA,NA
"Blake","NP","Blake",5,"name","Proper noun, singular",NA,NA
"eLearning","NP","<unknown>",9,"name","Proper noun, singular",NA,NA
"Grasp","NP","<unknown>",5,"name","Proper noun, singular",NA,NA
"Energy","NP","Energy",6,"name","Proper noun, singular",NA,NA
"Brighterlink","NP","<unknown>",12,"name","Proper noun, singular",NA,NA
"Expert","NP","<unknown>",6,"name","Proper noun, singular",NA,NA
"Networks","NPS","Networks",8,"name","Proper noun, plural",NA,NA
"AlphaSights","NP","<unknown>",11,"name","Proper noun, singular",NA,NA
"Fintech","NP","<unknown>",7,"name","Proper noun, singular",NA,NA
"Kittysplit","NP","<unknown>",10,"name","Proper noun, singular",NA,NA
"Gaming","NP","<unknown>",6,"name","Proper noun, singular",NA,NA
"cans","NNS","can",4,"noun","Noun, plural",NA,NA
"Bold","NP","Bold",4,"name","Proper noun, singular",NA,NA
"Poker","NP","<unknown>",5,"name","Proper noun, singular",NA,NA
"Emagroup","NP","<unknown>",8,"name","Proper noun, singular",NA,NA
"Undead","NP","<unknown>",6,"name","Proper noun, singular",NA,NA
"Labs","NP","Labs",4,"name","Proper noun, singular",NA,NA
"Government","NP","Government",10,"name","Proper noun, singular",NA,NA
"Seneca","NP","Seneca",6,"name","Proper noun, singular",NA,NA
"Systems","NPS","Systems",7,"name","Proper noun, plural",NA,NA
"Healthcare","NP","Healthcare",10,"name","Proper noun, singular",NA,NA
"My","NP","My",2,"name","Proper noun, singular",NA,NA
"Meds","NP","<unknown>",4,"name","Proper noun, singular",NA,NA
"Me","NP","Me",2,"name","Proper noun, singular",NA,NA
"Pet","NP","Pet",3,"name","Proper noun, singular",NA,NA
"Partners","NPS","Partners",8,"name","Proper noun, plural",NA,NA
"WellMatch","NP","<unknown>",9,"name","Proper noun, singular",NA,NA
"Human","NP","Human",5,"name","Proper noun, singular",NA,NA
"Resources","NPS","Resources",9,"name","Proper noun, plural",NA,NA
"Xerpa","NP","<unknown>",5,"name","Proper noun, singular",NA,NA
"Identity","NP","<unknown>",8,"name","Proper noun, singular",NA,NA
"ShoCard","NP","<unknown>",7,"name","Proper noun, singular",NA,NA
"Insurance","NP","Insurance",9,"name","Proper noun, singular",NA,NA
"prima","JJ","prima",5,"adjective","Adjective",NA,NA
".","SENT",".",1,"fullstop","Sentence ending punctuation",NA,NA
"it","PP","it",2,"pronoun","Personal pronoun",NA,NA
"Internet","NN","Internet",8,"noun","Noun, singular or mass",NA,NA
"of","IN","of",2,"preposition","Preposition or subordinating conjunction",NA,NA
"Things","NNS","thing",6,"noun","Noun, plural",NA,NA
"DIGIMONDO","NP","<unknown>",9,"name","Proper noun, singular",NA,NA
"Marketplaces","NP","<unknown>",12,"name","Proper noun, singular",NA,NA
"askCharlie","NP","<unknown>",10,"name","Proper noun, singular",NA,NA
"SeekPanda","NP","<unknown>",9,"name","Proper noun, singular",NA,NA
"Storefront","NP","<unknown>",10,"name","Proper noun, singular",NA,NA
"Teachers","NP","Teachers",8,"name","Proper noun, singular",NA,NA
"Pay","NP","Pay",3,"name","Proper noun, singular",NA,NA
"Teachers","NP","Teachers",8,"name","Proper noun, singular",NA,NA
"Market","NP","Market",6,"name","Proper noun, singular",NA,NA
"Research","NP","Research",8,"name","Proper noun, singular",NA,NA
"icanmakeitbetter","NN","<unknown>",16,"noun","Noun, singular or mass",NA,NA
"Navigation","NP","Navigation",10,"name","Proper noun, singular",NA,NA
"Rose","NP","Rose",4,"name","Proper noun, singular",NA,NA
"Point","NP","Point",5,"name","Proper noun, singular",NA,NA
"Navigation","NP","Navigation",10,"name","Proper noun, singular",NA,NA
"Systems","NP","Systems",7,"name","Proper noun, singular",NA,NA
"Non","JJ","Non",3,"adjective","Adjective",NA,NA
"profit","NN","profit",6,"noun","Noun, singular or mass",NA,NA
"Organization","NP","Organization",12,"name","Proper noun, singular",NA,NA
"Everyday","NP","<unknown>",8,"name","Proper noun, singular",NA,NA
"Hero","NP","<unknown>",4,"name","Proper noun, singular",NA,NA
"Online","NP","<unknown>",6,"name","Proper noun, singular",NA,NA
"Marketing","NP","Marketing",9,"name","Proper noun, singular",NA,NA
"GrowthPup","NP","<unknown>",9,"name","Proper noun, singular",NA,NA
"LookBookHQ","NP","<unknown>",10,"name","Proper noun, singular",NA,NA
"Moz","NP","<unknown>",3,"name","Proper noun, singular",NA,NA
"Radio","NP","Radio",5,"name","Proper noun, singular",NA,NA
"CKDU","NP","<unknown>",4,"name","Proper noun, singular",NA,NA
".","SENT",".",1,"fullstop","Sentence ending punctuation",NA,NA
"FM","NP","FM",2,"name","Proper noun, singular",NA,NA
"Real","NP","Real",4,"name","Proper noun, singular",NA,NA
"Estate","NP","Estate",6,"name","Proper noun, singular",NA,NA
"Housing","NP","Housing",7,"name","Proper noun, singular",NA,NA
"Opendoor","NP","<unknown>",8,"name","Proper noun, singular",NA,NA
"Research","NP","Research",8,"name","Proper noun, singular",NA,NA
"nextjournal","JJ","<unknown>",11,"adjective","Adjective",NA,NA
"Hotel","NP","Hotel",5,"name","Proper noun, singular",NA,NA
"Aggregator","NP","<unknown>",10,"name","Proper noun, singular",NA,NA
"Oyorooms","NP","<unknown>",8,"name","Proper noun, singular",NA,NA
"Security","NP","Security",8,"name","Proper noun, singular",NA,NA
"Tinfoil","NP","<unknown>",7,"name","Proper noun, singular",NA,NA
"Security","NP","Security",8,"name","Proper noun, singular",NA,NA
"Wombat","NP","<unknown>",6,"name","Proper noun, singular",NA,NA
"Security","NP","Security",8,"name","Proper noun, singular",NA,NA
"Technologies","NPS","Technologies",12,"name","Proper noun, plural",NA,NA
"Sensors","NP","<unknown>",7,"name","Proper noun, singular",NA,NA
"CargoSense","NP","<unknown>",10,"name","Proper noun, singular",NA,NA
"Senseware","NP","<unknown>",9,"name","Proper noun, singular",NA,NA
"Social","NP","Social",6,"name","Proper noun, singular",NA,NA
"Good","NP","Good",4,"name","Proper noun, singular",NA,NA
"Code","NP","Code",4,"name","Proper noun, singular",NA,NA
"Corps","NP","Corps",5,"name","Proper noun, singular",NA,NA
"Social","NP","Social",6,"name","Proper noun, singular",NA,NA
"Network","NP","Network",7,"name","Proper noun, singular",NA,NA
"Pinterest","NP","<unknown>",9,"name","Proper noun, singular",NA,NA
"Sports","NPS","Sports",6,"name","Proper noun, plural",NA,NA
"Bleacher","NP","Bleacher",8,"name","Proper noun, singular",NA,NA
"Report","NP","Report",6,"name","Proper noun, singular",NA,NA
"ClubCollect","NP","<unknown>",11,"name","Proper noun, singular",NA,NA
"Football","NP","Football",8,"name","Proper noun, singular",NA,NA
"Addicts","NNS","addict",7,"noun","Noun, plural",NA,NA
"Find","VVP","find",4,"verb","Verb, non-3rd person singular present",NA,NA
"a","DT","a",1,"determiner","Determiner",NA,NA
"Player","NP","Player",6,"name","Proper noun, singular",NA,NA
"Sleeperbot","NP","<unknown>",10,"name","Proper noun, singular",NA,NA
"Transportation","NP","Transportation",14,"name","Proper noun, singular",NA,NA
"Ride","NP","<unknown>",4,"name","Proper noun, singular",NA,NA
"Tappsi","NP","<unknown>",6,"name","Proper noun, singular",NA,NA
"Traveling","NP","<unknown>",9,"name","Proper noun, singular",NA,NA
"Aviasales","NP","<unknown>",9,"name","Proper noun, singular",NA,NA
"Lonely","NP","<unknown>",6,"name","Proper noun, singular",NA,NA
"Planet","NP","Planet",6,"name","Proper noun, singular",NA,NA
"Video","NP","Video",5,"name","Proper noun, singular",NA,NA
"Brightcove","NP","<unknown>",10,"name","Proper noun, singular",NA,NA
"Evercam","NP","<unknown>",7,"name","Proper noun, singular",NA,NA
"Contributing","VVG","contribute",12,"verb","Verb, gerund or present participle",NA,NA
"Please","UH","Please",6,"interjection","Interjection",NA,NA
"see","VV","see",3,"verb","Verb, base form",NA,NA
"CONTRIBUTING","NP","<unknown>",12,"name","Proper noun, singular",NA,NA
"CONTRIBUTING","NP","<unknown>",12,"name","Proper noun, singular",NA,NA
".","SENT",".",1,"fullstop","Sentence ending punctuation",NA,NA
"md","NNS","<unknown>",2,"noun","Noun, plural",NA,NA
"for","IN","for",3,"preposition","Preposition or subordinating conjunction",NA,NA
"details","NNS","detail",7,"noun","Noun, plural",NA,NA
".","SENT",".",1,"fullstop","Sentence ending punctuation",NA,NA
