"token","tag","lemma","lttr","wclass","desc","stop","stem"
"dng","NP","<unknown>",3,"name","Proper noun, singular",NA,NA
"Damn","NP","<unknown>",4,"name","Proper noun, singular",NA,NA
"Negative","JJ","negative",8,"adjective","Adjective",NA,NA
"Gearing","NP","Gearing",7,"name","Proper noun, singular",NA,NA
"Build","NP","<unknown>",5,"name","Proper noun, singular",NA,NA
"Status","NP","<unknown>",6,"name","Proper noun, singular",NA,NA
"Information","NP","Information",11,"name","Proper noun, singular",NA,NA
"portal","NN","portal",6,"noun","Noun, singular or mass",NA,NA
"app","NNS","<unknown>",3,"noun","Noun, plural",NA,NA
"for","IN","for",3,"preposition","Preposition or subordinating conjunction",NA,NA
"real","JJ","real",4,"adjective","Adjective",NA,NA
"estate","NN","estate",6,"noun","Noun, singular or mass",NA,NA
"properties","NNS","property",10,"noun","Noun, plural",NA,NA
".","SENT",".",1,"fullstop","Sentence ending punctuation",NA,NA
"API","NP","API",3,"name","Proper noun, singular",NA,NA
"Documentation","NP","<unknown>",13,"name","Proper noun, singular",NA,NA
