"token","tag","lemma","lttr","wclass","desc","stop","stem"
"ease","NN","ease",4,"noun","Noun, singular or mass",NA,NA
"rets","VVZ","ret",4,"verb","Verb, 3rd person singular present",NA,NA
"RETS","NP","<unknown>",4,"name","Proper noun, singular",NA,NA
"Real","NP","Real",4,"name","Proper noun, singular",NA,NA
"Estate","NP","Estate",6,"name","Proper noun, singular",NA,NA
"Alerts","NP","<unknown>",6,"name","Proper noun, singular",NA,NA
"from","IN","from",4,"preposition","Preposition or subordinating conjunction",NA,NA
"your","PP$","your",4,"pronoun","Possessive pronoun",NA,NA
"favorite","JJ","favorite",8,"adjective","Adjective",NA,NA
"zip","NN","zip",3,"noun","Noun, singular or mass",NA,NA
"codes","NNS","code",5,"noun","Noun, plural",NA,NA
