"token","tag","lemma","lttr","wclass","desc","stop","stem"
"HittaHyra","NP","<unknown>",9,"name","Proper noun, singular",NA,NA
"Description","NP","<unknown>",11,"name","Proper noun, singular",NA,NA
"Chenxi","NP","<unknown>",6,"name","Proper noun, singular",NA,NA
"s","NN","S",1,"noun","Noun, singular or mass",NA,NA
"project","NN","project",7,"noun","Noun, singular or mass",NA,NA
"to","TO","to",2,"to","to",NA,NA
"help","VV","help",4,"verb","Verb, base form",NA,NA
"renting","VVG","rent",7,"verb","Verb, gerund or present participle",NA,NA
"residential","JJ","residential",11,"adjective","Adjective",NA,NA
"and","CC","and",3,"conjunction","Coordinating conjunction",NA,NA
"business","NN","business",8,"noun","Noun, singular or mass",NA,NA
"real","JJ","real",4,"adjective","Adjective",NA,NA
"estate","NN","estate",6,"noun","Noun, singular or mass",NA,NA
"easier","RBR","easier",6,"adverb","Adverb, comparative",NA,NA
".","SENT",".",1,"fullstop","Sentence ending punctuation",NA,NA
