"token","tag","lemma","lttr","wclass","desc","stop","stem"
"Real","JJ","real",4,"adjective","Adjective",NA,NA
"Estate","NP","Estate",6,"name","Proper noun, singular",NA,NA
"Engine","NP","Engine",6,"name","Proper noun, singular",NA,NA
"By","IN","by",2,"preposition","Preposition or subordinating conjunction",NA,NA
"Jeremiah","NP","Jeremiah",8,"name","Proper noun, singular",NA,NA
"Leslie","NP","Leslie",6,"name","Proper noun, singular",NA,NA
"Kwarteng","NP","<unknown>",8,"name","Proper noun, singular",NA,NA
"This","DT","this",4,"determiner","Determiner",NA,NA
"is","VBZ","be",2,"verb","Verb, 3rd person singular present of ""to be""",NA,NA
"an","DT","an",2,"determiner","Determiner",NA,NA
"amazing","JJ","amazing",7,"adjective","Adjective",NA,NA
"real","JJ","real",4,"adjective","Adjective",NA,NA
"estate","NN","estate",6,"noun","Noun, singular or mass",NA,NA
"engine","NN","engine",6,"noun","Noun, singular or mass",NA,NA
"that","IN/that","that",4,"preposition","Preposition or subordinating conjunction",NA,NA
"I","PP","I",1,"pronoun","Personal pronoun",NA,NA
"am","VBP","be",2,"verb","Verb, non-3rd person singular present of ""to be""",NA,NA
"developing","VVG","develop",10,"verb","Verb, gerund or present participle",NA,NA
"for","IN","for",3,"preposition","Preposition or subordinating conjunction",NA,NA
"a","DT","a",1,"determiner","Determiner",NA,NA
"client","NN","client",6,"noun","Noun, singular or mass",NA,NA
"of","IN","of",2,"preposition","Preposition or subordinating conjunction",NA,NA
"mine","NN","mine",4,"noun","Noun, singular or mass",NA,NA
"to","TO","to",2,"to","to",NA,NA
"bring","VV","bring",5,"verb","Verb, base form",NA,NA
"the","DT","the",3,"determiner","Determiner",NA,NA
"real","JJ","real",4,"adjective","Adjective",NA,NA
"estate","NN","estate",6,"noun","Noun, singular or mass",NA,NA
"listing","NN","listing",7,"noun","Noun, singular or mass",NA,NA
"business","NN","business",8,"noun","Noun, singular or mass",NA,NA
"to","TO","to",2,"to","to",NA,NA
"the","DT","the",3,"determiner","Determiner",NA,NA
"rest","NN","rest",4,"noun","Noun, singular or mass",NA,NA
"of","IN","of",2,"preposition","Preposition or subordinating conjunction",NA,NA
"Africa","NP","Africa",6,"name","Proper noun, singular",NA,NA
