"token","tag","lemma","lttr","wclass","desc","stop","stem"
"Realty","NP","Realty",6,"name","Proper noun, singular",NA,NA
"Dashboard","NP","<unknown>",9,"name","Proper noun, singular",NA,NA
"A","DT","a",1,"determiner","Determiner",NA,NA
"beta","JJ","beta",4,"adjective","Adjective",NA,NA
"version","NN","version",7,"noun","Noun, singular or mass",NA,NA
"of","IN","of",2,"preposition","Preposition or subordinating conjunction",NA,NA
"possible","JJ","possible",8,"adjective","Adjective",NA,NA
"subscription","NN","subscription",12,"noun","Noun, singular or mass",NA,NA
"based","VVN","base",5,"verb","Verb, past participle",NA,NA
"real","JJ","real",4,"adjective","Adjective",NA,NA
"estate","NN","estate",6,"noun","Noun, singular or mass",NA,NA
"dashboard","NN","dashboard",9,"noun","Noun, singular or mass",NA,NA
"product","NN","product",7,"noun","Noun, singular or mass",NA,NA
".","SENT",".",1,"fullstop","Sentence ending punctuation",NA,NA
