"token","tag","lemma","lttr","wclass","desc","stop","stem"
"This","DT","this",4,"determiner","Determiner",NA,NA
"is","VBZ","be",2,"verb","Verb, 3rd person singular present of ""to be""",NA,NA
"a","DT","a",1,"determiner","Determiner",NA,NA
"responsive","JJ","responsive",10,"adjective","Adjective",NA,NA
"Real","NP","Real",4,"name","Proper noun, singular",NA,NA
"Estate","NP","Estate",6,"name","Proper noun, singular",NA,NA
"landing","NN","landing",7,"noun","Noun, singular or mass",NA,NA
"page","NN","page",4,"noun","Noun, singular or mass",NA,NA
"and","CC","and",3,"conjunction","Coordinating conjunction",NA,NA
"also","RB","also",4,"adverb","Adverb",NA,NA
"my","PP$","my",2,"pronoun","Possessive pronoun",NA,NA
"first","JJ","first",5,"adjective","Adjective",NA,NA
"design","NN","design",6,"noun","Noun, singular or mass",NA,NA
"project","NN","project",7,"noun","Noun, singular or mass",NA,NA
".","SENT",".",1,"fullstop","Sentence ending punctuation",NA,NA
