"token","tag","lemma","lttr","wclass","desc","stop","stem"
"Flat","JJ","flat",4,"adjective","Adjective",NA,NA
"Sales","NNS","sale",5,"noun","Noun, plural",NA,NA
"Flat","JJ","flat",4,"adjective","Adjective",NA,NA
"sales","NNS","sale",5,"noun","Noun, plural",NA,NA
"app","NP","App",3,"name","Proper noun, singular",NA,NA
"for","IN","for",3,"preposition","Preposition or subordinating conjunction",NA,NA
"Real","NP","Real",4,"name","Proper noun, singular",NA,NA
"Estate","NP","Estate",6,"name","Proper noun, singular",NA,NA
"Builders","NPS","Builders",8,"name","Proper noun, plural",NA,NA
"License","NP","License",7,"name","Proper noun, singular",NA,NA
"MIT","NP","MIT",3,"name","Proper noun, singular",NA,NA
