"token","tag","lemma","lttr","wclass","desc","stop","stem"
"Implementation","NN","implementation",14,"noun","Noun, singular or mass",NA,NA
"of","IN","of",2,"preposition","Preposition or subordinating conjunction",NA,NA
"a","DT","a",1,"determiner","Determiner",NA,NA
"Real","NP","Real",4,"name","Proper noun, singular",NA,NA
"Estate","NP","Estate",6,"name","Proper noun, singular",NA,NA
"Management","NP","Management",10,"name","Proper noun, singular",NA,NA
"System","NP","System",6,"name","Proper noun, singular",NA,NA
"with","IN","with",4,"preposition","Preposition or subordinating conjunction",NA,NA
"Flask","NP","<unknown>",5,"name","Proper noun, singular",NA,NA
"and","CC","and",3,"conjunction","Coordinating conjunction",NA,NA
"MySQL","NP","<unknown>",5,"name","Proper noun, singular",NA,NA
".","SENT",".",1,"fullstop","Sentence ending punctuation",NA,NA
