"token","tag","lemma","lttr","wclass","desc","stop","stem"
"mlsDemo","NN","<unknown>",7,"noun","Noun, singular or mass",NA,NA
"A","DT","a",1,"determiner","Determiner",NA,NA
"quick","JJ","quick",5,"adjective","Adjective",NA,NA
"demo","NN","demo",4,"noun","Noun, singular or mass",NA,NA
"real","JJ","real",4,"adjective","Adjective",NA,NA
"estate","NN","estate",6,"noun","Noun, singular or mass",NA,NA
"search","NN","search",6,"noun","Noun, singular or mass",NA,NA
"app","NP","App",3,"name","Proper noun, singular",NA,NA
".","SENT",".",1,"fullstop","Sentence ending punctuation",NA,NA
"Built","VVN","build",5,"verb","Verb, past participle",NA,NA
"with","IN","with",4,"preposition","Preposition or subordinating conjunction",NA,NA
"Material","NP","<unknown>",8,"name","Proper noun, singular",NA,NA
"Angular","NP","<unknown>",7,"name","Proper noun, singular",NA,NA
".","SENT",".",1,"fullstop","Sentence ending punctuation",NA,NA
