"token","tag","lemma","lttr","wclass","desc","stop","stem"
"mooidx","NP","<unknown>",6,"name","Proper noun, singular",NA,NA
"IDX","NP","<unknown>",3,"name","Proper noun, singular",NA,NA
"RETS","NP","<unknown>",4,"name","Proper noun, singular",NA,NA
"FTP","NP","<unknown>",3,"name","Proper noun, singular",NA,NA
"Real","NP","Real",4,"name","Proper noun, singular",NA,NA
"Estate","NP","Estate",6,"name","Proper noun, singular",NA,NA
"Listings","NP","<unknown>",8,"name","Proper noun, singular",NA,NA
"powered","VVD","power",7,"verb","Verb, past tense",NA,NA
"by","IN","by",2,"preposition","Preposition or subordinating conjunction",NA,NA
"Codeigniter","NP","<unknown>",11,"name","Proper noun, singular",NA,NA
"amp","NN","amp",3,"noun","Noun, singular or mass",NA,NA
"PHRETS","NNS","<unknown>",6,"noun","Noun, plural",NA,NA
