"token","tag","lemma","lttr","wclass","desc","stop","stem"
"MRIS","NP","<unknown>",4,"name","Proper noun, singular",NA,NA
"Metropolitan","NP","Metropolitan",12,"name","Proper noun, singular",NA,NA
"Regional","NP","Regional",8,"name","Proper noun, singular",NA,NA
"Information","NP","Information",11,"name","Proper noun, singular",NA,NA
"Systems","NPS","Systems",7,"name","Proper noun, plural",NA,NA
"regional","JJ","regional",8,"adjective","Adjective",NA,NA
"real","JJ","real",4,"adjective","Adjective",NA,NA
"estate","NN","estate",6,"noun","Noun, singular or mass",NA,NA
"sales","NNS","sale",5,"noun","Noun, plural",NA,NA
"and","CC","and",3,"conjunction","Coordinating conjunction",NA,NA
"listings","NNS","listing",8,"noun","Noun, plural",NA,NA
