"token","tag","lemma","lttr","wclass","desc","stop","stem"
"Selenium","NN","selenium",8,"noun","Noun, singular or mass",NA,NA
"Sample","NP","Sample",6,"name","Proper noun, singular",NA,NA
"propertyfinder","NN","<unknown>",14,"noun","Noun, singular or mass",NA,NA
".","SENT",".",1,"fullstop","Sentence ending punctuation",NA,NA
"ae","NNS","<unknown>",2,"noun","Noun, plural",NA,NA
"Selenium","NN","selenium",8,"noun","Noun, singular or mass",NA,NA
"sample","NN","sample",6,"noun","Noun, singular or mass",NA,NA
"for","IN","for",3,"preposition","Preposition or subordinating conjunction",NA,NA
"real","JJ","real",4,"adjective","Adjective",NA,NA
"estate","NN","estate",6,"noun","Noun, singular or mass",NA,NA
"site","NN","site",4,"noun","Noun, singular or mass",NA,NA
".","SENT",".",1,"fullstop","Sentence ending punctuation",NA,NA
"propertyfinder","NN","<unknown>",14,"noun","Noun, singular or mass",NA,NA
".","SENT",".",1,"fullstop","Sentence ending punctuation",NA,NA
"ae","NNS","<unknown>",2,"noun","Noun, plural",NA,NA
".","SENT",".",1,"fullstop","Sentence ending punctuation",NA,NA
"DDD","NNS","<unknown>",3,"noun","Noun, plural",NA,NA
"using","VVG","use",5,"verb","Verb, gerund or present participle",NA,NA
"Excek","NP","<unknown>",5,"name","Proper noun, singular",NA,NA
