"token","tag","lemma","lttr","wclass","desc","stop","stem"
"com","NN","com",3,"noun","Noun, singular or mass",NA,NA
".","SENT",".",1,"fullstop","Sentence ending punctuation",NA,NA
"jrandsolutions","NNS","<unknown>",14,"noun","Noun, plural",NA,NA
"website","NN","website",7,"noun","Noun, singular or mass",NA,NA
"for","IN","for",3,"preposition","Preposition or subordinating conjunction",NA,NA
"a","DT","a",1,"determiner","Determiner",NA,NA
"real","JJ","real",4,"adjective","Adjective",NA,NA
"estate","NN","estate",6,"noun","Noun, singular or mass",NA,NA
"company","NN","company",7,"noun","Noun, singular or mass",NA,NA
"JR","NP","JR",2,"name","Proper noun, singular",NA,NA
"and","CC","and",3,"conjunction","Coordinating conjunction",NA,NA
"Solution","NP","<unknown>",8,"name","Proper noun, singular",NA,NA
