"token","tag","lemma","lttr","wclass","desc","stop","stem"
"explor","NP","<unknown>",6,"name","Proper noun, singular",NA,NA
"Vancouver","NP","Vancouver",9,"name","Proper noun, singular",NA,NA
"real","JJ","real",4,"adjective","Adjective",NA,NA
"estate","NN","estate",6,"noun","Noun, singular or mass",NA,NA
"app","NNS","<unknown>",3,"noun","Noun, plural",NA,NA
"that","WDT","that",4,"determiner","Wh-determiner",NA,NA
"help","VVP","help",4,"verb","Verb, non-3rd person singular present",NA,NA
"buyer","NN","buyer",5,"noun","Noun, singular or mass",NA,NA
"realtor","NN","realtor",7,"noun","Noun, singular or mass",NA,NA
"seller","NN","seller",6,"noun","Noun, singular or mass",NA,NA
"interaction","NN","interaction",11,"noun","Noun, singular or mass",NA,NA
"easier","JJR","easy",6,"adjective","Adjective, comparative",NA,NA
