"token","tag","lemma","lttr","wclass","desc","stop","stem"
"ContextExtractionWebApplication","NP","<unknown>",31,"name","Proper noun, singular",NA,NA
"Web","NP","Web",3,"name","Proper noun, singular",NA,NA
"Application","NP","Application",11,"name","Proper noun, singular",NA,NA
"to","TO","to",2,"to","to",NA,NA
"extract","VV","extract",7,"verb","Verb, base form",NA,NA
"contexts","NNS","context",8,"noun","Noun, plural",NA,NA
"and","CC","and",3,"conjunction","Coordinating conjunction",NA,NA
"locations","NNS","location",9,"noun","Noun, plural",NA,NA
"for","IN","for",3,"preposition","Preposition or subordinating conjunction",NA,NA
"word","NN","word",4,"noun","Noun, singular or mass",NA,NA
"near","IN","near",4,"preposition","Preposition or subordinating conjunction",NA,NA
"from","IN","from",4,"preposition","Preposition or subordinating conjunction",NA,NA
"real","JJ","real",4,"adjective","Adjective",NA,NA
"estate","NN","estate",6,"noun","Noun, singular or mass",NA,NA
"advertisments","NNS","advertisment",13,"noun","Noun, plural",NA,NA
