"token","tag","lemma","lttr","wclass","desc","stop","stem"
"Housimento","NP","<unknown>",10,"name","Proper noun, singular",NA,NA
"A","NP","A",1,"name","Proper noun, singular",NA,NA
"web","NN","web",3,"noun","Noun, singular or mass",NA,NA
"based","VVN","base",5,"verb","Verb, past participle",NA,NA
"dashboard","NN","dashboard",9,"noun","Noun, singular or mass",NA,NA
"application","NN","application",11,"noun","Noun, singular or mass",NA,NA
"for","IN","for",3,"preposition","Preposition or subordinating conjunction",NA,NA
"sentiment","NN","sentiment",9,"noun","Noun, singular or mass",NA,NA
"analysis","NN","analysis",8,"noun","Noun, singular or mass",NA,NA
"related","VVN","relate",7,"verb","Verb, past participle",NA,NA
"to","TO","to",2,"to","to",NA,NA
"real","JJ","real",4,"adjective","Adjective",NA,NA
"estate","NN","estate",6,"noun","Noun, singular or mass",NA,NA
".","SENT",".",1,"fullstop","Sentence ending punctuation",NA,NA
