"token","tag","lemma","lttr","wclass","desc","stop","stem"
"Leech","NP","Leech",5,"name","Proper noun, singular",NA,NA
"A","NP","A",1,"name","Proper noun, singular",NA,NA
"tool","NN","tool",4,"noun","Noun, singular or mass",NA,NA
"to","TO","to",2,"to","to",NA,NA
"track","VV","track",5,"verb","Verb, base form",NA,NA
"property","NN","property",8,"noun","Noun, singular or mass",NA,NA
"underquoting","NN","<unknown>",12,"noun","Noun, singular or mass",NA,NA
"by","IN","by",2,"preposition","Preposition or subordinating conjunction",NA,NA
"unscrupulous","JJ","unscrupulous",12,"adjective","Adjective",NA,NA
"real","JJ","real",4,"adjective","Adjective",NA,NA
"estate","NN","estate",6,"noun","Noun, singular or mass",NA,NA
"agents","NNS","agent",6,"noun","Noun, plural",NA,NA
