"token","tag","lemma","lttr","wclass","desc","stop","stem"
"realestate","NN","realestate",10,"noun","Noun, singular or mass",NA,NA
"broker","NN","broker",6,"noun","Noun, singular or mass",NA,NA
"An","DT","an",2,"determiner","Determiner",NA,NA
"Android","NP","<unknown>",7,"name","Proper noun, singular",NA,NA
"app","NP","App",3,"name","Proper noun, singular",NA,NA
"that","WDT","that",4,"determiner","Wh-determiner",NA,NA
"helps","VVZ","help",5,"verb","Verb, 3rd person singular present",NA,NA
"manage","VV","manage",6,"verb","Verb, base form",NA,NA
"sales","NNS","sale",5,"noun","Noun, plural",NA,NA
"amp","NN","amp",3,"noun","Noun, singular or mass",NA,NA
"leads","VVZ","lead",5,"verb","Verb, 3rd person singular present",NA,NA
"for","IN","for",3,"preposition","Preposition or subordinating conjunction",NA,NA
"real","JJ","real",4,"adjective","Adjective",NA,NA
"estate","NN","estate",6,"noun","Noun, singular or mass",NA,NA
"broker","NN","broker",6,"noun","Noun, singular or mass",NA,NA
".","SENT",".",1,"fullstop","Sentence ending punctuation",NA,NA
