"token","tag","lemma","lttr","wclass","desc","stop","stem"
"myRea","NP","<unknown>",5,"name","Proper noun, singular",NA,NA
"My","NP","My",2,"name","Proper noun, singular",NA,NA
"Real","NP","Real",4,"name","Proper noun, singular",NA,NA
"Estate","NP","Estate",6,"name","Proper noun, singular",NA,NA
"Agent","NP","Agent",5,"name","Proper noun, singular",NA,NA
"myREA","NN","<unknown>",5,"noun","Noun, singular or mass",NA,NA
"This","DT","this",4,"determiner","Determiner",NA,NA
"is","VBZ","be",2,"verb","Verb, 3rd person singular present of ""to be""",NA,NA
"initial","JJ","initial",7,"adjective","Adjective",NA,NA
"version","NN","version",7,"noun","Noun, singular or mass",NA,NA
"of","IN","of",2,"preposition","Preposition or subordinating conjunction",NA,NA
"hybrid","JJ","hybrid",6,"adjective","Adjective",NA,NA
"applivation","NN","<unknown>",11,"noun","Noun, singular or mass",NA,NA
"myRea","NN","<unknown>",5,"noun","Noun, singular or mass",NA,NA
